study_id,effect_id,analytic_n,distinct_profile_signatures,profiles_with_any_missing_demographic,pct_profiles_with_any_missing_demographic,n_f,max_signature_multiplicity_in_panel,max_abs_signature_share_error_pp,same_panel_control_treatment,profile_fields_available,status,control_observed_n,treatment_observed_n,human_control_conditions,human_treatment_conditions,outcome,analytic_sample_definition,human_estimator,population_matching_method
AnsonBRIEF60,AnsonBRIEF60:blue_collar_positivity:hyp1,389,87,55,14.138817480719794,500,45,0.08637532133676101,True,GENDER|race_4|pid_3|age_5|EDUC4|ideo_3,PASS,200,189,Control group 1,Treatment group 1,blue_collar_positivity,pooled respondents in human control/treatment comparison with observed y,unweighted difference in condition means,study_effect_analytic_profile_distribution_unweighted_largest_remainder
AnsonBRIEF60,AnsonBRIEF60:economy_positivity:hyp1,389,87,54,13.881748071979434,500,45,0.08637532133676101,True,GENDER|race_4|pid_3|age_5|EDUC4|ideo_3,PASS,200,189,Control group 1,Treatment group 1,economy_positivity,pooled respondents in human control/treatment comparison with observed y,unweighted difference in condition means,study_effect_analytic_profile_distribution_unweighted_largest_remainder
Blair1131,Blair1131:Approve_Handling:hyp1,378,134,123,32.53968253968254,500,20,0.1354497354497355,True,GENDER|race_4|pid_3|age_5|EDUC4|ideo_3,PASS,189,189,"Male, Democrat, Eric, Not engage|Male, Republican, Eric, Not engage","Male, Democrat, Erica, Not engage|Male, Republican, Erica, Not engage",Approve_Handling,pooled respondents in human control/treatment comparison with observed y,unweighted difference in condition means,study_effect_analytic_profile_distribution_unweighted_largest_remainder
Blair1131,Blair1131:Approve_Handling:hyp2,385,135,113,29.350649350649352,500,20,0.10389610389610407,True,GENDER|race_4|pid_3|age_5|EDUC4|ideo_3,PASS,196,189,"Male, Democrat, Eric Engage|Male, Republican, Eric, Engage","Male, Democrat, Erica, Engage|Male, Republican, Erica, Engage",Approve_Handling,pooled respondents in human control/treatment comparison with observed y,unweighted difference in condition means,study_effect_analytic_profile_distribution_unweighted_largest_remainder
Braman751,Braman751:legitimacy:hyp1,531,107,108,20.338983050847457,500,31,0.12994350282485873,True,GENDER|race_4|pid_3|age_5|EDUC4|ideo_3,PASS,277,254,"Gun Control, Clear Authority, 15% support|Gun Control, Clear Authority, 85% support|Immigration, Clear Authority, 15% support|Immigration, Clear Authority, 85% support","Gun Control, Divided, 85% support|Gun Control, Divided. 15% support|Immigration, Divided, 15% support|Immigration, Divided, 85% support",legitimacy,pooled respondents in human control/treatment comparison with observed y,unweighted difference in condition means,study_effect_analytic_profile_distribution_unweighted_largest_remainder
Braman751,Braman751:legitimacy:hyp2,542,116,112,20.66420664206642,500,35,0.1380073800738007,True,GENDER|race_4|pid_3|age_5|EDUC4|ideo_3,PASS,277,265,"Gun Control, Clear Authority, 15% support|Gun Control, Clear Authority, 85% support|Immigration, Clear Authority, 15% support|Immigration, Clear Authority, 85% support","Gun Control, Clearly No Authority, 15% support|Gun Control, Clearly No Authority, 85% support|Immigration, Clearly No Authority, 15% support|Immigration, Clearly No Authority, 85% support",legitimacy,pooled respondents in human control/treatment comparison with observed y,unweighted difference in condition means,study_effect_analytic_profile_distribution_unweighted_largest_remainder
Braman751,Braman751:pass_legislation:hyp1,726,117,145,19.97245179063361,500,32,0.1283746556473831,True,GENDER|race_4|pid_3|age_5|EDUC4|ideo_3,PASS,356,370,"Gun Control, Clear Authority, 15% support|Gun Control, Clearly No Authority, 15% support|Gun Control, Divided. 15% support|Immigration, Clear Authority, 15% support|Immigration, Divided, 15% support","Gun Control, Clear Authority, 85% support|Gun Control, Clearly No Authority, 85% support|Gun Control, Divided, 85% support|Immigration, Clear Authority, 85% support|Immigration, Clearly No Authority, 85% support|Immigration, Divided, 85% support",pass_legislation,pooled respondents in human control/treatment comparison with observed y,unweighted difference in condition means,study_effect_analytic_profile_distribution_unweighted_largest_remainder
Braman751,Braman751:scholar_credibility:hyp1,344,92,70,20.348837209302324,500,35,0.10930232558139535,True,GENDER|race_4|pid_3|age_5|EDUC4|ideo_3,PASS,176,168,"Gun Control, Clear Authority, 15% support|Gun Control, Clear Authority, 85% support|Immigration, Clear Authority, 15% support|Immigration, Clear Authority, 85% support","Gun Control, Divided, 85% support|Gun Control, Divided. 15% support|Immigration, Divided, 15% support|Immigration, Divided, 85% support",scholar_credibility,pooled respondents in human control/treatment comparison with observed y,unweighted difference in condition means,study_effect_analytic_profile_distribution_unweighted_largest_remainder
Braman751,Braman751:scholar_credibility:hyp2,338,93,69,20.414201183431953,500,41,0.10414201183431954,True,GENDER|race_4|pid_3|age_5|EDUC4|ideo_3,PASS,176,162,"Gun Control, Clear Authority, 15% support|Gun Control, Clear Authority, 85% support|Immigration, Clear Authority, 15% support|Immigration, Clear Authority, 85% support","Gun Control, Clearly No Authority, 15% support|Gun Control, Clearly No Authority, 85% support|Immigration, Clearly No Authority, 15% support|Immigration, Clearly No Authority, 85% support",scholar_credibility,pooled respondents in human control/treatment comparison with observed y,unweighted difference in condition means,study_effect_analytic_profile_distribution_unweighted_largest_remainder
CalarcoS38,CalarcoS38:Approval:hyp1,2002,218,549,27.422577422577422,500,19,0.10029970029970031,True,GENDER|race_4|pid_3|age_5|EDUC4|ideo_3,PASS,650,1352,"HIGH STATUS, NO DRINKING, NO WARNING|HIGH STATUS, NO DRINKING, WARNING|LOW STATUS, NO DRINKING, NO WARNING|LOW STATUS, NO DRINKING, WARNING","HIGH STATUS, HEAVY DRINKIG, WARNING|HIGH STATUS, HEAVY DRINKING, NO WARNING|HIGH STATUS, LIGHT DRINKING, NO WARNING|HIGH STATUS, LIGHT DRINKING, WARNING|LOW STATUS, HEAVY DRINKING, NO WARNING|LOW STATUS, HEAVY DRINKING, WARNING|LOW STATUS, LIGHT DRINKING, NO WARNING|LOW STATUS, LIGHT DRINKING, WARNING",Approval,pooled respondents in human control/treatment comparison with observed y,unweighted difference in condition means,study_effect_analytic_profile_distribution_unweighted_largest_remainder
CalarcoS38,CalarcoS38:Approval:hyp2,1355,203,350,25.830258302583026,500,22,0.11439114391143916,True,GENDER|race_4|pid_3|age_5|EDUC4|ideo_3,PASS,650,705,"HIGH STATUS, NO DRINKING, NO WARNING|HIGH STATUS, NO DRINKING, WARNING|LOW STATUS, NO DRINKING, NO WARNING|LOW STATUS, NO DRINKING, WARNING","HIGH STATUS, LIGHT DRINKING, NO WARNING|HIGH STATUS, LIGHT DRINKING, WARNING|LOW STATUS, LIGHT DRINKING, NO WARNING|LOW STATUS, LIGHT DRINKING, WARNING",Approval,pooled respondents in human control/treatment comparison with observed y,unweighted difference in condition means,study_effect_analytic_profile_distribution_unweighted_largest_remainder
CalarcoS38,CalarcoS38:Approval:hyp3,705,161,185,26.24113475177305,500,24,0.10921985815602833,True,GENDER|race_4|pid_3|age_5|EDUC4|ideo_3,PASS,331,374,"HIGH STATUS, LIGHT DRINKING, NO WARNING|HIGH STATUS, LIGHT DRINKING, WARNING","LOW STATUS, LIGHT DRINKING, NO WARNING|LOW STATUS, LIGHT DRINKING, WARNING",Approval,pooled respondents in human control/treatment comparison with observed y,unweighted difference in condition means,study_effect_analytic_profile_distribution_unweighted_largest_remainder
Campbell1308,Campbell1308:Gender Roles:hyp1,991,37,233,23.511604439959637,500,46,0.10090817356205853,True,GENDER|race_4|pid_3|age_5,PASS,258,733,Control,Democratic story|Non-Partisan story|Republican story,Gender Roles,pooled respondents in human control/treatment comparison with observed y,unweighted difference in condition means,study_effect_analytic_profile_distribution_unweighted_largest_remainder
Campbell1308,Campbell1308:Political Engagement:hyp1,973,37,230,23.638232271325798,500,47,0.10832476875642341,True,GENDER|race_4|pid_3|age_5,PASS,257,716,Control,Democratic story|Non-Partisan story|Republican story,Political Engagement,pooled respondents in human control/treatment comparison with observed y,unweighted difference in condition means,study_effect_analytic_profile_distribution_unweighted_largest_remainder
Campbell1308,Campbell1308:Political Responsiveness:hyp1,974,37,229,23.51129363449692,500,47,0.1080082135523614,True,GENDER|race_4|pid_3|age_5,PASS,257,717,Control,Democratic story|Non-Partisan story|Republican story,Political Responsiveness,pooled respondents in human control/treatment comparison with observed y,unweighted difference in condition means,study_effect_analytic_profile_distribution_unweighted_largest_remainder
Cohen1099,Cohen1099:Accounting:hyp1,1592,227,448,28.14070351758794,500,19,0.09748743718592966,True,GENDER|race_4|pid_3|age_5|EDUC4|ideo_3,PASS,794,798,"male, upper class, no debt|male, upper class, no info|male, upper class, student loans|male, working class, no debt|male, working class, no info|male, working class, student loans","female, upper class, no debt|female, upper class, no info|female, upper class, student loans|female, working class, no debt|female, working class, no info|female, working class, student loans",Accounting,pooled respondents in human control/treatment comparison with observed y,unweighted difference in condition means,study_effect_analytic_profile_distribution_unweighted_largest_remainder
Cohen1099,Cohen1099:Accounting:hyp2,1079,202,297,27.52548656163114,500,19,0.10732159406858202,True,GENDER|race_4|pid_3|age_5|EDUC4|ideo_3,PASS,519,560,"female, upper class, no debt|female, working class, no debt|male, upper class, no debt|male, working class, no debt","female, upper class, student loans|female, working class, student loans|male, upper class, student loans|male, working class, student loans",Accounting,pooled respondents in human control/treatment comparison with observed y,unweighted difference in condition means,study_effect_analytic_profile_distribution_unweighted_largest_remainder
Cohen1099,Cohen1099:History:hyp1,1596,226,448,28.07017543859649,500,19,0.10827067669172928,True,GENDER|race_4|pid_3|age_5|EDUC4|ideo_3,PASS,797,799,"male, upper class, no debt|male, upper class, no info|male, upper class, student loans|male, working class, no debt|male, working class, no info|male, working class, student loans","female, upper class, no debt|female, upper class, no info|female, upper class, student loans|female, working class, no debt|female, working class, no info|female, working class, student loans",History,pooled respondents in human control/treatment comparison with observed y,unweighted difference in condition means,study_effect_analytic_profile_distribution_unweighted_largest_remainder
Cohen1099,Cohen1099:Nursing:hyp1,1591,225,445,27.96983029541169,500,19,0.10295411690760502,True,GENDER|race_4|pid_3|age_5|EDUC4|ideo_3,PASS,794,797,"male, upper class, no debt|male, upper class, no info|male, upper class, student loans|male, working class, no debt|male, working class, no info|male, working class, student loans","female, upper class, no debt|female, upper class, no info|female, upper class, student loans|female, working class, no debt|female, working class, no info|female, working class, student loans",Nursing,pooled respondents in human control/treatment comparison with observed y,unweighted difference in condition means,study_effect_analytic_profile_distribution_unweighted_largest_remainder
Cohen1099,Cohen1099:Nursing:hyp2,1080,200,296,27.40740740740741,500,19,0.10740740740740741,True,GENDER|race_4|pid_3|age_5|EDUC4|ideo_3,PASS,519,561,"female, upper class, no debt|female, working class, no debt|male, upper class, no debt|male, working class, no debt","female, upper class, student loans|female, working class, student loans|male, upper class, student loans|male, working class, student loans",Nursing,pooled respondents in human control/treatment comparison with observed y,unweighted difference in condition means,study_effect_analytic_profile_distribution_unweighted_largest_remainder
CorstangeBRIEF69,CorstangeBRIEF69:welcome_refugees:hyp1,528,117,110,20.833333333333332,500,30,0.13636363636363638,True,GENDER|race_4|pid_3|age_5|EDUC4|ideo_3,PASS,260,268,Group 1,Group 2,welcome_refugees,pooled respondents in human control/treatment comparison with observed y,unweighted difference in condition means,study_effect_analytic_profile_distribution_unweighted_largest_remainder
CorstangeBRIEF69,CorstangeBRIEF69:welcome_refugees:hyp2,518,115,112,21.62162162162162,500,29,0.1444015444015444,True,GENDER|race_4|pid_3|age_5|EDUC4|ideo_3,PASS,260,258,Group 1,Group 3,welcome_refugees,pooled respondents in human control/treatment comparison with observed y,unweighted difference in condition means,study_effect_analytic_profile_distribution_unweighted_largest_remainder
Enos700,Enos700:modern_racism1:hyp1,715,125,137,19.16083916083916,500,26,0.11468531468531509,True,GENDER|race_4|pid_3|age_5|EDUC4|ideo_3,PASS,263,452,Black,Mauritanian|Surinamese,modern_racism1,pooled respondents in human control/treatment comparison with observed y,unweighted difference in condition means,study_effect_analytic_profile_distribution_unweighted_largest_remainder
FaheyS78,FaheyS78:cancel culture:hyp1,2002,194,478,23.876123876123877,500,22,0.10089910089910084,True,GENDER|race_4|pid_3|age_5|EDUC4|ideo_3,PASS,992,1010,Conservative * No Cancel|Liberal * No Cancel,Conservative * Cancel|Liberal * Cancel,cancel culture,pooled respondents in human control/treatment comparison with observed y,unweighted difference in condition means,study_effect_analytic_profile_distribution_unweighted_largest_remainder
FarrowS6,FarrowS6:Disappointment:hyp1,974,166,407,41.7864476386037,500,19,0.10266940451745381,True,GENDER|race_4|pid_3|age_5|EDUC4|ideo_3,PASS,483,491,Condition 1 disappointment,Condition 2 disappointment,Disappointment,pooled respondents in human control/treatment comparison with observed y,unweighted difference in condition means,study_effect_analytic_profile_distribution_unweighted_largest_remainder
Haaland874,Haaland874:Affirmative action: Assistance:hyp1,1533,183,364,23.744292237442924,500,19,0.13476842791911287,True,GENDER|race_4|pid_3|age_5|EDUC4|ideo_3,PASS,754,779,CONTROL,TREATMENT,Affirmative action: Assistance,pooled respondents in human control/treatment comparison with observed y,unweighted difference in condition means,study_effect_analytic_profile_distribution_unweighted_largest_remainder
Haaland874,Haaland874:Affirmative action: Preference:hyp1,1535,183,362,23.583061889250814,500,19,0.13485342019543975,True,GENDER|race_4|pid_3|age_5|EDUC4|ideo_3,PASS,753,782,CONTROL,TREATMENT,Affirmative action: Preference,pooled respondents in human control/treatment comparison with observed y,unweighted difference in condition means,study_effect_analytic_profile_distribution_unweighted_largest_remainder
Haaland874,Haaland874:Racial Discrimination perception:hyp1,1538,184,365,23.73211963589077,500,19,0.13498049414824448,True,GENDER|race_4|pid_3|age_5|EDUC4|ideo_3,PASS,757,781,CONTROL,TREATMENT,Racial Discrimination perception,pooled respondents in human control/treatment comparison with observed y,unweighted difference in condition means,study_effect_analytic_profile_distribution_unweighted_largest_remainder
HankinsonS22,HankinsonS22:Clinic_support:hyp1,2000,221,602,30.1,500,23,0.10000000000000009,True,GENDER|race_4|pid_3|age_5|EDUC4|ideo_3,PASS,980,1020,Near Treatment,Far Treatment,Clinic_support,pooled respondents in human control/treatment comparison with observed y,unweighted difference in condition means,study_effect_analytic_profile_distribution_unweighted_largest_remainder
Howard823,Howard823:Willingness_to_spend_on_optional_expense:hyp1,854,128,149,17.447306791569087,500,33,0.117096018735363,True,GENDER|race_4|pid_3|age_5|EDUC4|ideo_3,PASS,444,410,Control,Experimental Different,Willingness_to_spend_on_optional_expense,pooled respondents in human control/treatment comparison with observed y,unweighted difference in condition means,study_effect_analytic_profile_distribution_unweighted_largest_remainder
Howard823,Howard823:Willingness_to_spend_on_optional_expense:hyp2,827,132,158,19.105199516324063,500,26,0.12091898428053204,True,GENDER|race_4|pid_3|age_5|EDUC4|ideo_3,PASS,417,410,Experimental Similar,Experimental Different,Willingness_to_spend_on_optional_expense,pooled respondents in human control/treatment comparison with observed y,unweighted difference in condition means,study_effect_analytic_profile_distribution_unweighted_largest_remainder
Howard823,Howard823:financial_slack:hyp1,851,126,149,17.508813160987074,500,32,0.11750881316098707,True,GENDER|race_4|pid_3|age_5|EDUC4|ideo_3,PASS,443,408,Control,Experimental Different,financial_slack,pooled respondents in human control/treatment comparison with observed y,unweighted difference in condition means,study_effect_analytic_profile_distribution_unweighted_largest_remainder
Howard823,Howard823:financial_slack:hyp2,825,130,160,19.393939393939394,500,26,0.12121212121212122,True,GENDER|race_4|pid_3|age_5|EDUC4|ideo_3,PASS,417,408,Experimental Similar,Experimental Different,financial_slack,pooled respondents in human control/treatment comparison with observed y,unweighted difference in condition means,study_effect_analytic_profile_distribution_unweighted_largest_remainder
Iles1294,Iles1294:Confusing:hyp1,1026,155,243,23.68421052631579,500,27,0.10253411306042887,True,GENDER|race_4|pid_3|age_5|EDUC4|ideo_3,PASS,258,768,Experimental condition 4 (no conflict control)|Experimental condition 8 (no conflict control),Experimental condition 1 (conflict in evidence)|Experimental condition 2 (conflict between sources)|Experimental condition 3 (conflict within source)|Experimental condition 5 (conflict in evidence)|Experimental condition 6 (conflict between sources)|Experimental condition 7 (conflict within source),Confusing,pooled respondents in human control/treatment comparison with observed y,unweighted difference in condition means,study_effect_analytic_profile_distribution_unweighted_largest_remainder
Iles1294,Iles1294:Confusing:hyp2,508,122,128,25.19685039370079,500,27,0.1622047244094489,True,GENDER|race_4|pid_3|age_5|EDUC4|ideo_3,PASS,254,254,Experimental condition 1 (conflict in evidence)|Experimental condition 5 (conflict in evidence),Experimental condition 2 (conflict between sources)|Experimental condition 6 (conflict between sources),Confusing,pooled respondents in human control/treatment comparison with observed y,unweighted difference in condition means,study_effect_analytic_profile_distribution_unweighted_largest_remainder
Iles1294,Iles1294:Confusing:hyp3,514,127,122,23.735408560311285,500,27,0.15642023346303502,True,GENDER|race_4|pid_3|age_5|EDUC4|ideo_3,PASS,260,254,Experimental condition 3 (conflict within source)|Experimental condition 7 (conflict within source),Experimental condition 2 (conflict between sources)|Experimental condition 6 (conflict between sources),Confusing,pooled respondents in human control/treatment comparison with observed y,unweighted difference in condition means,study_effect_analytic_profile_distribution_unweighted_largest_remainder
Iles1294,Iles1294:Frustrated:hyp1,1026,155,243,23.68421052631579,500,27,0.10253411306042887,True,GENDER|race_4|pid_3|age_5|EDUC4|ideo_3,PASS,258,768,Experimental condition 4 (no conflict control)|Experimental condition 8 (no conflict control),Experimental condition 1 (conflict in evidence)|Experimental condition 2 (conflict between sources)|Experimental condition 3 (conflict within source)|Experimental condition 5 (conflict in evidence)|Experimental condition 6 (conflict between sources)|Experimental condition 7 (conflict within source),Frustrated,pooled respondents in human control/treatment comparison with observed y,unweighted difference in condition means,study_effect_analytic_profile_distribution_unweighted_largest_remainder
Iles1294,Iles1294:Frustrated:hyp2,508,122,128,25.19685039370079,500,27,0.1622047244094489,True,GENDER|race_4|pid_3|age_5|EDUC4|ideo_3,PASS,254,254,Experimental condition 1 (conflict in evidence)|Experimental condition 5 (conflict in evidence),Experimental condition 2 (conflict between sources)|Experimental condition 6 (conflict between sources),Frustrated,pooled respondents in human control/treatment comparison with observed y,unweighted difference in condition means,study_effect_analytic_profile_distribution_unweighted_largest_remainder
Iles1294,Iles1294:Frustrated:hyp3,514,127,122,23.735408560311285,500,27,0.15642023346303502,True,GENDER|race_4|pid_3|age_5|EDUC4|ideo_3,PASS,260,254,Experimental condition 3 (conflict within source)|Experimental condition 7 (conflict within source),Experimental condition 2 (conflict between sources)|Experimental condition 6 (conflict between sources),Frustrated,pooled respondents in human control/treatment comparison with observed y,unweighted difference in condition means,study_effect_analytic_profile_distribution_unweighted_largest_remainder
Iles1294,Iles1294:collaborative:hyp1,1027,155,243,23.661148977604675,500,27,0.10262901655306719,True,GENDER|race_4|pid_3|age_5|EDUC4|ideo_3,PASS,258,769,Experimental condition 4 (no conflict control)|Experimental condition 8 (no conflict control),Experimental condition 1 (conflict in evidence)|Experimental condition 2 (conflict between sources)|Experimental condition 3 (conflict within source)|Experimental condition 5 (conflict in evidence)|Experimental condition 6 (conflict between sources)|Experimental condition 7 (conflict within source),collaborative,pooled respondents in human control/treatment comparison with observed y,unweighted difference in condition means,study_effect_analytic_profile_distribution_unweighted_largest_remainder
Iles1294,Iles1294:collaborative:hyp2,509,122,128,25.147347740667975,500,27,0.16110019646365414,True,GENDER|race_4|pid_3|age_5|EDUC4|ideo_3,PASS,255,254,Experimental condition 1 (conflict in evidence)|Experimental condition 5 (conflict in evidence),Experimental condition 2 (conflict between sources)|Experimental condition 6 (conflict between sources),collaborative,pooled respondents in human control/treatment comparison with observed y,unweighted difference in condition means,study_effect_analytic_profile_distribution_unweighted_largest_remainder
Iles1294,Iles1294:collaborative:hyp3,514,127,122,23.735408560311285,500,27,0.15642023346303502,True,GENDER|race_4|pid_3|age_5|EDUC4|ideo_3,PASS,260,254,Experimental condition 3 (conflict within source)|Experimental condition 7 (conflict within source),Experimental condition 2 (conflict between sources)|Experimental condition 6 (conflict between sources),collaborative,pooled respondents in human control/treatment comparison with observed y,unweighted difference in condition means,study_effect_analytic_profile_distribution_unweighted_largest_remainder
Kennedy1017,Kennedy1017:Family_approval:hyp1,1282,198,375,29.25117004680187,500,24,0.121996879875195,True,GENDER|race_4|pid_3|age_5|EDUC4|ideo_3,PASS,648,634,Green; Low,Green; High,Family_approval,pooled respondents in human control/treatment comparison with observed y,unweighted difference in condition means,study_effect_analytic_profile_distribution_unweighted_largest_remainder
Kennedy1017,Kennedy1017:Family_approval:hyp2,2563,228,760,29.652750682793602,500,25,0.10292625829106498,True,GENDER|race_4|pid_3|age_5|EDUC4|ideo_3,PASS,1281,1282,Not Green; High|Not Green; Low,Green; High|Green; Low,Family_approval,pooled respondents in human control/treatment comparison with observed y,unweighted difference in condition means,study_effect_analytic_profile_distribution_unweighted_largest_remainder
Kennedy1017,Kennedy1017:Family_friends:hyp1,1279,196,373,29.16340891321345,500,24,0.12181391712275215,True,GENDER|race_4|pid_3|age_5|EDUC4|ideo_3,PASS,648,631,Green; Low,Green; High,Family_friends,pooled respondents in human control/treatment comparison with observed y,unweighted difference in condition means,study_effect_analytic_profile_distribution_unweighted_largest_remainder
Kennedy1017,Kennedy1017:Family_friends:hyp2,2566,227,763,29.734996102883866,500,26,0.09851909586905691,True,GENDER|race_4|pid_3|age_5|EDUC4|ideo_3,PASS,1287,1279,Not Green; High|Not Green; Low,Green; High|Green; Low,Family_friends,pooled respondents in human control/treatment comparison with observed y,unweighted difference in condition means,study_effect_analytic_profile_distribution_unweighted_largest_remainder
Kennedy1017,Kennedy1017:Family_knowledge:hyp1,1274,197,372,29.199372056514914,500,23,0.12150706436420723,True,GENDER|race_4|pid_3|age_5|EDUC4|ideo_3,PASS,642,632,Green; Low,Green; High,Family_knowledge,pooled respondents in human control/treatment comparison with observed y,unweighted difference in condition means,study_effect_analytic_profile_distribution_unweighted_largest_remainder
Kennedy1017,Kennedy1017:Family_knowledge:hyp2,2560,228,761,29.7265625,500,26,0.12031249999999993,True,GENDER|race_4|pid_3|age_5|EDUC4|ideo_3,PASS,1286,1274,Not Green; High|Not Green; Low,Green; High|Green; Low,Family_knowledge,pooled respondents in human control/treatment comparison with observed y,unweighted difference in condition means,study_effect_analytic_profile_distribution_unweighted_largest_remainder
KlarS44,KlarS44:efficacy:hyp1,1379,204,389,28.20884699057288,500,19,0.11225525743292236,True,GENDER|race_4|pid_3|age_5|EDUC4|ideo_3,PASS,702,677,PARTISAN,CONTROL,efficacy,pooled respondents in human control/treatment comparison with observed y,unweighted difference in condition means,study_effect_analytic_profile_distribution_unweighted_largest_remainder
KlarS44,KlarS44:efficacy:hyp2,1432,218,407,28.421787709497206,500,18,0.12067039106145251,True,GENDER|race_4|pid_3|age_5|EDUC4|ideo_3,PASS,702,730,PARTISAN,GENDER,efficacy,pooled respondents in human control/treatment comparison with observed y,unweighted difference in condition means,study_effect_analytic_profile_distribution_unweighted_largest_remainder
KlarS44,KlarS44:importance:hyp1,1382,204,390,28.21997105643994,500,19,0.11056439942112883,True,GENDER|race_4|pid_3|age_5|EDUC4|ideo_3,PASS,704,678,PARTISAN,CONTROL,importance,pooled respondents in human control/treatment comparison with observed y,unweighted difference in condition means,study_effect_analytic_profile_distribution_unweighted_largest_remainder
KlarS44,KlarS44:importance:hyp2,1435,219,408,28.43205574912892,500,18,0.12125435540069687,True,GENDER|race_4|pid_3|age_5|EDUC4|ideo_3,PASS,704,731,PARTISAN,GENDER,importance,pooled respondents in human control/treatment comparison with observed y,unweighted difference in condition means,study_effect_analytic_profile_distribution_unweighted_largest_remainder
KlarS44,KlarS44:support_candidate:hyp1,1381,204,388,28.095582910934105,500,19,0.11035481535119482,True,GENDER|race_4|pid_3|age_5|EDUC4|ideo_3,PASS,705,676,PARTISAN,CONTROL,support_candidate,pooled respondents in human control/treatment comparison with observed y,unweighted difference in condition means,study_effect_analytic_profile_distribution_unweighted_largest_remainder
KlarS44,KlarS44:support_candidate:hyp2,1437,219,407,28.322894919972164,500,18,0.12164231036882393,True,GENDER|race_4|pid_3|age_5|EDUC4|ideo_3,PASS,705,732,PARTISAN,GENDER,support_candidate,pooled respondents in human control/treatment comparison with observed y,unweighted difference in condition means,study_effect_analytic_profile_distribution_unweighted_largest_remainder
McGinty730,McGinty730:social_stigma:hyp1,690,127,123,17.82608695652174,500,25,0.10434782608695642,True,GENDER|race_4|pid_3|age_5|EDUC4|ideo_3,PASS,340,350,No narrative,Successful Treatment Engagement & Recovery,social_stigma,pooled respondents in human control/treatment comparison with observed y,unweighted difference in condition means,study_effect_analytic_profile_distribution_unweighted_largest_remainder
McGinty730,McGinty730:social_stigma:hyp2,1046,146,176,16.826003824091778,500,27,0.10439770554493309,True,GENDER|race_4|pid_3|age_5|EDUC4|ideo_3,PASS,340,706,No narrative,Unsuccessful Treatment Engagement (Individual Choice)|Unsuccessful Treatment Engagement (Policy Failure),social_stigma,pooled respondents in human control/treatment comparison with observed y,unweighted difference in condition means,study_effect_analytic_profile_distribution_unweighted_largest_remainder
McGinty730,McGinty730:social_stigma:hyp3,1038,145,173,16.666666666666668,500,26,0.10366088631984585,True,GENDER|race_4|pid_3|age_5|EDUC4|ideo_3,PASS,340,698,No narrative,Unsuccessful Treatment Engagement (Individual Choice) + Stranger Violence|Unsuccessful Treatment Engagement (Policy Failure) + Stranger Violence,social_stigma,pooled respondents in human control/treatment comparison with observed y,unweighted difference in condition means,study_effect_analytic_profile_distribution_unweighted_largest_remainder
McGinty730,McGinty730:social_stigma:hyp4,1066,144,195,18.29268292682927,500,27,0.10619136960600375,True,GENDER|race_4|pid_3|age_5|EDUC4|ideo_3,PASS,340,726,No narrative,Unsuccessful Treatment Engagement (Individual Choice) + Family Violence|Unsuccessful treatment Engagement (Policy Failure) + Family Violence,social_stigma,pooled respondents in human control/treatment comparison with observed y,unweighted difference in condition means,study_effect_analytic_profile_distribution_unweighted_largest_remainder
McGinty730,McGinty730:treatment_support:hyp1,691,127,123,17.80028943560058,500,25,0.10246020260492039,True,GENDER|race_4|pid_3|age_5|EDUC4|ideo_3,PASS,341,350,No narrative,Successful Treatment Engagement & Recovery,treatment_support,pooled respondents in human control/treatment comparison with observed y,unweighted difference in condition means,study_effect_analytic_profile_distribution_unweighted_largest_remainder
McGinty730,McGinty730:treatment_support:hyp2,1051,146,176,16.74595623215985,500,27,0.10485252140818267,True,GENDER|race_4|pid_3|age_5|EDUC4|ideo_3,PASS,341,710,No narrative,Unsuccessful Treatment Engagement (Individual Choice)|Unsuccessful Treatment Engagement (Policy Failure),treatment_support,pooled respondents in human control/treatment comparison with observed y,unweighted difference in condition means,study_effect_analytic_profile_distribution_unweighted_largest_remainder
McGinty730,McGinty730:treatment_support:hyp3,1043,146,176,16.874400767018216,500,26,0.10412272291466923,True,GENDER|race_4|pid_3|age_5|EDUC4|ideo_3,PASS,341,702,No narrative,Unsuccessful Treatment Engagement (Individual Choice) + Stranger Violence|Unsuccessful Treatment Engagement (Policy Failure) + Stranger Violence,treatment_support,pooled respondents in human control/treatment comparison with observed y,unweighted difference in condition means,study_effect_analytic_profile_distribution_unweighted_largest_remainder
McGinty730,McGinty730:treatment_support:hyp4,1069,144,195,18.24134705332086,500,27,0.10645463049579046,True,GENDER|race_4|pid_3|age_5|EDUC4|ideo_3,PASS,341,728,No narrative,Unsuccessful Treatment Engagement (Individual Choice) + Family Violence|Unsuccessful treatment Engagement (Policy Failure) + Family Violence,treatment_support,pooled respondents in human control/treatment comparison with observed y,unweighted difference in condition means,study_effect_analytic_profile_distribution_unweighted_largest_remainder
McGinty730,McGinty730:willingness_to_pay_mentalhealthservices:hyp1,693,126,123,17.748917748917748,500,25,0.10129870129870125,True,GENDER|race_4|pid_3|age_5|EDUC4|ideo_3,PASS,340,353,No narrative,Successful Treatment Engagement & Recovery,willingness_to_pay_mentalhealthservices,pooled respondents in human control/treatment comparison with observed y,unweighted difference in condition means,study_effect_analytic_profile_distribution_unweighted_largest_remainder
McGinty730,McGinty730:willingness_to_pay_mentalhealthservices:hyp2,1048,144,175,16.698473282442748,500,27,0.10458015267175574,True,GENDER|race_4|pid_3|age_5|EDUC4|ideo_3,PASS,340,708,No narrative,Unsuccessful Treatment Engagement (Individual Choice)|Unsuccessful Treatment Engagement (Policy Failure),willingness_to_pay_mentalhealthservices,pooled respondents in human control/treatment comparison with observed y,unweighted difference in condition means,study_effect_analytic_profile_distribution_unweighted_largest_remainder
McGinty730,McGinty730:willingness_to_pay_mentalhealthservices:hyp3,1042,146,176,16.89059500959693,500,26,0.10403071017274473,True,GENDER|race_4|pid_3|age_5|EDUC4|ideo_3,PASS,340,702,No narrative,Unsuccessful Treatment Engagement (Individual Choice) + Stranger Violence|Unsuccessful Treatment Engagement (Policy Failure) + Stranger Violence,willingness_to_pay_mentalhealthservices,pooled respondents in human control/treatment comparison with observed y,unweighted difference in condition means,study_effect_analytic_profile_distribution_unweighted_largest_remainder
McGinty730,McGinty730:willingness_to_pay_mentalhealthservices:hyp4,1069,143,195,18.24134705332086,500,27,0.10645463049579046,True,GENDER|race_4|pid_3|age_5|EDUC4|ideo_3,PASS,340,729,No narrative,Unsuccessful Treatment Engagement (Individual Choice) + Family Violence|Unsuccessful treatment Engagement (Policy Failure) + Family Violence,willingness_to_pay_mentalhealthservices,pooled respondents in human control/treatment comparison with observed y,unweighted difference in condition means,study_effect_analytic_profile_distribution_unweighted_largest_remainder
Melin1066,Melin1066:Capable:hyp1,548,158,161,29.37956204379562,500,19,0.12992700729927004,True,GENDER|race_4|pid_3|age_5|EDUC4|ideo_3,PASS,275,273,“Cosmetics/Automotive”,“Military/Automotive”,Capable,pooled respondents in human control/treatment comparison with observed y,unweighted difference in condition means,study_effect_analytic_profile_distribution_unweighted_largest_remainder
Melin1066,Melin1066:Capable:hyp2,567,163,181,31.922398589065256,500,17,0.12910052910052905,True,GENDER|race_4|pid_3|age_5|EDUC4|ideo_3,PASS,297,270,“Cosmetics/Consulting”,“Military/Consulting”,Capable,pooled respondents in human control/treatment comparison with observed y,unweighted difference in condition means,study_effect_analytic_profile_distribution_unweighted_largest_remainder
Melin1066,Melin1066:Capable:hyp3,562,156,160,28.469750889679716,500,20,0.13380782918149467,True,GENDER|race_4|pid_3|age_5|EDUC4|ideo_3,PASS,262,300,“Cosmetics/Wedding”,“Military/Wedding”,Capable,pooled respondents in human control/treatment comparison with observed y,unweighted difference in condition means,study_effect_analytic_profile_distribution_unweighted_largest_remainder
Melin1066,Melin1066:masculine:hyp1,524,152,150,28.625954198473284,500,18,0.14503816793893126,True,GENDER|race_4|pid_3|age_5|EDUC4|ideo_3,PASS,261,263,“Cosmetics/Automotive”,“Military/Automotive”,masculine,pooled respondents in human control/treatment comparison with observed y,unweighted difference in condition means,study_effect_analytic_profile_distribution_unweighted_largest_remainder
Melin1066,Melin1066:masculine:hyp2,545,161,172,31.559633027522935,500,15,0.1339449541284404,True,GENDER|race_4|pid_3|age_5|EDUC4|ideo_3,PASS,284,261,“Cosmetics/Consulting”,“Military/Consulting”,masculine,pooled respondents in human control/treatment comparison with observed y,unweighted difference in condition means,study_effect_analytic_profile_distribution_unweighted_largest_remainder
Melin1066,Melin1066:masculine:hyp3,536,152,155,28.917910447761194,500,18,0.1462686567164179,True,GENDER|race_4|pid_3|age_5|EDUC4|ideo_3,PASS,244,292,“Cosmetics/Wedding”,“Military/Wedding”,masculine,pooled respondents in human control/treatment comparison with observed y,unweighted difference in condition means,study_effect_analytic_profile_distribution_unweighted_largest_remainder
Merolla843,Merolla843:foreign_policy:hyp1,324,90,59,18.209876543209877,500,31,0.10864197530864195,True,GENDER|race_4|pid_3|age_5|EDUC4|ideo_3,PASS,165,159,relaxation_condition,anger_condtion,foreign_policy,pooled respondents in human control/treatment comparison with observed y,unweighted difference in condition means,study_effect_analytic_profile_distribution_unweighted_largest_remainder
Merolla843,Merolla843:foreign_policy:hyp2,338,91,55,16.272189349112427,500,34,0.10414201183431954,True,GENDER|race_4|pid_3|age_5|EDUC4|ideo_3,PASS,165,173,relaxation_condition,fear/anxiety_condtion,foreign_policy,pooled respondents in human control/treatment comparison with observed y,unweighted difference in condition means,study_effect_analytic_profile_distribution_unweighted_largest_remainder
Merolla843,Merolla843:foreign_policy:hyp3,332,98,56,16.867469879518072,500,35,0.10120481927710845,True,GENDER|race_4|pid_3|age_5|EDUC4|ideo_3,PASS,173,159,fear/anxiety_condtion,anger_condtion,foreign_policy,pooled respondents in human control/treatment comparison with observed y,unweighted difference in condition means,study_effect_analytic_profile_distribution_unweighted_largest_remainder
Merolla843,Merolla843:hillary_clinton_leadership:hyp1,406,105,68,16.748768472906406,500,30,0.10738916256157637,True,GENDER|race_4|pid_3|age_5|EDUC4|ideo_3,PASS,195,211,relaxation_condition,fear/anxiety_condtion,hillary_clinton_leadership,pooled respondents in human control/treatment comparison with observed y,unweighted difference in condition means,study_effect_analytic_profile_distribution_unweighted_largest_remainder
Merolla843,Merolla843:hillary_clinton_leadership:hyp2,408,111,71,17.401960784313726,500,31,0.10980392156862748,True,GENDER|race_4|pid_3|age_5|EDUC4|ideo_3,PASS,197,211,anger_condtion,fear/anxiety_condtion,hillary_clinton_leadership,pooled respondents in human control/treatment comparison with observed y,unweighted difference in condition means,study_effect_analytic_profile_distribution_unweighted_largest_remainder
Merolla843,Merolla843:trump_leadership:hyp1,392,109,76,19.387755102040817,500,27,0.10408163265306115,True,GENDER|race_4|pid_3|age_5|EDUC4|ideo_3,PASS,195,197,relaxation_condition,anger_condtion,trump_leadership,pooled respondents in human control/treatment comparison with observed y,unweighted difference in condition means,study_effect_analytic_profile_distribution_unweighted_largest_remainder
Merolla843,Merolla843:trump_leadership:hyp2,408,111,71,17.401960784313726,500,31,0.10980392156862748,True,GENDER|race_4|pid_3|age_5|EDUC4|ideo_3,PASS,211,197,fear/anxiety_condtion,anger_condtion,trump_leadership,pooled respondents in human control/treatment comparison with observed y,unweighted difference in condition means,study_effect_analytic_profile_distribution_unweighted_largest_remainder
Mezzapelle1439,Mezzapelle1439:BELIEVABLE:hyp1,2101,188,519,24.70252260828177,500,25,0.10575916230366467,True,GENDER|race_4|pid_3|age_5|EDUC4|ideo_3,PASS,1049,1052,White Cisgender Woman|White Transgender Woman,Black Cisgender Woman|Black Transgender Woman,BELIEVABLE,pooled respondents in human control/treatment comparison with observed y,unweighted difference in condition means,study_effect_analytic_profile_distribution_unweighted_largest_remainder
Mezzapelle1439,Mezzapelle1439:BELIEVABLE:hyp2,2101,188,519,24.70252260828177,500,25,0.10575916230366467,True,GENDER|race_4|pid_3|age_5|EDUC4|ideo_3,PASS,1047,1054,Black Cisgender Woman|White Cisgender Woman,Black Transgender Woman|White Transgender Woman,BELIEVABLE,pooled respondents in human control/treatment comparison with observed y,unweighted difference in condition means,study_effect_analytic_profile_distribution_unweighted_largest_remainder
Mezzapelle1439,Mezzapelle1439:BELIEVABLE:hyp3,1041,155,247,23.727185398655138,500,26,0.10393852065321806,True,GENDER|race_4|pid_3|age_5|EDUC4|ideo_3,PASS,518,523,White Cisgender Woman,Black Transgender Woman,BELIEVABLE,pooled respondents in human control/treatment comparison with observed y,unweighted difference in condition means,study_effect_analytic_profile_distribution_unweighted_largest_remainder
Mezzapelle1439,Mezzapelle1439:COMPENSATION:hyp1,2107,190,520,24.679639297579495,500,26,0.105078310393925,True,GENDER|race_4|pid_3|age_5|EDUC4|ideo_3,PASS,1054,1053,White Cisgender Woman|White Transgender Woman,Black Cisgender Woman|Black Transgender Woman,COMPENSATION,pooled respondents in human control/treatment comparison with observed y,unweighted difference in condition means,study_effect_analytic_profile_distribution_unweighted_largest_remainder
Mezzapelle1439,Mezzapelle1439:COMPENSATION:hyp2,2107,190,520,24.679639297579495,500,26,0.105078310393925,True,GENDER|race_4|pid_3|age_5|EDUC4|ideo_3,PASS,1051,1056,Black Cisgender Woman|White Cisgender Woman,Black Transgender Woman|White Transgender Woman,COMPENSATION,pooled respondents in human control/treatment comparison with observed y,unweighted difference in condition means,study_effect_analytic_profile_distribution_unweighted_largest_remainder
Mezzapelle1439,Mezzapelle1439:COMPENSATION:hyp3,1048,157,250,23.85496183206107,500,26,0.10458015267175574,True,GENDER|race_4|pid_3|age_5|EDUC4|ideo_3,PASS,523,525,White Cisgender Woman,Black Transgender Woman,COMPENSATION,pooled respondents in human control/treatment comparison with observed y,unweighted difference in condition means,study_effect_analytic_profile_distribution_unweighted_largest_remainder
Mezzapelle1439,Mezzapelle1439:PERCEIVED HARM:hyp1,2105,190,521,24.75059382422803,500,25,0.10498812351543943,True,GENDER|race_4|pid_3|age_5|EDUC4|ideo_3,PASS,1050,1055,White Cisgender Woman|White Transgender Woman,Black Cisgender Woman|Black Transgender Woman,PERCEIVED HARM,pooled respondents in human control/treatment comparison with observed y,unweighted difference in condition means,study_effect_analytic_profile_distribution_unweighted_largest_remainder
Mezzapelle1439,Mezzapelle1439:PERCEIVED HARM:hyp2,2105,190,521,24.75059382422803,500,25,0.10498812351543943,True,GENDER|race_4|pid_3|age_5|EDUC4|ideo_3,PASS,1050,1055,Black Cisgender Woman|White Cisgender Woman,Black Transgender Woman|White Transgender Woman,PERCEIVED HARM,pooled respondents in human control/treatment comparison with observed y,unweighted difference in condition means,study_effect_analytic_profile_distribution_unweighted_largest_remainder
Mezzapelle1439,Mezzapelle1439:PERCEIVED HARM:hyp3,1043,157,249,23.873441994247365,500,26,0.10412272291466923,True,GENDER|race_4|pid_3|age_5|EDUC4|ideo_3,PASS,519,524,White Cisgender Woman,Black Transgender Woman,PERCEIVED HARM,pooled respondents in human control/treatment comparison with observed y,unweighted difference in condition means,study_effect_analytic_profile_distribution_unweighted_largest_remainder
MunschS68,MunschS68:Morgan_Committed:hyp1,707,149,154,21.782178217821784,500,23,0.10183875530410183,True,GENDER|race_4|pid_3|age_5|EDUC4|ideo_3,PASS,347,360,40 hours/female/1%|40 hours/female/60%|40 hours/male/1%|40 hours/male/20%|40 hours/male/60%,50 hours/female/1%|50 hours/female/20%|50 hours/female/60%|50 hours/male/1%|50 hours/male/20%|50 hours/male/60%,Morgan_Committed,pooled respondents in human control/treatment comparison with observed y,unweighted difference in condition means,study_effect_analytic_profile_distribution_unweighted_largest_remainder
SchaadS62,SchaadS62:still_identify:hyp1,2110,189,473,22.417061611374407,500,23,0.1052132701421801,True,GENDER|race_4|pid_3|age_5|EDUC4|ideo_3,PASS,1051,1059,v1 Narrative Conforming Transgender Woman|v2 Narrative Nonconforming Transgender Woman|v3 Narrative Conforming AMAB Non-Binary Person|v4 Narrative Nonconforming AMAB Non-Binary Person,v5 Narrative Conforming Transgender Man|v6 Narrative Nonconforming Transgender Man|v7 Narrative Conforming AFAB Non-Binary Person|v8 Narrative Nonconforming AFAB Non-Binary Person,still_identify,pooled respondents in human control/treatment comparison with observed y,unweighted difference in condition means,study_effect_analytic_profile_distribution_unweighted_largest_remainder
SchaadS62,SchaadS62:still_identify:hyp2,2110,189,473,22.417061611374407,500,23,0.1052132701421801,True,GENDER|race_4|pid_3|age_5|EDUC4|ideo_3,PASS,1067,1043,v1 Narrative Conforming Transgender Woman|v2 Narrative Nonconforming Transgender Woman|v5 Narrative Conforming Transgender Man|v6 Narrative Nonconforming Transgender Man,v3 Narrative Conforming AMAB Non-Binary Person|v4 Narrative Nonconforming AMAB Non-Binary Person|v7 Narrative Conforming AFAB Non-Binary Person|v8 Narrative Nonconforming AFAB Non-Binary Person,still_identify,pooled respondents in human control/treatment comparison with observed y,unweighted difference in condition means,study_effect_analytic_profile_distribution_unweighted_largest_remainder
SchaadS62,SchaadS62:still_identify:hyp3,2110,189,473,22.417061611374407,500,23,0.1052132701421801,True,GENDER|race_4|pid_3|age_5|EDUC4|ideo_3,PASS,1088,1022,v1 Narrative Conforming Transgender Woman|v3 Narrative Conforming AMAB Non-Binary Person|v5 Narrative Conforming Transgender Man|v7 Narrative Conforming AFAB Non-Binary Person,v2 Narrative Nonconforming Transgender Woman|v4 Narrative Nonconforming AMAB Non-Binary Person|v6 Narrative Nonconforming Transgender Man|v8 Narrative Nonconforming AFAB Non-Binary Person,still_identify,pooled respondents in human control/treatment comparison with observed y,unweighted difference in condition means,study_effect_analytic_profile_distribution_unweighted_largest_remainder
Schnabel903,Schnabel903:Feminine:hyp1,2746,211,851,30.990531682447195,500,26,0.10866715222141296,True,GENDER|race_4|pid_3|age_5|EDUC4|ideo_3,PASS,2056,690,Version 2|Version 3|Version 4|Version 6|Version 7|Version 8,Version 1|Version 5,Feminine,pooled respondents in human control/treatment comparison with observed y,unweighted difference in condition means,study_effect_analytic_profile_distribution_unweighted_largest_remainder
Schnabel903,Schnabel903:Masculine:hyp1,2753,212,849,30.8390846349437,500,25,0.10940791863421721,True,GENDER|race_4|pid_3|age_5|EDUC4|ideo_3,PASS,2060,693,Version 2|Version 3|Version 4|Version 6|Version 7|Version 8,Version 1|Version 5,Masculine,pooled respondents in human control/treatment comparison with observed y,unweighted difference in condition means,study_effect_analytic_profile_distribution_unweighted_largest_remainder
ShannonS2,ShannonS2:tax credit effective:hyp1,831,175,322,38.74849578820698,500,23,0.12033694344163659,True,GENDER|race_4|pid_3|age_5|EDUC4|ideo_3,PASS,407,424,Control,Immigrant without savings,tax credit effective,pooled respondents in human control/treatment comparison with observed y,unweighted difference in condition means,study_effect_analytic_profile_distribution_unweighted_largest_remainder
ShannonS2,ShannonS2:tax credit effective:hyp2,841,179,346,41.14149821640904,500,26,0.11890606420927466,True,GENDER|race_4|pid_3|age_5|EDUC4|ideo_3,PASS,424,417,Immigrant without savings,Illegal without savings,tax credit effective,pooled respondents in human control/treatment comparison with observed y,unweighted difference in condition means,study_effect_analytic_profile_distribution_unweighted_largest_remainder
ShannonS2,ShannonS2:tax credit effective:hyp3,1658,205,651,39.26417370325694,500,20,0.10156815440289504,True,GENDER|race_4|pid_3|age_5|EDUC4|ideo_3,PASS,841,817,Illegal without savings|Immigrant without savings,Illegal|Immigrant,tax credit effective,pooled respondents in human control/treatment comparison with observed y,unweighted difference in condition means,study_effect_analytic_profile_distribution_unweighted_largest_remainder
Silverman1035,Silverman1035:Americans_Killed:hyp1,1333,187,340,25.506376594148538,500,23,0.10007501875468867,True,GENDER|race_4|pid_3|age_5|EDUC4|ideo_3,PASS,260,1073,Control group: No Corrective Information,"Treatment 1: Corrective Information, No Elite Endorsement|Treatment 2: Corrective Information, Democratic Endorsement|Treatment 3: Corrective Information, Republican Endorsement|Treatment 4: Corrective Information, Military Endorsement",Americans_Killed,pooled respondents in human control/treatment comparison with observed y,unweighted difference in condition means,study_effect_analytic_profile_distribution_unweighted_largest_remainder
Silverman1035,Silverman1035:Americans_Killed:hyp2,1073,177,281,26.18825722273998,500,23,0.10680335507921715,True,GENDER|race_4|pid_3|age_5|EDUC4|ideo_3,PASS,262,811,"Treatment 1: Corrective Information, No Elite Endorsement","Treatment 2: Corrective Information, Democratic Endorsement|Treatment 3: Corrective Information, Republican Endorsement|Treatment 4: Corrective Information, Military Endorsement",Americans_Killed,pooled respondents in human control/treatment comparison with observed y,unweighted difference in condition means,study_effect_analytic_profile_distribution_unweighted_largest_remainder
Silverman1035,Silverman1035:Americans_Killed:hyp3,539,137,137,25.41743970315399,500,28,0.14211502782931354,True,GENDER|race_4|pid_3|age_5|EDUC4|ideo_3,PASS,262,277,"Treatment 1: Corrective Information, No Elite Endorsement","Treatment 3: Corrective Information, Republican Endorsement",Americans_Killed,pooled respondents in human control/treatment comparison with observed y,unweighted difference in condition means,study_effect_analytic_profile_distribution_unweighted_largest_remainder
Silverman1035,Silverman1035:Americans_Killed:hyp4,520,143,138,26.53846153846154,500,22,0.1461538461538462,True,GENDER|race_4|pid_3|age_5|EDUC4|ideo_3,PASS,262,258,"Treatment 1: Corrective Information, No Elite Endorsement","Treatment 4: Corrective Information, Military Endorsement",Americans_Killed,pooled respondents in human control/treatment comparison with observed y,unweighted difference in condition means,study_effect_analytic_profile_distribution_unweighted_largest_remainder
Silverman1035,Silverman1035:Terrorism_likely:hyp1,1295,183,330,25.482625482625483,500,24,0.0972972972972972,True,GENDER|race_4|pid_3|age_5|EDUC4|ideo_3,PASS,250,1045,Control group: No Corrective Information,"Treatment 1: Corrective Information, No Elite Endorsement|Treatment 2: Corrective Information, Democratic Endorsement|Treatment 3: Corrective Information, Republican Endorsement|Treatment 4: Corrective Information, Military Endorsement",Terrorism_likely,pooled respondents in human control/treatment comparison with observed y,unweighted difference in condition means,study_effect_analytic_profile_distribution_unweighted_largest_remainder
Silverman1035,Silverman1035:Terrorism_likely:hyp2,1045,174,271,25.933014354066987,500,24,0.10430622009569376,True,GENDER|race_4|pid_3|age_5|EDUC4|ideo_3,PASS,253,792,"Treatment 1: Corrective Information, No Elite Endorsement","Treatment 2: Corrective Information, Democratic Endorsement|Treatment 3: Corrective Information, Republican Endorsement|Treatment 4: Corrective Information, Military Endorsement",Terrorism_likely,pooled respondents in human control/treatment comparison with observed y,unweighted difference in condition means,study_effect_analytic_profile_distribution_unweighted_largest_remainder
Silverman1035,Silverman1035:Terrorism_likely:hyp3,523,134,132,25.239005736137667,500,28,0.1560229445506692,True,GENDER|race_4|pid_3|age_5|EDUC4|ideo_3,PASS,253,270,"Treatment 1: Corrective Information, No Elite Endorsement","Treatment 3: Corrective Information, Republican Endorsement",Terrorism_likely,pooled respondents in human control/treatment comparison with observed y,unweighted difference in condition means,study_effect_analytic_profile_distribution_unweighted_largest_remainder
Silverman1035,Silverman1035:Terrorism_likely:hyp4,502,140,131,26.095617529880478,500,22,0.18486055776892468,True,GENDER|race_4|pid_3|age_5|EDUC4|ideo_3,PASS,253,249,"Treatment 1: Corrective Information, No Elite Endorsement","Treatment 4: Corrective Information, Military Endorsement",Terrorism_likely,pooled respondents in human control/treatment comparison with observed y,unweighted difference in condition means,study_effect_analytic_profile_distribution_unweighted_largest_remainder
Silverman1035,Silverman1035:Terrorism_worry:hyp1,1321,183,336,25.435276305828918,500,23,0.10280090840272521,True,GENDER|race_4|pid_3|age_5|EDUC4|ideo_3,PASS,256,1065,Control group: No Corrective Information,"Treatment 1: Corrective Information, No Elite Endorsement|Treatment 2: Corrective Information, Democratic Endorsement|Treatment 3: Corrective Information, Republican Endorsement|Treatment 4: Corrective Information, Military Endorsement",Terrorism_worry,pooled respondents in human control/treatment comparison with observed y,unweighted difference in condition means,study_effect_analytic_profile_distribution_unweighted_largest_remainder
Silverman1035,Silverman1035:Terrorism_worry:hyp2,1065,173,276,25.91549295774648,500,24,0.10610328638497653,True,GENDER|race_4|pid_3|age_5|EDUC4|ideo_3,PASS,259,806,"Treatment 1: Corrective Information, No Elite Endorsement","Treatment 2: Corrective Information, Democratic Endorsement|Treatment 3: Corrective Information, Republican Endorsement|Treatment 4: Corrective Information, Military Endorsement",Terrorism_worry,pooled respondents in human control/treatment comparison with observed y,unweighted difference in condition means,study_effect_analytic_profile_distribution_unweighted_largest_remainder
Silverman1035,Silverman1035:Terrorism_worry:hyp3,533,135,134,25.140712945590995,500,28,0.13808630393996255,True,GENDER|race_4|pid_3|age_5|EDUC4|ideo_3,PASS,259,274,"Treatment 1: Corrective Information, No Elite Endorsement","Treatment 3: Corrective Information, Republican Endorsement",Terrorism_worry,pooled respondents in human control/treatment comparison with observed y,unweighted difference in condition means,study_effect_analytic_profile_distribution_unweighted_largest_remainder
Silverman1035,Silverman1035:Terrorism_worry:hyp4,517,140,136,26.30560928433269,500,22,0.1473887814313346,True,GENDER|race_4|pid_3|age_5|EDUC4|ideo_3,PASS,259,258,"Treatment 1: Corrective Information, No Elite Endorsement","Treatment 4: Corrective Information, Military Endorsement",Terrorism_worry,pooled respondents in human control/treatment comparison with observed y,unweighted difference in condition means,study_effect_analytic_profile_distribution_unweighted_largest_remainder
Stoker1063,Stoker1063:Anger:hyp1,1786,198,474,26.539753639417693,500,20,0.10369540873460259,True,GENDER|race_4|pid_3|age_5|EDUC4|ideo_3,PASS,884,902,DrinWat_Pr_N|HSAch_Pr_N|HospDes_Pr_N|MarDeb_Pr_N,DrinWat_Pr_P|HSAch_Pr_P|HospDes_Pr_P|MarDeb_Pr_P,Anger,pooled respondents in human control/treatment comparison with observed y,unweighted difference in condition means,study_effect_analytic_profile_distribution_unweighted_largest_remainder
Stoker1063,Stoker1063:Serious:hyp1,1787,198,475,26.580861779518745,500,20,0.10263010632344735,True,GENDER|race_4|pid_3|age_5|EDUC4|ideo_3,PASS,884,903,DrinWat_Pr_N|HSAch_Pr_N|HospDes_Pr_N|MarDeb_Pr_N,DrinWat_Pr_P|HSAch_Pr_P|HospDes_Pr_P|MarDeb_Pr_P,Serious,pooled respondents in human control/treatment comparison with observed y,unweighted difference in condition means,study_effect_analytic_profile_distribution_unweighted_largest_remainder
Stoker1063,Stoker1063:Worry:hyp1,1788,199,478,26.7337807606264,500,20,0.10156599552572712,True,GENDER|race_4|pid_3|age_5|EDUC4|ideo_3,PASS,883,905,DrinWat_Pr_N|HSAch_Pr_N|HospDes_Pr_N|MarDeb_Pr_N,DrinWat_Pr_P|HSAch_Pr_P|HospDes_Pr_P|MarDeb_Pr_P,Worry,pooled respondents in human control/treatment comparison with observed y,unweighted difference in condition means,study_effect_analytic_profile_distribution_unweighted_largest_remainder
Terman1029,Terman1029:donating to HRAC:hyp1,1869,67,431,23.060460139111825,500,29,0.10069555912252566,True,GENDER|race_4|pid_3|age_5|EDUC4,PASS,374,1495,Rights Group Condemns Abuses Worldwide,International Rights Group Codemns Abuse in US|International Rights Group Condemns Abuses in the US- “reintegrative”|International Rights Group Condemns Abuses in the US- “stigmatic”|New York Rights Group Condemns Abuses in the United States,donating to HRAC,pooled respondents in human control/treatment comparison with observed y,unweighted difference in condition means,study_effect_analytic_profile_distribution_unweighted_largest_remainder
Terman1029,Terman1029:donating to HRAC:hyp2,763,63,169,22.14941022280472,500,30,0.11061598951507198,True,GENDER|race_4|pid_3|age_5|EDUC4,PASS,380,383,New York Rights Group Condemns Abuses in the United States,International Rights Group Codemns Abuse in US,donating to HRAC,pooled respondents in human control/treatment comparison with observed y,unweighted difference in condition means,study_effect_analytic_profile_distribution_unweighted_largest_remainder
Terman1029,Terman1029:donating to HRAC:hyp3,732,64,180,24.59016393442623,500,27,0.10273224043715837,True,GENDER|race_4|pid_3|age_5|EDUC4,PASS,381,351,International Rights Group Condemns Abuses in the US- “reintegrative”,International Rights Group Condemns Abuses in the US- “stigmatic”,donating to HRAC,pooled respondents in human control/treatment comparison with observed y,unweighted difference in condition means,study_effect_analytic_profile_distribution_unweighted_largest_remainder
Terman1029,Terman1029:naitonalist superiority:hyp1,1878,67,434,23.109691160809373,500,29,0.10777422790202344,True,GENDER|race_4|pid_3|age_5|EDUC4,PASS,372,1506,Rights Group Condemns Abuses Worldwide,International Rights Group Codemns Abuse in US|International Rights Group Condemns Abuses in the US- “reintegrative”|International Rights Group Condemns Abuses in the US- “stigmatic”|New York Rights Group Condemns Abuses in the United States,naitonalist superiority,pooled respondents in human control/treatment comparison with observed y,unweighted difference in condition means,study_effect_analytic_profile_distribution_unweighted_largest_remainder
Terman1029,Terman1029:naitonalist superiority:hyp2,772,63,173,22.409326424870468,500,30,0.11813471502590675,True,GENDER|race_4|pid_3|age_5|EDUC4,PASS,385,387,New York Rights Group Condemns Abuses in the United States,International Rights Group Codemns Abuse in US,naitonalist superiority,pooled respondents in human control/treatment comparison with observed y,unweighted difference in condition means,study_effect_analytic_profile_distribution_unweighted_largest_remainder
Terman1029,Terman1029:naitonalist superiority:hyp3,734,64,180,24.52316076294278,500,27,0.1013623978201636,True,GENDER|race_4|pid_3|age_5|EDUC4,PASS,384,350,International Rights Group Condemns Abuses in the US- “reintegrative”,International Rights Group Condemns Abuses in the US- “stigmatic”,naitonalist superiority,pooled respondents in human control/treatment comparison with observed y,unweighted difference in condition means,study_effect_analytic_profile_distribution_unweighted_largest_remainder
Terman1029,Terman1029:perception of domestic human rights conditions:hyp1,1879,67,436,23.203831825439064,500,29,0.10037253858435347,True,GENDER|race_4|pid_3|age_5|EDUC4,PASS,374,1505,Rights Group Condemns Abuses Worldwide,International Rights Group Codemns Abuse in US|International Rights Group Condemns Abuses in the US- “reintegrative”|International Rights Group Condemns Abuses in the US- “stigmatic”|New York Rights Group Condemns Abuses in the United States,perception of domestic human rights conditions,pooled respondents in human control/treatment comparison with observed y,unweighted difference in condition means,study_effect_analytic_profile_distribution_unweighted_largest_remainder
Terman1029,Terman1029:perception of domestic human rights conditions:hyp2,769,63,172,22.3667100130039,500,30,0.11105331599479823,True,GENDER|race_4|pid_3|age_5|EDUC4,PASS,385,384,New York Rights Group Condemns Abuses in the United States,International Rights Group Codemns Abuse in US,perception of domestic human rights conditions,pooled respondents in human control/treatment comparison with observed y,unweighted difference in condition means,study_effect_analytic_profile_distribution_unweighted_largest_remainder
Terman1029,Terman1029:perception of domestic human rights conditions:hyp3,736,64,182,24.72826086956522,500,28,0.10543478260869564,True,GENDER|race_4|pid_3|age_5|EDUC4,PASS,385,351,International Rights Group Condemns Abuses in the US- “reintegrative”,International Rights Group Condemns Abuses in the US- “stigmatic”,perception of domestic human rights conditions,pooled respondents in human control/treatment comparison with observed y,unweighted difference in condition means,study_effect_analytic_profile_distribution_unweighted_largest_remainder
WallaceS9,WallaceS9:credibility:hyp1,997,171,261,26.17853560682046,500,20,0.10030090270812438,True,GENDER|race_4|pid_3|age_5|EDUC4|ideo_3,PASS,228,769,Group 1,Group 3|Group 5|Group 7,credibility,pooled respondents in human control/treatment comparison with observed y,unweighted difference in condition means,study_effect_analytic_profile_distribution_unweighted_largest_remainder
WallaceS9,WallaceS9:president_approval:hyp1,1002,172,262,26.147704590818364,500,20,0.1001996007984032,True,GENDER|race_4|pid_3|age_5|EDUC4|ideo_3,PASS,229,773,Group 1,Group 3|Group 5|Group 7,president_approval,pooled respondents in human control/treatment comparison with observed y,unweighted difference in condition means,study_effect_analytic_profile_distribution_unweighted_largest_remainder
Williamson859,Williamson859:Food stamps:hyp1,1008,167,251,24.900793650793652,500,16,0.1007936507936508,True,GENDER|race_4|pid_3|age_5|EDUC4|ideo_3,PASS,504,504,COND2,COND1,Food stamps,pooled respondents in human control/treatment comparison with observed y,unweighted difference in condition means,study_effect_analytic_profile_distribution_unweighted_largest_remainder
Williamson859,Williamson859:Military:hyp1,1007,167,250,24.826216484607745,500,17,0.10069513406156902,True,GENDER|race_4|pid_3|age_5|EDUC4|ideo_3,PASS,504,503,COND2,COND1,Military,pooled respondents in human control/treatment comparison with observed y,unweighted difference in condition means,study_effect_analytic_profile_distribution_unweighted_largest_remainder
Williamson859,Williamson859:Social Security:hyp1,1008,168,251,24.900793650793652,500,17,0.1007936507936508,True,GENDER|race_4|pid_3|age_5|EDUC4|ideo_3,PASS,505,503,COND2,COND1,Social Security,pooled respondents in human control/treatment comparison with observed y,unweighted difference in condition means,study_effect_analytic_profile_distribution_unweighted_largest_remainder
bolsenM6,bolsenM6:Providing Personal Pronouns:hyp1,790,126,199,25.189873417721518,500,22,0.12658227848101267,True,GENDER|race_4|pid_3|age_5|EDUC4|ideo_3,PASS,403,387,Descriptive Information,Baseline,Providing Personal Pronouns,pooled respondents in human control/treatment comparison with observed y,unweighted difference in condition means,study_effect_analytic_profile_distribution_unweighted_largest_remainder
bolsenM6,bolsenM6:Providing Personal Pronouns:hyp2,792,124,189,23.863636363636363,500,23,0.12626262626262627,True,GENDER|race_4|pid_3|age_5|EDUC4|ideo_3,PASS,405,387,Injunctive Norm,Baseline,Providing Personal Pronouns,pooled respondents in human control/treatment comparison with observed y,unweighted difference in condition means,study_effect_analytic_profile_distribution_unweighted_largest_remainder
bolsenM6,bolsenM6:Providing Personal Pronouns:hyp3,785,119,181,23.05732484076433,500,26,0.12738853503184713,True,GENDER|race_4|pid_3|age_5|EDUC4|ideo_3,PASS,398,387,Descriptive Information + Injunctive Norm,Baseline,Providing Personal Pronouns,pooled respondents in human control/treatment comparison with observed y,unweighted difference in condition means,study_effect_analytic_profile_distribution_unweighted_largest_remainder
bolsenM6,bolsenM6:They/Them Pronouns in Forms:hyp1,790,127,201,25.443037974683545,500,21,0.12658227848101267,True,GENDER|race_4|pid_3|age_5|EDUC4|ideo_3,PASS,405,385,Descriptive Information,Baseline,They/Them Pronouns in Forms,pooled respondents in human control/treatment comparison with observed y,unweighted difference in condition means,study_effect_analytic_profile_distribution_unweighted_largest_remainder
bolsenM6,bolsenM6:They/Them Pronouns in Forms:hyp2,790,124,188,23.79746835443038,500,23,0.12658227848101267,True,GENDER|race_4|pid_3|age_5|EDUC4|ideo_3,PASS,405,385,Injunctive Norm,Baseline,They/Them Pronouns in Forms,pooled respondents in human control/treatment comparison with observed y,unweighted difference in condition means,study_effect_analytic_profile_distribution_unweighted_largest_remainder
bolsenM6,bolsenM6:They/Them Pronouns in Forms:hyp3,783,119,181,23.116219667943806,500,26,0.1277139208173691,True,GENDER|race_4|pid_3|age_5|EDUC4|ideo_3,PASS,398,385,Descriptive Information + Injunctive Norm,Baseline,They/Them Pronouns in Forms,pooled respondents in human control/treatment comparison with observed y,unweighted difference in condition means,study_effect_analytic_profile_distribution_unweighted_largest_remainder
bolsenM6,bolsenM6:Using They/Them Pronouns:hyp1,791,127,201,25.410872313527182,500,22,0.12642225031605564,True,GENDER|race_4|pid_3|age_5|EDUC4|ideo_3,PASS,407,384,Descriptive Information,Baseline,Using They/Them Pronouns,pooled respondents in human control/treatment comparison with observed y,unweighted difference in condition means,study_effect_analytic_profile_distribution_unweighted_largest_remainder
bolsenM6,bolsenM6:Using They/Them Pronouns:hyp2,789,124,189,23.954372623574145,500,23,0.12674271229404308,True,GENDER|race_4|pid_3|age_5|EDUC4|ideo_3,PASS,405,384,Injunctive Norm,Baseline,Using They/Them Pronouns,pooled respondents in human control/treatment comparison with observed y,unweighted difference in condition means,study_effect_analytic_profile_distribution_unweighted_largest_remainder
bolsenM6,bolsenM6:Using They/Them Pronouns:hyp3,782,119,181,23.145780051150894,500,26,0.1278772378516624,True,GENDER|race_4|pid_3|age_5|EDUC4|ideo_3,PASS,398,384,Descriptive Information + Injunctive Norm,Baseline,Using They/Them Pronouns,pooled respondents in human control/treatment comparison with observed y,unweighted difference in condition means,study_effect_analytic_profile_distribution_unweighted_largest_remainder
bucci1408,bucci1408:Rewarding:hyp1,2170,24,607,27.972350230414747,500,60,0.10138248847926246,True,GENDER|race_4|age_5|EDUC4,PASS,1074,1096,"A: Drunk Driving, High Risk","A: Drunk Driving, Low Risk",Rewarding,pooled respondents in human control/treatment comparison with observed y,unweighted difference in condition means,study_effect_analytic_profile_distribution_unweighted_largest_remainder
