study_id,effect_id,human_ate_native,synthetic_ate_native,outcome_range,human_ate_pp,synthetic_ate_pp,treatment_label,control_label,reverse_coded,alignment_status,notes
AnsonBRIEF60,AnsonBRIEF60:blue_collar_positivity:hyp1,-0.1522486772486799,-0.0449999999999999,4.0,-3.806216931216999,-1.1249999999999982,Treatment group 1 | Treatment group 1,Control group 1 | Control group 1,True,ok,percent conversion and condition labels pass cached-data checks
AnsonBRIEF60,AnsonBRIEF60:economy_positivity:hyp1,0.0119841269841298,0.8333333333333397,4.0,0.2996031746032468,20.83333333333349,Treatment group 1 | Treatment group 1,Control group 1 | Control group 1,True,ok,percent conversion and condition labels pass cached-data checks
Blair1131,Blair1131:Approve_Handling:hyp1,-0.1904761904761911,0.1325000000000002,6.0,-3.174603174603185,2.208333333333337,"Male, Republican, Erica, Not engage | Male, Democrat, Erica, Not engage","Male, Republican, Eric, Not engage | Male, Democrat, Eric, Not engage",False,sign_disagreement_not_implementation_error_by_itself,sign_disagreement_review
Blair1131,Blair1131:Approve_Handling:hyp2,0.1672335600907066,0.0950000000000006,6.0,2.787226001511778,1.5833333333333477,"Male, Republican, Erica, Engage | Male, Democrat, Erica, Engage","Male, Republican, Eric, Engage | Male, Democrat, Eric Engage",False,ok,percent conversion and condition labels pass cached-data checks
Braman751,Braman751:legitimacy:hyp1,0.2453310213479573,-0.3920833333333302,6.0,4.0888503557992895,-6.534722222222166,"Gun Control, Divided, 85% support | Gun Control, Divided. 15% support | Immigration, Divided, 85% support | Immigration, Divided, 15% support | Gun Control, Clear Authority, 85% support | Gun Control, Divided, 85% support | Gun Control, Clearly No Authority, 85% support | Immigration, Clear Authority, 85% support | Immigration, Divided, 85% support | Immigration, Clearly No Authority, 85% support | Gun Control, Divided, 85% support | Gun Control, Divided. 15% support | Immigration, Divided, 85% support | Immigration, Divided, 15% support","Gun Control, Clear Authority, 85% support | Gun Control, Clear Authority, 15% support | Immigration, Clear Authority, 85% support | Immigration, Clear Authority, 15% support | Gun Control, Clear Authority, 15% support | Gun Control, Divided. 15% support | Gun Control, Clearly No Authority, 15% support | Immigration, Clear Authority, 15% support | Immigration, Divided, 15% support | Gun Control, Clear Authority, 85% support | Gun Control, Clear Authority, 15% support | Immigration, Clear Authority, 85% support | Immigration, Clear Authority, 15% support",True,sign_disagreement_not_implementation_error_by_itself,sign_disagreement_review
Braman751,Braman751:legitimacy:hyp2,0.5802738233090365,-1.0487500000000003,6.0,9.67123038848394,-17.479166666666675,"Gun Control, Clearly No Authority, 85% support | Gun Control, Clearly No Authority, 15% support | Immigration, Clearly No Authority, 85% support | Immigration, Clearly No Authority, 15% support | Gun Control, Clearly No Authority, 85% support | Gun Control, Clearly No Authority, 15% support | Immigration, Clearly No Authority, 85% support | Immigration, Clearly No Authority, 15% support","Gun Control, Clear Authority, 85% support | Gun Control, Clear Authority, 15% support | Immigration, Clear Authority, 85% support | Immigration, Clear Authority, 15% support | Gun Control, Clear Authority, 85% support | Gun Control, Clear Authority, 15% support | Immigration, Clear Authority, 85% support | Immigration, Clear Authority, 15% support",True,sign_disagreement_not_implementation_error_by_itself,sign_disagreement_review
Braman751,Braman751:pass_legislation:hyp1,0.2200121469784424,0.179000000000002,5.0,4.400242939568855,3.5800000000000445,"Gun Control, Divided, 85% support | Gun Control, Divided. 15% support | Immigration, Divided, 85% support | Immigration, Divided, 15% support | Gun Control, Clear Authority, 85% support | Gun Control, Divided, 85% support | Gun Control, Clearly No Authority, 85% support | Immigration, Clear Authority, 85% support | Immigration, Divided, 85% support | Immigration, Clearly No Authority, 85% support | Gun Control, Divided, 85% support | Gun Control, Divided. 15% support | Immigration, Divided, 85% support | Immigration, Divided, 15% support","Gun Control, Clear Authority, 85% support | Gun Control, Clear Authority, 15% support | Immigration, Clear Authority, 85% support | Immigration, Clear Authority, 15% support | Gun Control, Clear Authority, 15% support | Gun Control, Divided. 15% support | Gun Control, Clearly No Authority, 15% support | Immigration, Clear Authority, 15% support | Immigration, Divided, 15% support | Gun Control, Clear Authority, 85% support | Gun Control, Clear Authority, 15% support | Immigration, Clear Authority, 85% support | Immigration, Clear Authority, 15% support",False,ok,percent conversion and condition labels pass cached-data checks
Braman751,Braman751:scholar_credibility:hyp1,0.0376082251082239,0.0541666666666678,1.0,3.760822510822393,5.416666666666781,"Gun Control, Divided, 85% support | Gun Control, Divided. 15% support | Immigration, Divided, 85% support | Immigration, Divided, 15% support | Gun Control, Clear Authority, 85% support | Gun Control, Divided, 85% support | Gun Control, Clearly No Authority, 85% support | Immigration, Clear Authority, 85% support | Immigration, Divided, 85% support | Immigration, Clearly No Authority, 85% support | Gun Control, Divided, 85% support | Gun Control, Divided. 15% support | Immigration, Divided, 85% support | Immigration, Divided, 15% support","Gun Control, Clear Authority, 85% support | Gun Control, Clear Authority, 15% support | Immigration, Clear Authority, 85% support | Immigration, Clear Authority, 15% support | Gun Control, Clear Authority, 15% support | Gun Control, Divided. 15% support | Gun Control, Clearly No Authority, 15% support | Immigration, Clear Authority, 15% support | Immigration, Divided, 15% support | Gun Control, Clear Authority, 85% support | Gun Control, Clear Authority, 15% support | Immigration, Clear Authority, 85% support | Immigration, Clear Authority, 15% support",True,ok,percent conversion and condition labels pass cached-data checks
Braman751,Braman751:scholar_credibility:hyp2,0.0805976430976429,0.0033333333333351,1.0,8.059764309764294,0.3333333333335186,"Gun Control, Clearly No Authority, 85% support | Gun Control, Clearly No Authority, 15% support | Immigration, Clearly No Authority, 85% support | Immigration, Clearly No Authority, 15% support | Gun Control, Clearly No Authority, 85% support | Gun Control, Clearly No Authority, 15% support | Immigration, Clearly No Authority, 85% support | Immigration, Clearly No Authority, 15% support","Gun Control, Clear Authority, 85% support | Gun Control, Clear Authority, 15% support | Immigration, Clear Authority, 85% support | Immigration, Clear Authority, 15% support | Gun Control, Clear Authority, 85% support | Gun Control, Clear Authority, 15% support | Immigration, Clear Authority, 85% support | Immigration, Clear Authority, 15% support",True,ok,percent conversion and condition labels pass cached-data checks
CalarcoS38,CalarcoS38:Approval:hyp1,2.08955621301775,-3.321458333333336,4.0,52.23890532544375,-83.0364583333334,"HIGH STATUS, LIGHT DRINKING, NO WARNING | HIGH STATUS, LIGHT DRINKING, WARNING | HIGH STATUS, HEAVY DRINKING, NO WARNING | HIGH STATUS, HEAVY DRINKIG, WARNING | LOW STATUS, LIGHT DRINKING, NO WARNING | LOW STATUS, LIGHT DRINKING, WARNING | LOW STATUS, HEAVY DRINKING, NO WARNING | LOW STATUS, HEAVY DRINKING, WARNING","HIGH STATUS, NO DRINKING, NO WARNING | HIGH STATUS, NO DRINKING, WARNING | LOW STATUS, NO DRINKING, NO WARNING | LOW STATUS, NO DRINKING, WARNING",True,sign_disagreement_not_implementation_error_by_itself,sign_disagreement_review
CalarcoS38,CalarcoS38:Approval:hyp2,1.768205128205126,-2.6754166666666688,4.0,44.20512820512816,-66.88541666666671,"HIGH STATUS, LIGHT DRINKING, NO WARNING | HIGH STATUS, LIGHT DRINKING, WARNING | LOW STATUS, LIGHT DRINKING, NO WARNING | LOW STATUS, LIGHT DRINKING, WARNING","HIGH STATUS, NO DRINKING, NO WARNING | HIGH STATUS, NO DRINKING, WARNING | LOW STATUS, NO DRINKING, NO WARNING | LOW STATUS, NO DRINKING, WARNING",True,sign_disagreement_not_implementation_error_by_itself,sign_disagreement_review
CalarcoS38,CalarcoS38:Approval:hyp3,-0.0668206859783193,-0.2150000000000056,4.0,-1.670517149457984,-5.37500000000014,"LOW STATUS, LIGHT DRINKING, NO WARNING | LOW STATUS, LIGHT DRINKING, WARNING","HIGH STATUS, LIGHT DRINKING, NO WARNING | HIGH STATUS, LIGHT DRINKING, WARNING",True,ok,percent conversion and condition labels pass cached-data checks
Campbell1308,Campbell1308:Gender Roles:hyp1,0.0739448163541522,0.3050000000000024,10.0,0.7394481635415229,3.0500000000000305,Non-Partisan story | Democratic story | Republican story | Non-Partisan story | Democratic story | Republican story | Non-Partisan story | Democratic story | Republican story,Control | Control | Control,False,ok,percent conversion and condition labels pass cached-data checks
Campbell1308,Campbell1308:Political Engagement:hyp1,-0.1471317088015986,0.0466666666666588,10.0,-1.4713170880159776,0.466666666666593,Non-Partisan story | Democratic story | Republican story | Non-Partisan story | Democratic story | Republican story | Non-Partisan story | Democratic story | Republican story,Control | Control | Control,False,sign_disagreement_not_implementation_error_by_itself,sign_disagreement_review
Campbell1308,Campbell1308:Political Responsiveness:hyp1,-0.2087762998659599,-0.1072222222222238,10.0,-2.0877629986595982,-1.072222222222241,Non-Partisan story | Democratic story | Republican story | Non-Partisan story | Democratic story | Republican story | Non-Partisan story | Democratic story | Republican story,Control | Control | Control,False,ok,percent conversion and condition labels pass cached-data checks
Cohen1099,Cohen1099:Accounting:hyp1,-0.1002032789783031,-0.0141666666666671,5.0,-2.004065579566061,-0.2833333333333465,"female, upper class, no info | female, working class, no info | female, upper class, student loans | female, working class, student loans | female, upper class, no debt | female, working class, no debt | female, upper class, no info | female, working class, no info | female, upper class, student loans | female, working class, student loans | female, upper class, no debt | female, working class, no debt | female, upper class, no info | female, working class, no info | female, upper class, student loans | female, working class, student loans | female, upper class, no debt | female, working class, no debt","male, upper class, no info | male, working class, no info | male, upper class, student loans | male, working class, student loans | male, upper class, no debt | male, working class, no debt | male, upper class, no info | male, working class, no info | male, upper class, student loans | male, working class, student loans | male, upper class, no debt | male, working class, no debt | male, upper class, no info | male, working class, no info | male, upper class, student loans | male, working class, student loans | male, upper class, no debt | male, working class, no debt",False,ok,percent conversion and condition labels pass cached-data checks
Cohen1099,Cohen1099:Accounting:hyp2,0.0987200660611069,0.0424999999999995,5.0,1.9744013212221407,0.8499999999999952,"male, upper class, student loans | male, working class, student loans | female, upper class, student loans | female, working class, student loans | male, upper class, student loans | male, working class, student loans | female, upper class, student loans | female, working class, student loans","male, upper class, no debt | male, working class, no debt | female, upper class, no debt | female, working class, no debt | male, upper class, no debt | male, working class, no debt | female, upper class, no debt | female, working class, no debt",False,ok,percent conversion and condition labels pass cached-data checks
Cohen1099,Cohen1099:History:hyp1,-0.0249669049925955,-0.0533333333333319,5.0,-0.4993380998519148,-1.066666666666638,"female, upper class, no info | female, working class, no info | female, upper class, student loans | female, working class, student loans | female, upper class, no debt | female, working class, no debt | female, upper class, no info | female, working class, no info | female, upper class, student loans | female, working class, student loans | female, upper class, no debt | female, working class, no debt | female, upper class, no info | female, working class, no info | female, upper class, student loans | female, working class, student loans | female, upper class, no debt | female, working class, no debt","male, upper class, no info | male, working class, no info | male, upper class, student loans | male, working class, student loans | male, upper class, no debt | male, working class, no debt | male, upper class, no info | male, working class, no info | male, upper class, student loans | male, working class, student loans | male, upper class, no debt | male, working class, no debt | male, upper class, no info | male, working class, no info | male, upper class, student loans | male, working class, student loans | male, upper class, no debt | male, working class, no debt",False,ok,percent conversion and condition labels pass cached-data checks
Cohen1099,Cohen1099:Nursing:hyp1,0.5242028513727459,0.1927777777777781,5.0,10.484057027454918,3.855555555555557,"female, upper class, no info | female, working class, no info | female, upper class, student loans | female, working class, student loans | female, upper class, no debt | female, working class, no debt | female, upper class, no info | female, working class, no info | female, upper class, student loans | female, working class, student loans | female, upper class, no debt | female, working class, no debt | female, upper class, no info | female, working class, no info | female, upper class, student loans | female, working class, student loans | female, upper class, no debt | female, working class, no debt","male, upper class, no info | male, working class, no info | male, upper class, student loans | male, working class, student loans | male, upper class, no debt | male, working class, no debt | male, upper class, no info | male, working class, no info | male, upper class, student loans | male, working class, student loans | male, upper class, no debt | male, working class, no debt | male, upper class, no info | male, working class, no info | male, upper class, student loans | male, working class, student loans | male, upper class, no debt | male, working class, no debt",False,ok,percent conversion and condition labels pass cached-data checks
Cohen1099,Cohen1099:Nursing:hyp2,-0.1275076504590284,-0.0012500000000001,5.0,-2.550153009180567,-0.0249999999999972,"male, upper class, student loans | male, working class, student loans | female, upper class, student loans | female, working class, student loans | male, upper class, student loans | male, working class, student loans | female, upper class, student loans | female, working class, student loans","male, upper class, no debt | male, working class, no debt | female, upper class, no debt | female, working class, no debt | male, upper class, no debt | male, working class, no debt | female, upper class, no debt | female, working class, no debt",False,ok,percent conversion and condition labels pass cached-data checks
CorstangeBRIEF69,CorstangeBRIEF69:welcome_refugees:hyp1,-0.00172215843858,0.0100000000000002,4.0,-0.0430539609645008,0.2500000000000058,Group 2,Group 1,True,sign_disagreement_not_implementation_error_by_itself,sign_disagreement_review
CorstangeBRIEF69,CorstangeBRIEF69:welcome_refugees:hyp2,0.1089743589743599,-0.0133333333333398,4.0,2.724358974358998,-0.3333333333334964,Group 3,Group 1,True,sign_disagreement_not_implementation_error_by_itself,sign_disagreement_review
Enos700,Enos700:modern_racism1:hyp1,0.2808809179312868,-0.2825000000000006,4.0,7.022022948282169,-7.062500000000016,Surinamese | Mauritanian,Black,False,sign_disagreement_not_implementation_error_by_itself,sign_disagreement_review
FaheyS78,FaheyS78:cancel culture:hyp1,0.0545412807409784,-0.134166666666665,4.0,1.3635320185244604,-3.3541666666666248,Liberal * Cancel | Conservative * Cancel,Liberal * No Cancel | Conservative * No Cancel,True,sign_disagreement_not_implementation_error_by_itself,sign_disagreement_review
FarrowS6,FarrowS6:Disappointment:hyp1,-0.0496936576809003,0.1500000000000012,6.0,-0.8282276280150103,2.5000000000000244,Condition 2 disappointment,Condition 1 disappointment,False,sign_disagreement_not_implementation_error_by_itself,sign_disagreement_review
Haaland874,Haaland874:Affirmative action: Assistance:hyp1,-0.0201884344684604,0.0699999999999998,4.0,-0.5047108617115104,1.749999999999996,TREATMENT | TREATMENT | TREATMENT,CONTROL | CONTROL | CONTROL,True,sign_disagreement_not_implementation_error_by_itself,sign_disagreement_review
Haaland874,Haaland874:Affirmative action: Preference:hyp1,0.0339222818869502,0.2100000000000004,4.0,0.8480570471737559,5.250000000000011,TREATMENT | TREATMENT | TREATMENT,CONTROL | CONTROL | CONTROL,True,ok,percent conversion and condition labels pass cached-data checks
Haaland874,Haaland874:Racial Discrimination perception:hyp1,-0.1691240272184404,0.0883333333333302,4.0,-4.228100680461012,2.2083333333332567,TREATMENT | TREATMENT | TREATMENT,CONTROL | CONTROL | CONTROL,True,sign_disagreement_not_implementation_error_by_itself,sign_disagreement_review
HankinsonS22,HankinsonS22:Clinic_support:hyp1,-0.4247699079631801,0.1583333333333301,4.0,-10.619247699079503,3.9583333333332527,Far Treatment,Near Treatment,True,sign_disagreement_not_implementation_error_by_itself,sign_disagreement_review
Howard823,Howard823:Willingness_to_spend_on_optional_expense:hyp1,-0.1228740936057999,0.5599999999999996,10.0,-1.2287409360579982,5.599999999999994,Experimental Different | Experimental Different | Experimental Different,Control | Control | Control,False,sign_disagreement_not_implementation_error_by_itself,sign_disagreement_review
Howard823,Howard823:Willingness_to_spend_on_optional_expense:hyp2,0.1255541907937098,0.4633333333333294,10.0,1.2555419079371022,4.633333333333289,Experimental Different | Experimental Different | Experimental Different,Experimental Similar | Experimental Similar | Experimental Similar,False,ok,percent conversion and condition labels pass cached-data checks
Howard823,Howard823:financial_slack:hyp1,-0.1055526047890897,-0.0916666666666596,6.0,-1.7592100798181631,-1.527777777777661,Experimental Different | Experimental Different | Experimental Different,Control | Control | Control,False,ok,percent conversion and condition labels pass cached-data checks
Howard823,Howard823:financial_slack:hyp2,0.0111792918606297,-0.1299999999999994,6.0,0.1863215310104971,-2.1666666666666554,Experimental Different | Experimental Different | Experimental Different,Experimental Similar | Experimental Similar | Experimental Similar,False,sign_disagreement_not_implementation_error_by_itself,sign_disagreement_review
Iles1294,Iles1294:Confusing:hyp1,0.0446342054263566,0.4502777777777762,6.0,0.7439034237726072,7.504629629629611,Experimental condition 1 (conflict in evidence) | Experimental condition 2 (conflict between sources) | Experimental condition 3 (conflict within source) | Experimental condition 5 (conflict in evidence) | Experimental condition 6 (conflict between sources) | Experimental condition 7 (conflict within source) | Experimental condition 1 (conflict in evidence) | Experimental condition 2 (conflict between sources) | Experimental condition 3 (conflict within source) | Experimental condition 5 (conflict in evidence) | Experimental condition 6 (conflict between sources) | Experimental condition 7 (conflict within source) | Experimental condition 1 (conflict in evidence) | Experimental condition 2 (conflict between sources) | Experimental condition 3 (conflict within source) | Experimental condition 5 (conflict in evidence) | Experimental condition 6 (conflict between sources) | Experimental condition 7 (conflict within source),Experimental condition 4 (no conflict control) | Experimental condition 8 (no conflict control) | Experimental condition 4 (no conflict control) | Experimental condition 8 (no conflict control) | Experimental condition 4 (no conflict control) | Experimental condition 8 (no conflict control),False,ok,percent conversion and condition labels pass cached-data checks
Iles1294,Iles1294:Confusing:hyp2,-0.1692913385826764,0.0599999999999996,6.0,-2.821522309711272,1.0000000000000009,Experimental condition 2 (conflict between sources) | Experimental condition 6 (conflict between sources) | Experimental condition 2 (conflict between sources) | Experimental condition 6 (conflict between sources) | Experimental condition 2 (conflict between sources) | Experimental condition 6 (conflict between sources),Experimental condition 1 (conflict in evidence) | Experimental condition 5 (conflict in evidence) | Experimental condition 1 (conflict in evidence) | Experimental condition 5 (conflict in evidence) | Experimental condition 1 (conflict in evidence) | Experimental condition 5 (conflict in evidence),False,sign_disagreement_not_implementation_error_by_itself,sign_disagreement_review
Iles1294,Iles1294:Confusing:hyp3,-0.1348576620230179,-0.1133333333333297,6.0,-2.2476277003836307,-1.8888888888888289,Experimental condition 2 (conflict between sources) | Experimental condition 6 (conflict between sources) | Experimental condition 2 (conflict between sources) | Experimental condition 6 (conflict between sources) | Experimental condition 2 (conflict between sources) | Experimental condition 6 (conflict between sources),Experimental condition 3 (conflict within source) | Experimental condition 7 (conflict within source) | Experimental condition 3 (conflict within source) | Experimental condition 7 (conflict within source) | Experimental condition 3 (conflict within source) | Experimental condition 7 (conflict within source),False,ok,percent conversion and condition labels pass cached-data checks
Iles1294,Iles1294:Frustrated:hyp1,0.0637112403100783,0.887222222222225,4.0,1.5927810077519589,22.180555555555625,Experimental condition 1 (conflict in evidence) | Experimental condition 2 (conflict between sources) | Experimental condition 3 (conflict within source) | Experimental condition 5 (conflict in evidence) | Experimental condition 6 (conflict between sources) | Experimental condition 7 (conflict within source) | Experimental condition 1 (conflict in evidence) | Experimental condition 2 (conflict between sources) | Experimental condition 3 (conflict within source) | Experimental condition 5 (conflict in evidence) | Experimental condition 6 (conflict between sources) | Experimental condition 7 (conflict within source) | Experimental condition 1 (conflict in evidence) | Experimental condition 2 (conflict between sources) | Experimental condition 3 (conflict within source) | Experimental condition 5 (conflict in evidence) | Experimental condition 6 (conflict between sources) | Experimental condition 7 (conflict within source),Experimental condition 4 (no conflict control) | Experimental condition 8 (no conflict control) | Experimental condition 4 (no conflict control) | Experimental condition 8 (no conflict control) | Experimental condition 4 (no conflict control) | Experimental condition 8 (no conflict control),False,ok,percent conversion and condition labels pass cached-data checks
Iles1294,Iles1294:Frustrated:hyp2,0.1259842519685043,0.3349999999999999,4.0,3.1496062992126097,8.375,Experimental condition 2 (conflict between sources) | Experimental condition 6 (conflict between sources) | Experimental condition 2 (conflict between sources) | Experimental condition 6 (conflict between sources) | Experimental condition 2 (conflict between sources) | Experimental condition 6 (conflict between sources),Experimental condition 1 (conflict in evidence) | Experimental condition 5 (conflict in evidence) | Experimental condition 1 (conflict in evidence) | Experimental condition 5 (conflict in evidence) | Experimental condition 1 (conflict in evidence) | Experimental condition 5 (conflict in evidence),False,ok,percent conversion and condition labels pass cached-data checks
Iles1294,Iles1294:Frustrated:hyp3,-0.052089642640821,-0.1566666666666654,4.0,-1.3022410660205264,-3.916666666666635,Experimental condition 2 (conflict between sources) | Experimental condition 6 (conflict between sources) | Experimental condition 2 (conflict between sources) | Experimental condition 6 (conflict between sources) | Experimental condition 2 (conflict between sources) | Experimental condition 6 (conflict between sources),Experimental condition 3 (conflict within source) | Experimental condition 7 (conflict within source) | Experimental condition 3 (conflict within source) | Experimental condition 7 (conflict within source) | Experimental condition 3 (conflict within source) | Experimental condition 7 (conflict within source),False,ok,percent conversion and condition labels pass cached-data checks
Iles1294,Iles1294:collaborative:hyp1,-0.3027993669418656,-0.3494444444444449,6.0,-5.046656115697767,-5.8240740740740815,Experimental condition 1 (conflict in evidence) | Experimental condition 2 (conflict between sources) | Experimental condition 3 (conflict within source) | Experimental condition 5 (conflict in evidence) | Experimental condition 6 (conflict between sources) | Experimental condition 7 (conflict within source) | Experimental condition 1 (conflict in evidence) | Experimental condition 2 (conflict between sources) | Experimental condition 3 (conflict within source) | Experimental condition 5 (conflict in evidence) | Experimental condition 6 (conflict between sources) | Experimental condition 7 (conflict within source) | Experimental condition 1 (conflict in evidence) | Experimental condition 2 (conflict between sources) | Experimental condition 3 (conflict within source) | Experimental condition 5 (conflict in evidence) | Experimental condition 6 (conflict between sources) | Experimental condition 7 (conflict within source),Experimental condition 4 (no conflict control) | Experimental condition 8 (no conflict control) | Experimental condition 4 (no conflict control) | Experimental condition 8 (no conflict control) | Experimental condition 4 (no conflict control) | Experimental condition 8 (no conflict control),False,ok,percent conversion and condition labels pass cached-data checks
Iles1294,Iles1294:collaborative:hyp2,-0.1041531573259222,-0.1266666666666642,6.0,-1.7358859554320372,-2.111111111111064,Experimental condition 2 (conflict between sources) | Experimental condition 6 (conflict between sources) | Experimental condition 2 (conflict between sources) | Experimental condition 6 (conflict between sources) | Experimental condition 2 (conflict between sources) | Experimental condition 6 (conflict between sources),Experimental condition 1 (conflict in evidence) | Experimental condition 5 (conflict in evidence) | Experimental condition 1 (conflict in evidence) | Experimental condition 5 (conflict in evidence) | Experimental condition 1 (conflict in evidence) | Experimental condition 5 (conflict in evidence),False,ok,percent conversion and condition labels pass cached-data checks
Iles1294,Iles1294:collaborative:hyp3,-0.1513628104179227,-0.0299999999999958,6.0,-2.5227135069653794,-0.4999999999999227,Experimental condition 2 (conflict between sources) | Experimental condition 6 (conflict between sources) | Experimental condition 2 (conflict between sources) | Experimental condition 6 (conflict between sources) | Experimental condition 2 (conflict between sources) | Experimental condition 6 (conflict between sources),Experimental condition 3 (conflict within source) | Experimental condition 7 (conflict within source) | Experimental condition 3 (conflict within source) | Experimental condition 7 (conflict within source) | Experimental condition 3 (conflict within source) | Experimental condition 7 (conflict within source),False,ok,percent conversion and condition labels pass cached-data checks
Kennedy1017,Kennedy1017:Family_approval:hyp1,0.112143163142111,0.0983333333333291,10.0,1.1214316314211104,0.9833333333332916,Green; High | Green; High | Green; High,Green; Low | Green; Low | Green; Low,False,ok,percent conversion and condition labels pass cached-data checks
Kennedy1017,Kennedy1017:Family_approval:hyp2,0.5027949595735617,1.3541666666666634,10.0,5.027949595735615,13.54166666666664,Green; Low | Green; High | Green; Low | Green; High | Green; Low | Green; High,Not Green; Low | Not Green; High | Not Green; Low | Not Green; High | Not Green; Low | Not Green; High,False,ok,percent conversion and condition labels pass cached-data checks
Kennedy1017,Kennedy1017:Family_friends:hyp1,0.0272495157598093,-0.0016666666666607,10.0,0.272495157598096,-0.0166666666666093,Green; High | Green; High | Green; High,Green; Low | Green; Low | Green; Low,False,sign_disagreement_not_implementation_error_by_itself,sign_disagreement_review
Kennedy1017,Kennedy1017:Family_friends:hyp2,0.5909494900894474,0.4300000000000006,10.0,5.909494900894474,4.300000000000004,Green; Low | Green; High | Green; Low | Green; High | Green; Low | Green; High,Not Green; Low | Not Green; High | Not Green; Low | Not Green; High | Not Green; Low | Not Green; High,False,ok,percent conversion and condition labels pass cached-data checks
Kennedy1017,Kennedy1017:Family_knowledge:hyp1,0.6742132970543002,1.205,10.0,6.742132970543002,12.050000000000004,Green; High | Green; High | Green; High,Green; Low | Green; Low | Green; Low,False,ok,percent conversion and condition labels pass cached-data checks
Kennedy1017,Kennedy1017:Family_knowledge:hyp2,0.6178358411195601,0.5741666666666658,10.0,6.178358411195594,5.7416666666666565,Green; Low | Green; High | Green; Low | Green; High | Green; Low | Green; High,Not Green; Low | Not Green; High | Not Green; Low | Not Green; High | Not Green; Low | Not Green; High,False,ok,percent conversion and condition labels pass cached-data checks
KlarS44,KlarS44:efficacy:hyp1,-0.1248721736166404,-0.0566666666666701,6.0,-2.081202893610673,-0.9444444444445032,CONTROL | CONTROL | CONTROL,PARTISAN | PARTISAN | PARTISAN,True,ok,percent conversion and condition labels pass cached-data checks
KlarS44,KlarS44:efficacy:hyp2,-0.1425711275026406,0.0849999999999999,6.0,-2.3761854583773445,1.416666666666666,GENDER | GENDER | GENDER,PARTISAN | PARTISAN | PARTISAN,True,sign_disagreement_not_implementation_error_by_itself,sign_disagreement_review
KlarS44,KlarS44:importance:hyp1,-0.0231253352105094,-0.0016666666666598,4.0,-0.5781333802627353,-0.0416666666664955,CONTROL | CONTROL | CONTROL,PARTISAN | PARTISAN | PARTISAN,False,ok,percent conversion and condition labels pass cached-data checks
KlarS44,KlarS44:importance:hyp2,-0.0656459861957499,0.0633333333333396,4.0,-1.6411496548937476,1.583333333333492,GENDER | GENDER | GENDER,PARTISAN | PARTISAN | PARTISAN,False,sign_disagreement_not_implementation_error_by_itself,sign_disagreement_review
KlarS44,KlarS44:support_candidate:hyp1,-0.1349259305887802,-0.0233333333333298,4.0,-3.373148264719505,-0.5833333333332469,CONTROL | CONTROL | CONTROL,PARTISAN | PARTISAN | PARTISAN,True,ok,percent conversion and condition labels pass cached-data checks
KlarS44,KlarS44:support_candidate:hyp2,-0.02064876177189,0.0716666666666698,4.0,-0.5162190442972503,1.791666666666747,GENDER | GENDER | GENDER,PARTISAN | PARTISAN | PARTISAN,True,sign_disagreement_not_implementation_error_by_itself,sign_disagreement_review
McGinty730,McGinty730:social_stigma:hyp1,-0.030756302521,0.54666666666667,4.0,-0.7689075630250009,13.66666666666675,Successful Treatment Engagement & Recovery | Successful Treatment Engagement & Recovery | Successful Treatment Engagement & Recovery,No narrative | No narrative | No narrative,True,sign_disagreement_not_implementation_error_by_itself,sign_disagreement_review
McGinty730,McGinty730:social_stigma:hyp2,0.1589401766372322,0.1841666666666697,4.0,3.9735044159308064,4.604166666666743,Unsuccessful Treatment Engagement (Individual Choice) | Unsuccessful Treatment Engagement (Policy Failure) | Unsuccessful Treatment Engagement (Individual Choice) | Unsuccessful Treatment Engagement (Policy Failure) | Unsuccessful Treatment Engagement (Individual Choice) | Unsuccessful Treatment Engagement (Policy Failure),No narrative | No narrative | No narrative,True,ok,percent conversion and condition labels pass cached-data checks
McGinty730,McGinty730:social_stigma:hyp3,0.2667958874094065,-0.7908333333333348,4.0,6.669897185235163,-19.77083333333337,Unsuccessful Treatment Engagement (Individual Choice) + Stranger Violence | Unsuccessful Treatment Engagement (Policy Failure) + Stranger Violence | Unsuccessful Treatment Engagement (Individual Choice) + Stranger Violence | Unsuccessful Treatment Engagement (Policy Failure) + Stranger Violence | Unsuccessful Treatment Engagement (Individual Choice) + Stranger Violence | Unsuccessful Treatment Engagement (Policy Failure) + Stranger Violence,No narrative | No narrative | No narrative,True,sign_disagreement_not_implementation_error_by_itself,sign_disagreement_review
McGinty730,McGinty730:social_stigma:hyp4,0.3618214227839962,-1.1116666666666657,4.0,9.045535569599906,-27.79166666666664,Unsuccessful Treatment Engagement (Individual Choice) + Family Violence | Unsuccessful treatment Engagement (Policy Failure) + Family Violence | Unsuccessful Treatment Engagement (Individual Choice) + Family Violence | Unsuccessful treatment Engagement (Policy Failure) + Family Violence | Unsuccessful Treatment Engagement (Individual Choice) + Family Violence | Unsuccessful treatment Engagement (Policy Failure) + Family Violence,No narrative | No narrative | No narrative,True,sign_disagreement_not_implementation_error_by_itself,sign_disagreement_review
McGinty730,McGinty730:treatment_support:hyp1,-0.1376707163804003,0.2333333333333298,4.0,-3.4417679095100078,5.833333333333246,Successful Treatment Engagement & Recovery | Successful Treatment Engagement & Recovery | Successful Treatment Engagement & Recovery,No narrative | No narrative | No narrative,True,sign_disagreement_not_implementation_error_by_itself,sign_disagreement_review
McGinty730,McGinty730:treatment_support:hyp2,-0.19517574656148,0.2574999999999949,4.0,-4.879393664037002,6.437499999999874,Unsuccessful Treatment Engagement (Individual Choice) | Unsuccessful Treatment Engagement (Policy Failure) | Unsuccessful Treatment Engagement (Individual Choice) | Unsuccessful Treatment Engagement (Policy Failure) | Unsuccessful Treatment Engagement (Individual Choice) | Unsuccessful Treatment Engagement (Policy Failure),No narrative | No narrative | No narrative,True,sign_disagreement_not_implementation_error_by_itself,sign_disagreement_review
McGinty730,McGinty730:treatment_support:hyp3,-0.1928925316022138,0.3849999999999953,4.0,-4.822313290055346,9.624999999999885,Unsuccessful Treatment Engagement (Individual Choice) + Stranger Violence | Unsuccessful Treatment Engagement (Policy Failure) + Stranger Violence | Unsuccessful Treatment Engagement (Individual Choice) + Stranger Violence | Unsuccessful Treatment Engagement (Policy Failure) + Stranger Violence | Unsuccessful Treatment Engagement (Individual Choice) + Stranger Violence | Unsuccessful Treatment Engagement (Policy Failure) + Stranger Violence,No narrative | No narrative | No narrative,True,sign_disagreement_not_implementation_error_by_itself,sign_disagreement_review
McGinty730,McGinty730:treatment_support:hyp4,-0.2265718152814924,0.3941666666666652,4.0,-5.664295382037309,9.85416666666663,Unsuccessful Treatment Engagement (Individual Choice) + Family Violence | Unsuccessful treatment Engagement (Policy Failure) + Family Violence | Unsuccessful Treatment Engagement (Individual Choice) + Family Violence | Unsuccessful treatment Engagement (Policy Failure) + Family Violence | Unsuccessful Treatment Engagement (Individual Choice) + Family Violence | Unsuccessful treatment Engagement (Policy Failure) + Family Violence,No narrative | No narrative | No narrative,True,sign_disagreement_not_implementation_error_by_itself,sign_disagreement_review
McGinty730,McGinty730:willingness_to_pay_mentalhealthservices:hyp1,-0.0362772871188197,0.0449999999999999,1.0,-3.627728711881972,4.499999999999993,Successful Treatment Engagement & Recovery | Successful Treatment Engagement & Recovery | Successful Treatment Engagement & Recovery,No narrative | No narrative | No narrative,True,sign_disagreement_not_implementation_error_by_itself,sign_disagreement_review
McGinty730,McGinty730:willingness_to_pay_mentalhealthservices:hyp2,-0.0856763044200756,0.050833333333335,1.0,-8.567630442007568,5.083333333333506,Unsuccessful Treatment Engagement (Individual Choice) | Unsuccessful Treatment Engagement (Policy Failure) | Unsuccessful Treatment Engagement (Individual Choice) | Unsuccessful Treatment Engagement (Policy Failure) | Unsuccessful Treatment Engagement (Individual Choice) | Unsuccessful Treatment Engagement (Policy Failure),No narrative | No narrative | No narrative,True,sign_disagreement_not_implementation_error_by_itself,sign_disagreement_review
McGinty730,McGinty730:willingness_to_pay_mentalhealthservices:hyp3,-0.1218200100553066,0.0591666666666697,1.0,-12.182001005530662,5.91666666666697,Unsuccessful Treatment Engagement (Individual Choice) + Stranger Violence | Unsuccessful Treatment Engagement (Policy Failure) + Stranger Violence | Unsuccessful Treatment Engagement (Individual Choice) + Stranger Violence | Unsuccessful Treatment Engagement (Policy Failure) + Stranger Violence | Unsuccessful Treatment Engagement (Individual Choice) + Stranger Violence | Unsuccessful Treatment Engagement (Policy Failure) + Stranger Violence,No narrative | No narrative | No narrative,True,sign_disagreement_not_implementation_error_by_itself,sign_disagreement_review
McGinty730,McGinty730:willingness_to_pay_mentalhealthservices:hyp4,-0.1216089728072302,0.0583333333333349,1.0,-12.160897280723027,5.83333333333349,Unsuccessful Treatment Engagement (Individual Choice) + Family Violence | Unsuccessful treatment Engagement (Policy Failure) + Family Violence | Unsuccessful Treatment Engagement (Individual Choice) + Family Violence | Unsuccessful treatment Engagement (Policy Failure) + Family Violence | Unsuccessful Treatment Engagement (Individual Choice) + Family Violence | Unsuccessful treatment Engagement (Policy Failure) + Family Violence,No narrative | No narrative | No narrative,True,sign_disagreement_not_implementation_error_by_itself,sign_disagreement_review
Melin1066,Melin1066:Capable:hyp1,0.6100566100566098,0.30833333333333,6.0,10.167610167610164,5.138888888888838,“Military/Automotive” | “Military/Automotive” | “Military/Automotive”,“Cosmetics/Automotive” | “Cosmetics/Automotive” | “Cosmetics/Automotive”,False,ok,percent conversion and condition labels pass cached-data checks
Melin1066,Melin1066:Capable:hyp2,0.3898989898989899,0.2199999999999997,6.0,6.498316498316504,3.6666666666666634,“Military/Consulting” | “Military/Consulting” | “Military/Consulting”,“Cosmetics/Consulting” | “Cosmetics/Consulting” | “Cosmetics/Consulting”,False,ok,percent conversion and condition labels pass cached-data checks
Melin1066,Melin1066:Capable:hyp3,0.2456234096692107,0.1983333333333412,6.0,4.093723494486845,3.305555555555684,“Military/Wedding” | “Military/Wedding” | “Military/Wedding”,“Cosmetics/Wedding” | “Cosmetics/Wedding” | “Cosmetics/Wedding”,False,ok,percent conversion and condition labels pass cached-data checks
Melin1066,Melin1066:masculine:hyp1,0.8377256238800799,0.8250000000000002,6.0,13.962093731334663,13.750000000000004,“Military/Automotive” | “Military/Automotive” | “Military/Automotive”,“Cosmetics/Automotive” | “Cosmetics/Automotive” | “Cosmetics/Automotive”,False,ok,percent conversion and condition labels pass cached-data checks
Melin1066,Melin1066:masculine:hyp2,0.8336301332901601,1.09166666666667,6.0,13.893835554836004,18.194444444444496,“Military/Consulting” | “Military/Consulting” | “Military/Consulting”,“Cosmetics/Consulting” | “Cosmetics/Consulting” | “Cosmetics/Consulting”,False,ok,percent conversion and condition labels pass cached-data checks
Melin1066,Melin1066:masculine:hyp3,0.93538064226364,1.2399999999999998,6.0,15.589677371060668,20.66666666666666,“Military/Wedding” | “Military/Wedding” | “Military/Wedding”,“Cosmetics/Wedding” | “Cosmetics/Wedding” | “Cosmetics/Wedding”,False,ok,percent conversion and condition labels pass cached-data checks
Merolla843,Merolla843:foreign_policy:hyp1,0.3150371640937703,0.24166666666666,6.0,5.250619401562845,4.027777777777669,anger_condtion | fear/anxiety_condtion | anger_condtion,relaxation_condition | relaxation_condition | relaxation_condition,False,ok,percent conversion and condition labels pass cached-data checks
Merolla843,Merolla843:foreign_policy:hyp2,0.2150989665440499,0.1516666666666601,6.0,3.5849827757341632,2.5277777777776675,fear/anxiety_condtion | fear/anxiety_condtion | anger_condtion,relaxation_condition | anger_condtion | fear/anxiety_condtion,False,ok,percent conversion and condition labels pass cached-data checks
Merolla843,Merolla843:foreign_policy:hyp3,0.0999381975497204,0.0899999999999998,6.0,1.6656366258286814,1.500000000000001,anger_condtion,fear/anxiety_condtion,False,ok,percent conversion and condition labels pass cached-data checks
Merolla843,Merolla843:hillary_clinton_leadership:hyp1,-0.0645278891724401,0.1316666666666597,6.0,-1.0754648195406669,2.1944444444443323,anger_condtion | fear/anxiety_condtion | anger_condtion,relaxation_condition | relaxation_condition | relaxation_condition,False,sign_disagreement_not_implementation_error_by_itself,sign_disagreement_review
Merolla843,Merolla843:hillary_clinton_leadership:hyp2,0.0526138523347898,0.0616666666666594,6.0,0.8768975389131684,1.0277777777776609,fear/anxiety_condtion | fear/anxiety_condtion | anger_condtion,relaxation_condition | anger_condtion | fear/anxiety_condtion,False,ok,percent conversion and condition labels pass cached-data checks
Merolla843,Merolla843:trump_leadership:hyp1,-0.2679161785760802,0.5966666666666702,6.0,-4.465269642934672,9.944444444444503,anger_condtion | fear/anxiety_condtion | anger_condtion,relaxation_condition | relaxation_condition | relaxation_condition,False,sign_disagreement_not_implementation_error_by_itself,sign_disagreement_review
Merolla843,Merolla843:trump_leadership:hyp2,-0.1340967594486,0.1683333333333401,6.0,-2.23494599081,2.8055555555556664,fear/anxiety_condtion | fear/anxiety_condtion | anger_condtion,relaxation_condition | anger_condtion | fear/anxiety_condtion,False,sign_disagreement_not_implementation_error_by_itself,sign_disagreement_review
Mezzapelle1439,Mezzapelle1439:BELIEVABLE:hyp1,0.0543456197646117,-0.0191666666666643,6.0,0.905760329410188,-0.3194444444444055,Black Cisgender Woman | Black Transgender Woman | Black Cisgender Woman | Black Transgender Woman | Black Cisgender Woman | Black Transgender Woman,White Cisgender Woman | White Transgender Woman | White Cisgender Woman | White Transgender Woman | White Cisgender Woman | White Transgender Woman,False,sign_disagreement_not_implementation_error_by_itself,sign_disagreement_review
Mezzapelle1439,Mezzapelle1439:BELIEVABLE:hyp2,0.0201905145087888,-0.0508333333333359,6.0,0.3365085751464769,-0.8472222222222658,Black Transgender Woman | White Transgender Woman | Black Transgender Woman | White Transgender Woman | Black Transgender Woman | White Transgender Woman,Black Cisgender Woman | White Cisgender Woman | Black Cisgender Woman | White Cisgender Woman | Black Cisgender Woman | White Cisgender Woman,False,sign_disagreement_not_implementation_error_by_itself,sign_disagreement_review
Mezzapelle1439,Mezzapelle1439:BELIEVABLE:hyp3,0.0758432565315905,-0.0700000000000002,6.0,1.264054275526505,-1.1666666666666714,Black Transgender Woman | Black Transgender Woman | Black Transgender Woman,White Cisgender Woman | White Cisgender Woman | White Cisgender Woman,False,sign_disagreement_not_implementation_error_by_itself,sign_disagreement_review
Mezzapelle1439,Mezzapelle1439:COMPENSATION:hyp1,0.02477425121321,0.0216666666666691,6.0,0.412904186886831,0.3611111111111564,Black Cisgender Woman | Black Transgender Woman | Black Cisgender Woman | Black Transgender Woman | Black Cisgender Woman | Black Transgender Woman,White Cisgender Woman | White Transgender Woman | White Cisgender Woman | White Transgender Woman | White Cisgender Woman | White Transgender Woman,False,ok,percent conversion and condition labels pass cached-data checks
Mezzapelle1439,Mezzapelle1439:COMPENSATION:hyp2,0.0906523008390225,-0.0450000000000008,6.0,1.510871680650383,-0.7500000000000173,Black Transgender Woman | White Transgender Woman | Black Transgender Woman | White Transgender Woman | Black Transgender Woman | White Transgender Woman,Black Cisgender Woman | White Cisgender Woman | Black Cisgender Woman | White Cisgender Woman | Black Cisgender Woman | White Cisgender Woman,False,sign_disagreement_not_implementation_error_by_itself,sign_disagreement_review
Mezzapelle1439,Mezzapelle1439:COMPENSATION:hyp3,0.11616134025311,-0.0233333333333307,6.0,1.9360223375518348,-0.3888888888888386,Black Transgender Woman | Black Transgender Woman | Black Transgender Woman,White Cisgender Woman | White Cisgender Woman | White Cisgender Woman,False,sign_disagreement_not_implementation_error_by_itself,sign_disagreement_review
Mezzapelle1439,Mezzapelle1439:PERCEIVED HARM:hyp1,0.1137666440983968,-0.0033333333333303,6.0,1.896110734973277,-0.0555555555555087,Black Cisgender Woman | Black Transgender Woman | Black Cisgender Woman | Black Transgender Woman | Black Cisgender Woman | Black Transgender Woman,White Cisgender Woman | White Transgender Woman | White Cisgender Woman | White Transgender Woman | White Cisgender Woman | White Transgender Woman,False,sign_disagreement_not_implementation_error_by_itself,sign_disagreement_review
Mezzapelle1439,Mezzapelle1439:PERCEIVED HARM:hyp2,0.1479711126156653,-0.0233333333333298,6.0,2.466185210261085,-0.3888888888888275,Black Transgender Woman | White Transgender Woman | Black Transgender Woman | White Transgender Woman | Black Transgender Woman | White Transgender Woman,Black Cisgender Woman | White Cisgender Woman | Black Cisgender Woman | White Cisgender Woman | Black Cisgender Woman | White Cisgender Woman,False,sign_disagreement_not_implementation_error_by_itself,sign_disagreement_review
Mezzapelle1439,Mezzapelle1439:PERCEIVED HARM:hyp3,0.2641750871464507,-0.0266666666666601,6.0,4.402918119107513,-0.4444444444443363,Black Transgender Woman | Black Transgender Woman | Black Transgender Woman,White Cisgender Woman | White Cisgender Woman | White Cisgender Woman,False,sign_disagreement_not_implementation_error_by_itself,sign_disagreement_review
MunschS68,MunschS68:Morgan_Committed:hyp1,0.7805075248158841,0.5184999999999986,6.0,13.008458746931408,8.641666666666648,50 hours/male/1% | 50 hours/female/1% | 50 hours/male/20% | 50 hours/female/20% | 50 hours/male/60% | 50 hours/female/60%,40 hours/male/1% | 40 hours/female/1% | 40 hours/male/20% | 40 hours/male/60% | 40 hours/female/60%,False,ok,percent conversion and condition labels pass cached-data checks
SchaadS62,SchaadS62:still_identify:hyp1,-0.1639007411440518,-0.0066666666666659,6.0,-2.7316790190675344,-0.1111111111110951,v5 Narrative Conforming Transgender Man | v6 Narrative Nonconforming Transgender Man | v7 Narrative Conforming AFAB Non-Binary Person | v8 Narrative Nonconforming AFAB Non-Binary Person,v1 Narrative Conforming Transgender Woman | v2 Narrative Nonconforming Transgender Woman | v3 Narrative Conforming AMAB Non-Binary Person | v4 Narrative Nonconforming AMAB Non-Binary Person,False,ok,percent conversion and condition labels pass cached-data checks
SchaadS62,SchaadS62:still_identify:hyp2,-0.4145196117105039,-0.5625,6.0,-6.908660195175065,-9.375,v3 Narrative Conforming AMAB Non-Binary Person | v4 Narrative Nonconforming AMAB Non-Binary Person | v7 Narrative Conforming AFAB Non-Binary Person | v8 Narrative Nonconforming AFAB Non-Binary Person,v1 Narrative Conforming Transgender Woman | v2 Narrative Nonconforming Transgender Woman | v5 Narrative Conforming Transgender Man | v6 Narrative Nonconforming Transgender Man,False,ok,percent conversion and condition labels pass cached-data checks
SchaadS62,SchaadS62:still_identify:hyp3,-0.5728063485668207,-0.2041666666666657,6.0,-9.546772476113674,-3.4027777777777657,v2 Narrative Nonconforming Transgender Woman | v4 Narrative Nonconforming AMAB Non-Binary Person | v6 Narrative Nonconforming Transgender Man | v8 Narrative Nonconforming AFAB Non-Binary Person,v1 Narrative Conforming Transgender Woman | v3 Narrative Conforming AMAB Non-Binary Person | v5 Narrative Conforming Transgender Man | v7 Narrative Conforming AFAB Non-Binary Person,False,ok,percent conversion and condition labels pass cached-data checks
Schnabel903,Schnabel903:Feminine:hyp1,0.1123272993853272,0.2236111111111087,6.0,1.872121656422121,3.726851851851809,Version 1 | Version 5 | Version 1 | Version 5,Version 2 | Version 3 | Version 4 | Version 6 | Version 7 | Version 8 | Version 2 | Version 3 | Version 4 | Version 6 | Version 7 | Version 8,False,ok,percent conversion and condition labels pass cached-data checks
Schnabel903,Schnabel903:Masculine:hyp1,0.0261379397301686,0.2419444444444427,6.0,0.4356323288361441,4.032407407407379,Version 1 | Version 5 | Version 1 | Version 5,Version 2 | Version 3 | Version 4 | Version 6 | Version 7 | Version 8 | Version 2 | Version 3 | Version 4 | Version 6 | Version 7 | Version 8,False,ok,percent conversion and condition labels pass cached-data checks
ShannonS2,ShannonS2:tax credit effective:hyp1,-0.1538639840526596,-0.1600000000000001,4.0,-3.846599601316492,-4.000000000000004,Immigrant without savings,Control,False,ok,percent conversion and condition labels pass cached-data checks
ShannonS2,ShannonS2:tax credit effective:hyp2,-0.3286276639066101,-0.1266666666666598,4.0,-8.215691597665254,-3.1666666666664955,Illegal without savings,Immigrant without savings,False,ok,percent conversion and condition labels pass cached-data checks
ShannonS2,ShannonS2:tax credit effective:hyp3,0.0412168878629937,0.0791666666666648,4.0,1.0304221965748428,1.9791666666666208,Immigrant | Illegal,Immigrant without savings | Illegal without savings,False,ok,percent conversion and condition labels pass cached-data checks
Silverman1035,Silverman1035:Americans_Killed:hyp1,-0.1582228116710931,-0.8941666666666626,2.0,-7.911140583554655,-44.70833333333313,"Treatment 1: Corrective Information, No Elite Endorsement | Treatment 2: Corrective Information, Democratic Endorsement | Treatment 3: Corrective Information, Republican Endorsement | Treatment 4: Corrective Information, Military Endorsement | Treatment 1: Corrective Information, No Elite Endorsement | Treatment 2: Corrective Information, Democratic Endorsement | Treatment 3: Corrective Information, Republican Endorsement | Treatment 4: Corrective Information, Military Endorsement | Treatment 1: Corrective Information, No Elite Endorsement | Treatment 2: Corrective Information, Democratic Endorsement | Treatment 3: Corrective Information, Republican Endorsement | Treatment 4: Corrective Information, Military Endorsement",Control group: No Corrective Information | Control group: No Corrective Information | Control group: No Corrective Information,False,ok,percent conversion and condition labels pass cached-data checks
Silverman1035,Silverman1035:Americans_Killed:hyp2,0.0612946037782062,-0.0144444444444433,2.0,3.064730188910314,-0.7222222222221686,"Treatment 2: Corrective Information, Democratic Endorsement | Treatment 3: Corrective Information, Republican Endorsement | Treatment 4: Corrective Information, Military Endorsement | Treatment 2: Corrective Information, Democratic Endorsement | Treatment 3: Corrective Information, Republican Endorsement | Treatment 4: Corrective Information, Military Endorsement | Treatment 2: Corrective Information, Democratic Endorsement | Treatment 3: Corrective Information, Republican Endorsement | Treatment 4: Corrective Information, Military Endorsement","Treatment 1: Corrective Information, No Elite Endorsement | Treatment 1: Corrective Information, No Elite Endorsement | Treatment 1: Corrective Information, No Elite Endorsement",False,sign_disagreement_not_implementation_error_by_itself,sign_disagreement_review
Silverman1035,Silverman1035:Americans_Killed:hyp3,0.0528012786948499,-0.0133333333333298,2.0,2.640063934742498,-0.6666666666664933,"Treatment 3: Corrective Information, Republican Endorsement | Treatment 3: Corrective Information, Republican Endorsement | Treatment 3: Corrective Information, Republican Endorsement","Treatment 1: Corrective Information, No Elite Endorsement | Treatment 1: Corrective Information, No Elite Endorsement | Treatment 1: Corrective Information, No Elite Endorsement",False,sign_disagreement_not_implementation_error_by_itself,sign_disagreement_review
Silverman1035,Silverman1035:Americans_Killed:hyp4,0.07506361323156,-0.0149999999999999,2.0,3.753180661578004,-0.7499999999999951,"Treatment 4: Corrective Information, Military Endorsement | Treatment 4: Corrective Information, Military Endorsement | Treatment 4: Corrective Information, Military Endorsement","Treatment 1: Corrective Information, No Elite Endorsement | Treatment 1: Corrective Information, No Elite Endorsement | Treatment 1: Corrective Information, No Elite Endorsement",False,sign_disagreement_not_implementation_error_by_itself,sign_disagreement_review
Silverman1035,Silverman1035:Terrorism_likely:hyp1,0.0611866028708134,-0.6737499999999974,3.0,2.039553429027113,-22.458333333333247,"Treatment 1: Corrective Information, No Elite Endorsement | Treatment 2: Corrective Information, Democratic Endorsement | Treatment 3: Corrective Information, Republican Endorsement | Treatment 4: Corrective Information, Military Endorsement | Treatment 1: Corrective Information, No Elite Endorsement | Treatment 2: Corrective Information, Democratic Endorsement | Treatment 3: Corrective Information, Republican Endorsement | Treatment 4: Corrective Information, Military Endorsement | Treatment 1: Corrective Information, No Elite Endorsement | Treatment 2: Corrective Information, Democratic Endorsement | Treatment 3: Corrective Information, Republican Endorsement | Treatment 4: Corrective Information, Military Endorsement",Control group: No Corrective Information | Control group: No Corrective Information | Control group: No Corrective Information,True,sign_disagreement_not_implementation_error_by_itself,sign_disagreement_review
Silverman1035,Silverman1035:Terrorism_likely:hyp2,-0.0537988581466835,-0.187222222222223,3.0,-1.7932952715561168,-6.240740740740769,"Treatment 2: Corrective Information, Democratic Endorsement | Treatment 3: Corrective Information, Republican Endorsement | Treatment 4: Corrective Information, Military Endorsement | Treatment 2: Corrective Information, Democratic Endorsement | Treatment 3: Corrective Information, Republican Endorsement | Treatment 4: Corrective Information, Military Endorsement | Treatment 2: Corrective Information, Democratic Endorsement | Treatment 3: Corrective Information, Republican Endorsement | Treatment 4: Corrective Information, Military Endorsement","Treatment 1: Corrective Information, No Elite Endorsement | Treatment 1: Corrective Information, No Elite Endorsement | Treatment 1: Corrective Information, No Elite Endorsement",True,ok,percent conversion and condition labels pass cached-data checks
Silverman1035,Silverman1035:Terrorism_likely:hyp3,-0.0218123261601497,-0.16666666666667,3.0,-0.727077538671661,-5.555555555555669,"Treatment 3: Corrective Information, Republican Endorsement | Treatment 3: Corrective Information, Republican Endorsement | Treatment 3: Corrective Information, Republican Endorsement","Treatment 1: Corrective Information, No Elite Endorsement | Treatment 1: Corrective Information, No Elite Endorsement | Treatment 1: Corrective Information, No Elite Endorsement",True,ok,percent conversion and condition labels pass cached-data checks
Silverman1035,Silverman1035:Terrorism_likely:hyp4,-0.1418480245091,-0.1999999999999997,3.0,-4.728267483636673,-6.666666666666665,"Treatment 4: Corrective Information, Military Endorsement | Treatment 4: Corrective Information, Military Endorsement | Treatment 4: Corrective Information, Military Endorsement","Treatment 1: Corrective Information, No Elite Endorsement | Treatment 1: Corrective Information, No Elite Endorsement | Treatment 1: Corrective Information, No Elite Endorsement",True,ok,percent conversion and condition labels pass cached-data checks
Silverman1035,Silverman1035:Terrorism_worry:hyp1,0.1402508802816928,-0.5308333333333324,3.0,4.675029342723091,-17.694444444444418,"Treatment 1: Corrective Information, No Elite Endorsement | Treatment 2: Corrective Information, Democratic Endorsement | Treatment 3: Corrective Information, Republican Endorsement | Treatment 4: Corrective Information, Military Endorsement | Treatment 1: Corrective Information, No Elite Endorsement | Treatment 2: Corrective Information, Democratic Endorsement | Treatment 3: Corrective Information, Republican Endorsement | Treatment 4: Corrective Information, Military Endorsement | Treatment 1: Corrective Information, No Elite Endorsement | Treatment 2: Corrective Information, Democratic Endorsement | Treatment 3: Corrective Information, Republican Endorsement | Treatment 4: Corrective Information, Military Endorsement",Control group: No Corrective Information | Control group: No Corrective Information | Control group: No Corrective Information,True,sign_disagreement_not_implementation_error_by_itself,sign_disagreement_review
Silverman1035,Silverman1035:Terrorism_worry:hyp2,0.0550264905103636,-0.0500000000000033,3.0,1.8342163503454525,-1.666666666666777,"Treatment 2: Corrective Information, Democratic Endorsement | Treatment 3: Corrective Information, Republican Endorsement | Treatment 4: Corrective Information, Military Endorsement | Treatment 2: Corrective Information, Democratic Endorsement | Treatment 3: Corrective Information, Republican Endorsement | Treatment 4: Corrective Information, Military Endorsement | Treatment 2: Corrective Information, Democratic Endorsement | Treatment 3: Corrective Information, Republican Endorsement | Treatment 4: Corrective Information, Military Endorsement","Treatment 1: Corrective Information, No Elite Endorsement | Treatment 1: Corrective Information, No Elite Endorsement | Treatment 1: Corrective Information, No Elite Endorsement",True,sign_disagreement_not_implementation_error_by_itself,sign_disagreement_review
Silverman1035,Silverman1035:Terrorism_worry:hyp3,0.0847307161175798,-0.0466666666666699,3.0,2.824357203919325,-1.5555555555556655,"Treatment 3: Corrective Information, Republican Endorsement | Treatment 3: Corrective Information, Republican Endorsement | Treatment 3: Corrective Information, Republican Endorsement","Treatment 1: Corrective Information, No Elite Endorsement | Treatment 1: Corrective Information, No Elite Endorsement | Treatment 1: Corrective Information, No Elite Endorsement",True,sign_disagreement_not_implementation_error_by_itself,sign_disagreement_review
Silverman1035,Silverman1035:Terrorism_worry:hyp4,0.0229415461973596,-0.0566666666666697,3.0,0.7647182065786517,-1.8888888888889896,"Treatment 4: Corrective Information, Military Endorsement | Treatment 4: Corrective Information, Military Endorsement | Treatment 4: Corrective Information, Military Endorsement","Treatment 1: Corrective Information, No Elite Endorsement | Treatment 1: Corrective Information, No Elite Endorsement | Treatment 1: Corrective Information, No Elite Endorsement",True,sign_disagreement_not_implementation_error_by_itself,sign_disagreement_review
Stoker1063,Stoker1063:Anger:hyp1,-0.6754271553410716,-1.2066666666666626,6.0,-11.257119255684522,-20.11111111111104,HospDes_Pr_P | MarDeb_Pr_P | DrinWat_Pr_P | HSAch_Pr_P | HospDes_Pr_P | MarDeb_Pr_P | DrinWat_Pr_P | HSAch_Pr_P | HospDes_Pr_P | MarDeb_Pr_P | DrinWat_Pr_P | HSAch_Pr_P,HospDes_Pr_N | MarDeb_Pr_N | DrinWat_Pr_N | HSAch_Pr_N | HospDes_Pr_N | MarDeb_Pr_N | DrinWat_Pr_N | HSAch_Pr_N | HospDes_Pr_N | MarDeb_Pr_N | DrinWat_Pr_N | HSAch_Pr_N,False,ok,percent conversion and condition labels pass cached-data checks
Stoker1063,Stoker1063:Serious:hyp1,-0.4785393584983222,-1.078333333333335,6.0,-7.975655974972041,-17.972222222222246,HospDes_Pr_P | MarDeb_Pr_P | DrinWat_Pr_P | HSAch_Pr_P | HospDes_Pr_P | MarDeb_Pr_P | DrinWat_Pr_P | HSAch_Pr_P | HospDes_Pr_P | MarDeb_Pr_P | DrinWat_Pr_P | HSAch_Pr_P,HospDes_Pr_N | MarDeb_Pr_N | DrinWat_Pr_N | HSAch_Pr_N | HospDes_Pr_N | MarDeb_Pr_N | DrinWat_Pr_N | HSAch_Pr_N | HospDes_Pr_N | MarDeb_Pr_N | DrinWat_Pr_N | HSAch_Pr_N,False,ok,percent conversion and condition labels pass cached-data checks
Stoker1063,Stoker1063:Worry:hyp1,-0.4732109896573049,-0.7837499999999986,6.0,-7.8868498276217505,-13.062499999999975,HospDes_Pr_P | MarDeb_Pr_P | DrinWat_Pr_P | HSAch_Pr_P | HospDes_Pr_P | MarDeb_Pr_P | DrinWat_Pr_P | HSAch_Pr_P | HospDes_Pr_P | MarDeb_Pr_P | DrinWat_Pr_P | HSAch_Pr_P,HospDes_Pr_N | MarDeb_Pr_N | DrinWat_Pr_N | HSAch_Pr_N | HospDes_Pr_N | MarDeb_Pr_N | DrinWat_Pr_N | HSAch_Pr_N | HospDes_Pr_N | MarDeb_Pr_N | DrinWat_Pr_N | HSAch_Pr_N,False,ok,percent conversion and condition labels pass cached-data checks
Terman1029,Terman1029:donating to HRAC:hyp1,-0.0134387351778668,-0.0429166666666649,1.0,-1.3438735177866867,-4.291666666666494,International Rights Group Codemns Abuse in US | New York Rights Group Condemns Abuses in the United States | International Rights Group Condemns Abuses in the US- “reintegrative” | International Rights Group Condemns Abuses in the US- “stigmatic” | International Rights Group Codemns Abuse in US | New York Rights Group Condemns Abuses in the United States | International Rights Group Condemns Abuses in the US- “reintegrative” | International Rights Group Condemns Abuses in the US- “stigmatic” | International Rights Group Codemns Abuse in US | New York Rights Group Condemns Abuses in the United States | International Rights Group Condemns Abuses in the US- “reintegrative” | International Rights Group Condemns Abuses in the US- “stigmatic”,Rights Group Condemns Abuses Worldwide | Rights Group Condemns Abuses Worldwide | Rights Group Condemns Abuses Worldwide,True,ok,percent conversion and condition labels pass cached-data checks
Terman1029,Terman1029:donating to HRAC:hyp2,0.0296069808987198,-0.08833333333333,1.0,2.9606980898719826,-8.833333333333005,International Rights Group Codemns Abuse in US | International Rights Group Codemns Abuse in US | International Rights Group Codemns Abuse in US,New York Rights Group Condemns Abuses in the United States | New York Rights Group Condemns Abuses in the United States | New York Rights Group Condemns Abuses in the United States,True,sign_disagreement_not_implementation_error_by_itself,sign_disagreement_review
Terman1029,Terman1029:donating to HRAC:hyp3,-0.0118222401687,0.0266666666666703,1.0,-1.1822240168700038,2.666666666667039,International Rights Group Condemns Abuses in the US- “stigmatic” | International Rights Group Condemns Abuses in the US- “stigmatic” | International Rights Group Condemns Abuses in the US- “stigmatic”,International Rights Group Condemns Abuses in the US- “reintegrative” | International Rights Group Condemns Abuses in the US- “reintegrative” | International Rights Group Condemns Abuses in the US- “reintegrative”,True,sign_disagreement_not_implementation_error_by_itself,sign_disagreement_review
Terman1029,Terman1029:naitonalist superiority:hyp1,0.0505183566808034,-0.1791666666666702,4.0,1.262958917020085,-4.479166666666757,International Rights Group Codemns Abuse in US | New York Rights Group Condemns Abuses in the United States | International Rights Group Condemns Abuses in the US- “reintegrative” | International Rights Group Condemns Abuses in the US- “stigmatic” | International Rights Group Codemns Abuse in US | New York Rights Group Condemns Abuses in the United States | International Rights Group Condemns Abuses in the US- “reintegrative” | International Rights Group Condemns Abuses in the US- “stigmatic” | International Rights Group Codemns Abuse in US | New York Rights Group Condemns Abuses in the United States | International Rights Group Condemns Abuses in the US- “reintegrative” | International Rights Group Condemns Abuses in the US- “stigmatic”,Rights Group Condemns Abuses Worldwide | Rights Group Condemns Abuses Worldwide | Rights Group Condemns Abuses Worldwide,False,sign_disagreement_not_implementation_error_by_itself,sign_disagreement_review
Terman1029,Terman1029:naitonalist superiority:hyp2,0.0087653948119093,-0.0566666666666599,4.0,0.2191348702977325,-1.4166666666664995,International Rights Group Codemns Abuse in US | International Rights Group Codemns Abuse in US | International Rights Group Codemns Abuse in US,New York Rights Group Condemns Abuses in the United States | New York Rights Group Condemns Abuses in the United States | New York Rights Group Condemns Abuses in the United States,False,sign_disagreement_not_implementation_error_by_itself,sign_disagreement_review
Terman1029,Terman1029:naitonalist superiority:hyp3,-0.1046130952381001,-0.6099999999999999,4.0,-2.6153273809525035,-15.249999999999996,International Rights Group Condemns Abuses in the US- “stigmatic” | International Rights Group Condemns Abuses in the US- “stigmatic” | International Rights Group Condemns Abuses in the US- “stigmatic”,International Rights Group Condemns Abuses in the US- “reintegrative” | International Rights Group Condemns Abuses in the US- “reintegrative” | International Rights Group Condemns Abuses in the US- “reintegrative”,False,ok,percent conversion and condition labels pass cached-data checks
Terman1029,Terman1029:perception of domestic human rights conditions:hyp1,0.0744878924085514,0.0229166666666653,4.0,1.8621973102137868,0.5729166666666341,International Rights Group Codemns Abuse in US | New York Rights Group Condemns Abuses in the United States | International Rights Group Condemns Abuses in the US- “reintegrative” | International Rights Group Condemns Abuses in the US- “stigmatic” | International Rights Group Codemns Abuse in US | New York Rights Group Condemns Abuses in the United States | International Rights Group Condemns Abuses in the US- “reintegrative” | International Rights Group Condemns Abuses in the US- “stigmatic” | International Rights Group Codemns Abuse in US | New York Rights Group Condemns Abuses in the United States | International Rights Group Condemns Abuses in the US- “reintegrative” | International Rights Group Condemns Abuses in the US- “stigmatic”,Rights Group Condemns Abuses Worldwide | Rights Group Condemns Abuses Worldwide | Rights Group Condemns Abuses Worldwide,False,ok,percent conversion and condition labels pass cached-data checks
Terman1029,Terman1029:perception of domestic human rights conditions:hyp2,-0.0085836038960995,-0.0649999999999995,4.0,-0.2145900974024894,-1.6249999999999876,International Rights Group Codemns Abuse in US | International Rights Group Codemns Abuse in US | International Rights Group Codemns Abuse in US,New York Rights Group Condemns Abuses in the United States | New York Rights Group Condemns Abuses in the United States | New York Rights Group Condemns Abuses in the United States,False,ok,percent conversion and condition labels pass cached-data checks
Terman1029,Terman1029:perception of domestic human rights conditions:hyp3,-0.0384800384800398,-0.0333333333333403,4.0,-0.9620009620009972,-0.833333333333508,International Rights Group Condemns Abuses in the US- “stigmatic” | International Rights Group Condemns Abuses in the US- “stigmatic” | International Rights Group Condemns Abuses in the US- “stigmatic”,International Rights Group Condemns Abuses in the US- “reintegrative” | International Rights Group Condemns Abuses in the US- “reintegrative” | International Rights Group Condemns Abuses in the US- “reintegrative”,False,ok,percent conversion and condition labels pass cached-data checks
WallaceS9,WallaceS9:credibility:hyp1,1.174856843017816,-0.6294444444444403,6.0,19.580947383630264,-10.490740740740668,Group 3 | Group 5 | Group 7 | Group 3 | Group 5 | Group 7,Group 1 | Group 1,True,sign_disagreement_not_implementation_error_by_itself,sign_disagreement_review
WallaceS9,WallaceS9:president_approval:hyp1,0.9379268657812544,-1.1377777777777762,6.0,15.632114429687563,-18.96296296296294,Group 3 | Group 5 | Group 7 | Group 3 | Group 5 | Group 7,Group 1 | Group 1,True,sign_disagreement_not_implementation_error_by_itself,sign_disagreement_review
Williamson859,Williamson859:Food stamps:hyp1,-0.02182539682539,-0.0383333333333402,2.0,-1.0912698412695043,-1.916666666667011,COND1 | COND1 | COND1,COND2 | COND2 | COND2,True,ok,percent conversion and condition labels pass cached-data checks
Williamson859,Williamson859:Military:hyp1,0.0254623055318901,-0.1250000000000004,2.0,1.2731152765945053,-6.250000000000022,COND1 | COND1 | COND1,COND2 | COND2 | COND2,True,sign_disagreement_not_implementation_error_by_itself,sign_disagreement_review
Williamson859,Williamson859:Social Security:hyp1,-0.00935377832018,-0.0466666666666699,2.0,-0.4676889160090014,-2.3333333333334982,COND1 | COND1 | COND1,COND2 | COND2 | COND2,True,ok,percent conversion and condition labels pass cached-data checks
bolsenM6,bolsenM6:Providing Personal Pronouns:hyp1,0.0313475804848604,-0.0949999999999997,6.0,0.5224596747476662,-1.5833333333333257,Baseline | Baseline | Baseline,Descriptive Information | Descriptive Information | Descriptive Information,False,sign_disagreement_not_implementation_error_by_itself,sign_disagreement_review
bolsenM6,bolsenM6:Providing Personal Pronouns:hyp2,0.4440424921045105,-0.47333333333333,6.0,7.400708201741835,-7.888888888888834,Baseline | Baseline | Baseline,Injunctive Norm | Injunctive Norm | Injunctive Norm,False,sign_disagreement_not_implementation_error_by_itself,sign_disagreement_review
bolsenM6,bolsenM6:Providing Personal Pronouns:hyp3,0.0945294950203203,-0.4233333333333293,6.0,1.5754915836720065,-7.055555555555482,Baseline | Baseline | Baseline,Descriptive Information + Injunctive Norm | Descriptive Information + Injunctive Norm | Descriptive Information + Injunctive Norm,False,sign_disagreement_not_implementation_error_by_itself,sign_disagreement_review
bolsenM6,bolsenM6:They/Them Pronouns in Forms:hyp1,0.01920795254129,-0.0383333333333304,6.0,0.320132542354834,-0.6388888888888444,Baseline | Baseline | Baseline,Descriptive Information | Descriptive Information | Descriptive Information,False,sign_disagreement_not_implementation_error_by_itself,sign_disagreement_review
bolsenM6,bolsenM6:They/Them Pronouns in Forms:hyp2,0.1895783229116601,-0.48166666666667,6.0,3.1596387151943297,-8.027777777777834,Baseline | Baseline | Baseline,Injunctive Norm | Injunctive Norm | Injunctive Norm,False,sign_disagreement_not_implementation_error_by_itself,sign_disagreement_review
bolsenM6,bolsenM6:They/Them Pronouns in Forms:hyp3,-0.1268681067676,-0.31666666666667,6.0,-2.114468446126672,-5.277777777777837,Baseline | Baseline | Baseline,Descriptive Information + Injunctive Norm | Descriptive Information + Injunctive Norm | Descriptive Information + Injunctive Norm,False,ok,percent conversion and condition labels pass cached-data checks
bolsenM6,bolsenM6:Using They/Them Pronouns:hyp1,-0.0291449119574105,0.1233333333333295,6.0,-0.4857485326235089,2.0555555555554883,Baseline | Baseline | Baseline,Descriptive Information | Descriptive Information | Descriptive Information,False,sign_disagreement_not_implementation_error_by_itself,sign_disagreement_review
bolsenM6,bolsenM6:Using They/Them Pronouns:hyp2,-0.0295331790123407,-0.4133333333333304,6.0,-0.492219650205683,-6.888888888888845,Baseline | Baseline | Baseline,Injunctive Norm | Injunctive Norm | Injunctive Norm,False,ok,percent conversion and condition labels pass cached-data checks
bolsenM6,bolsenM6:Using They/Them Pronouns:hyp3,-0.0409730946398605,-0.1866666666666701,6.0,-0.6828849106643498,-3.111111111111176,Baseline | Baseline | Baseline,Descriptive Information + Injunctive Norm | Descriptive Information + Injunctive Norm | Descriptive Information + Injunctive Norm,False,ok,percent conversion and condition labels pass cached-data checks
bucci1408,bucci1408:Rewarding:hyp1,2.5580679362232,1.1950000000000005,100.0,2.558067936223201,1.194999999999999,"A: Drunk Driving, Low Risk","A: Drunk Driving, High Risk",False,ok,percent conversion and condition labels pass cached-data checks
