model,held_out_study_id,effect_id,effect_index,synthetic_theta_L_pp,human_theta_H_pp,predicted_pp,squared_error
MCONST,AnsonBRIEF60,AnsonBRIEF60:blue_collar_positivity:hyp1,0,2.6999999999999917,-3.806216931216999,2.0794984266444194,34.64164527376576
MCONST,AnsonBRIEF60,AnsonBRIEF60:economy_positivity:hyp1,1,24.9,0.2996031746032468,2.0794984266444194,3.1680271082387095
M2,AnsonBRIEF60,AnsonBRIEF60:blue_collar_positivity:hyp1,0,2.6999999999999917,-3.806216931216999,0.7610491770033165,20.859919703297948
M2,AnsonBRIEF60,AnsonBRIEF60:economy_positivity:hyp1,1,24.9,0.2996031746032468,-4.749221823888204,25.4906338653922
M2R,AnsonBRIEF60,AnsonBRIEF60:blue_collar_positivity:hyp1,0,2.6999999999999917,-3.806216931216999,0.6308721864307012,19.687759837947645
M2R,AnsonBRIEF60,AnsonBRIEF60:economy_positivity:hyp1,1,24.9,0.2996031746032468,0.07896584686267771,0.048680830392499305
M3,AnsonBRIEF60,AnsonBRIEF60:blue_collar_positivity:hyp1,0,2.6999999999999917,-3.806216931216999,1.1934924173686638,24.997093570334872
M3,AnsonBRIEF60,AnsonBRIEF60:economy_positivity:hyp1,1,24.9,0.2996031746032468,-4.803038697912828,26.036954079154352
M3R,AnsonBRIEF60,AnsonBRIEF60:blue_collar_positivity:hyp1,0,2.6999999999999917,-3.806216931216999,1.599122479533456,29.217694145412082
M3R,AnsonBRIEF60,AnsonBRIEF60:economy_positivity:hyp1,1,24.9,0.2996031746032468,-0.24253174882943696,0.2939102752053619
MCONST,Blair1131,Blair1131:Approve_Handling:hyp1,2,-0.3333333333333336,-3.174603174603185,2.02751115025238,27.061993448867465
MCONST,Blair1131,Blair1131:Approve_Handling:hyp2,3,-4.3,2.787226001511778,2.02751115025238,0.577166655224089
M2,Blair1131,Blair1131:Approve_Handling:hyp1,2,-0.3333333333333336,-3.174603174603185,1.6059705356079388,22.853884998761753
M2,Blair1131,Blair1131:Approve_Handling:hyp2,3,-4.3,2.787226001511778,2.5662555332315415,0.048827947851986894
M2R,Blair1131,Blair1131:Approve_Handling:hyp1,2,-0.3333333333333336,-3.174603174603185,0.6452114723633359,14.590983937179967
M2R,Blair1131,Blair1131:Approve_Handling:hyp2,3,-4.3,2.787226001511778,0.7307165080975933,4.229231296502665
M3,Blair1131,Blair1131:Approve_Handling:hyp1,2,-0.3333333333333336,-3.174603174603185,1.5839939276187174,22.644246381274684
M3,Blair1131,Blair1131:Approve_Handling:hyp2,3,-4.3,2.787226001511778,2.585590511349233,0.0406568708930897
M3R,Blair1131,Blair1131:Approve_Handling:hyp1,2,-0.3333333333333336,-3.174603174603185,0.5778088576976228,14.08059606015588
M3R,Blair1131,Blair1131:Approve_Handling:hyp2,3,-4.3,2.787226001511778,0.8216792772924647,3.863373925089273
MCONST,Braman751,Braman751:legitimacy:hyp1,4,-4.633333333333334,4.0888503557992895,1.8211821273379316,5.142319194373073
MCONST,Braman751,Braman751:legitimacy:hyp2,5,-14.9,9.67123038848394,1.8211821273379316,61.62325770232147
MCONST,Braman751,Braman751:pass_legislation:hyp1,6,3.119999999999994,4.400242939568855,1.8211821273379316,6.651554673185231
MCONST,Braman751,Braman751:scholar_credibility:hyp1,7,35.07014028056113,3.760822510822393,1.8211821273379316,3.7622048172437483
MCONST,Braman751,Braman751:scholar_credibility:hyp2,8,32.00000000000001,8.059764309764294,1.8211821273379316,38.91990764688767
M2,Braman751,Braman751:legitimacy:hyp1,4,-4.633333333333334,4.0888503557992895,2.3799762395949564,2.9202507450331403
M2,Braman751,Braman751:legitimacy:hyp2,5,-14.9,9.67123038848394,5.056043119847116,21.299953524587423
M2,Braman751,Braman751:pass_legislation:hyp1,6,3.119999999999994,4.400242939568855,0.3590244332746577,16.331447015614703
M2,Braman751,Braman751:scholar_credibility:hyp1,7,35.07014028056113,3.760822510822393,-7.968967017136389,137.58796237021153
M2,Braman751,Braman751:scholar_credibility:hyp2,8,32.00000000000001,8.059764309764294,-7.168716946759343,231.90664138029172
M2R,Braman751,Braman751:legitimacy:hyp1,4,-4.633333333333334,4.0888503557992895,0.6601492024279916,11.75599159912967
M2R,Braman751,Braman751:legitimacy:hyp2,5,-14.9,9.67123038848394,1.1596222189838712,72.4474736311003
M2R,Braman751,Braman751:pass_legislation:hyp1,6,3.119999999999994,4.400242939568855,0.2829497749900128,16.952103003087657
M2R,Braman751,Braman751:scholar_credibility:hyp1,7,35.07014028056113,3.760822510822393,-1.2714235638394076,25.323500555949103
M2R,Braman751,Braman751:scholar_credibility:hyp2,8,32.00000000000001,8.059764309764294,-1.1220613339191243,84.3059221510024
M3,Braman751,Braman751:legitimacy:hyp1,4,-4.633333333333334,4.0888503557992895,2.840567826936519,1.5582092718640337
M3,Braman751,Braman751:legitimacy:hyp2,5,-14.9,9.67123038848394,5.744392492192487,15.420055863750681
M3,Braman751,Braman751:pass_legislation:hyp1,6,3.119999999999994,4.400242939568855,0.647614524538668,14.082220021291974
M3,Braman751,Braman751:scholar_credibility:hyp1,7,35.07014028056113,3.760822510822393,-8.38916522270955,147.6222019249767
M3,Braman751,Braman751:scholar_credibility:hyp2,8,32.00000000000001,8.059764309764294,-7.520806546817738,242.75418821697335
M3R,Braman751,Braman751:legitimacy:hyp1,4,-4.633333333333334,4.0888503557992895,1.4345694890741694,7.045206919463054
M3R,Braman751,Braman751:legitimacy:hyp2,5,-14.9,9.67123038848394,2.3318632801918966,53.866309550279105
M3R,Braman751,Braman751:pass_legislation:hyp1,6,3.119999999999994,4.400242939568855,0.7569378792885093,13.273671762264375
M3R,Braman751,Braman751:scholar_credibility:hyp1,7,35.07014028056113,3.760822510822393,-2.035464312181093,33.59694093452384
M3R,Braman751,Braman751:scholar_credibility:hyp2,8,32.00000000000001,8.059764309764294,-1.7671379019595412,96.56800707878281
MCONST,CalarcoS38,CalarcoS38:Approval:hyp1,9,-83.65,52.23890532544375,0.9680157931329243,2628.70411343442
MCONST,CalarcoS38,CalarcoS38:Approval:hyp2,10,-84.05,44.20512820512816,0.9680157931329243,1869.4478897275123
MCONST,CalarcoS38,CalarcoS38:Approval:hyp3,11,-5.149999999999999,-1.670517149457984,0.9680157931329243,6.961856089137436
M2,CalarcoS38,CalarcoS38:Approval:hyp1,9,-83.65,52.23890532544375,-1.0250394536393435,2837.0478134292134
M2,CalarcoS38,CalarcoS38:Approval:hyp2,10,-84.05,44.20512820512816,-1.034596324804689,2046.632675544208
M2,CalarcoS38,CalarcoS38:Approval:hyp3,11,-5.149999999999999,-1.670517149457984,0.850496512559791,6.355509884080271
M2R,CalarcoS38,CalarcoS38:Approval:hyp1,9,-83.65,52.23890532544375,-7.322038585761487,3547.5060395937367
M2R,CalarcoS38,CalarcoS38:Approval:hyp2,10,-84.05,44.20512820512816,-7.358496409001074,2658.8073833468347
M2R,CalarcoS38,CalarcoS38:Approval:hyp3,11,-5.149999999999999,-1.670517149457984,-0.1671907749925819,2.2599901881632904
M3,CalarcoS38,CalarcoS38:Approval:hyp1,9,-83.65,52.23890532544375,-1.272311292626253,2863.450303946012
M3,CalarcoS38,CalarcoS38:Approval:hyp2,10,-84.05,44.20512820512816,-1.2709070355159813,2068.069781208308
M3,CalarcoS38,CalarcoS38:Approval:hyp3,11,-5.149999999999999,-1.670517149457984,-1.547896750517074,0.01503576223642793
M3R,CalarcoS38,CalarcoS38:Approval:hyp1,9,-83.65,52.23890532544375,-8.634015072291323,3705.5124377489906
M3R,CalarcoS38,CalarcoS38:Approval:hyp2,10,-84.05,44.20512820512816,-8.638953273255785,2792.4969472940816
M3R,CalarcoS38,CalarcoS38:Approval:hyp3,11,-5.149999999999999,-1.670517149457984,-7.6648931330158465,35.932543432255294
MCONST,Campbell1308,Campbell1308:Gender Roles:hyp1,12,6.199999999999992,0.7394481635415229,2.0523841076245684,1.723800793265238
MCONST,Campbell1308,Campbell1308:Political Engagement:hyp1,13,-1.1399999999999988,-1.4713170880159776,2.0523841076245684,12.416470116158614
MCONST,Campbell1308,Campbell1308:Political Responsiveness:hyp1,14,6.000000000000001,-2.0877629986595982,2.0523841076245684,17.140818061673155
M2,Campbell1308,Campbell1308:Gender Roles:hyp1,12,6.199999999999992,0.7394481635415229,0.0010174081829217307,0.5452799804594742
M2,Campbell1308,Campbell1308:Political Engagement:hyp1,13,-1.1399999999999988,-1.4713170880159776,1.777719116134424,10.556236255880052
M2,Campbell1308,Campbell1308:Political Responsiveness:hyp1,14,6.000000000000001,-2.0877629986595982,0.04942889886279733,4.567589206835378
M2R,Campbell1308,Campbell1308:Gender Roles:hyp1,12,6.199999999999992,0.7394481635415229,0.5321651878975042,0.04296623199183883
M2R,Campbell1308,Campbell1308:Political Engagement:hyp1,13,-1.1399999999999988,-1.4713170880159776,0.7167582874490565,4.78767384871645
M2R,Campbell1308,Campbell1308:Political Responsiveness:hyp1,14,6.000000000000001,-2.0877629986595982,0.5371949726264291,6.890404351018057
M3,Campbell1308,Campbell1308:Gender Roles:hyp1,12,6.199999999999992,0.7394481635415229,0.009143271210761195,0.5333452357622455
M3,Campbell1308,Campbell1308:Political Engagement:hyp1,13,-1.1399999999999988,-1.4713170880159776,1.8821652276080842,11.245843641203319
M3,Campbell1308,Campbell1308:Political Responsiveness:hyp1,14,6.000000000000001,-2.0877629986595982,0.060179291821040315,4.613656083235212
M3R,Campbell1308,Campbell1308:Gender Roles:hyp1,12,6.199999999999992,0.7394481635415229,0.555918453689561,0.033683154398345294
M3R,Campbell1308,Campbell1308:Political Engagement:hyp1,13,-1.1399999999999988,-1.4713170880159776,1.0611436195735746,6.413357235484976
M3R,Campbell1308,Campbell1308:Political Responsiveness:hyp1,14,6.000000000000001,-2.0877629986595982,0.5696848069834028,7.062028839716802
MCONST,Cohen1099,Cohen1099:Accounting:hyp1,15,0.0,-2.004065579566061,1.971688852967,15.806623307806284
MCONST,Cohen1099,Cohen1099:Accounting:hyp2,16,0.0,1.9744013212221407,1.971688852967,7.357484035146087e-06
MCONST,Cohen1099,Cohen1099:History:hyp1,17,0.0,-0.4993380998519148,1.971688852967,6.1059742015575305
MCONST,Cohen1099,Cohen1099:Nursing:hyp1,18,0.0,10.484057027454918,1.971688852967,72.46041193803477
MCONST,Cohen1099,Cohen1099:Nursing:hyp2,19,0.0,-2.550153009180567,1.971688852967,20.447053826270174
M2,Cohen1099,Cohen1099:Accounting:hyp1,15,0.0,-2.004065579566061,1.4497973706185592,11.929169278658009
M2,Cohen1099,Cohen1099:Accounting:hyp2,16,0.0,1.9744013212221407,1.4497973706185592,0.275209304988885
M2,Cohen1099,Cohen1099:History:hyp1,17,0.0,-0.4993380998519148,1.4497973706185592,3.799129082246156
M2,Cohen1099,Cohen1099:Nursing:hyp1,18,0.0,10.484057027454918,1.4497973706185592,81.617847547141
M2,Cohen1099,Cohen1099:Nursing:hyp2,19,0.0,-2.550153009180567,1.4497973706185592,15.999603040855172
M2R,Cohen1099,Cohen1099:Accounting:hyp1,15,0.0,-2.004065579566061,0.6215373529325265,6.893790759145182
M2R,Cohen1099,Cohen1099:Accounting:hyp2,16,0.0,1.9744013212221407,0.6215373529325265,1.8302409166963223
M2R,Cohen1099,Cohen1099:History:hyp1,17,0.0,-0.4993380998519148,0.6215373529325265,1.2563617806547265
M2R,Cohen1099,Cohen1099:Nursing:hyp1,18,0.0,10.484057027454918,0.6215373529325265,97.26929433034128
M2R,Cohen1099,Cohen1099:Nursing:hyp2,19,0.0,-2.550153009180567,0.6215373529325265,10.059619753121083
M3,Cohen1099,Cohen1099:Accounting:hyp1,15,0.0,-2.004065579566061,1.4626600764174302,12.018186773854168
M3,Cohen1099,Cohen1099:Accounting:hyp2,16,0.0,1.9744013212221407,1.4626600764174302,0.26187910163427464
M3,Cohen1099,Cohen1099:History:hyp1,17,0.0,-0.4993380998519148,1.4626600764174302,3.8494368436842357
M3,Cohen1099,Cohen1099:Nursing:hyp1,18,0.0,10.484057027454918,1.4626600764174302,81.38560294818849
M3,Cohen1099,Cohen1099:Nursing:hyp2,19,0.0,-2.550153009180567,1.4626600764174302,16.102668859946522
M3R,Cohen1099,Cohen1099:Accounting:hyp1,15,0.0,-2.004065579566061,0.6813083334307355,7.211233052603727
M3R,Cohen1099,Cohen1099:Accounting:hyp2,16,0.0,1.9744013212221407,0.6813083334307355,1.6720894750753033
M3R,Cohen1099,Cohen1099:History:hyp1,17,0.0,-0.4993380998519148,0.6813083334307355,1.3939260004230436
M3R,Cohen1099,Cohen1099:Nursing:hyp1,18,0.0,10.484057027454918,0.6813083334307355,96.09388195819282
M3R,Cohen1099,Cohen1099:Nursing:hyp2,19,0.0,-2.550153009180567,0.6813083334307355,10.44234240879124
MCONST,CorstangeBRIEF69,CorstangeBRIEF69:welcome_refugees:hyp1,20,-0.4499999999999948,-0.0430539609645008,1.976366447144282,4.078058784686242
MCONST,CorstangeBRIEF69,CorstangeBRIEF69:welcome_refugees:hyp2,21,-0.1,2.724358974358998,1.976366447144282,0.5594928207690578
M2,CorstangeBRIEF69,CorstangeBRIEF69:welcome_refugees:hyp1,20,-0.4499999999999948,-0.0430539609645008,1.565863361743484,2.58861495130983
M2,CorstangeBRIEF69,CorstangeBRIEF69:welcome_refugees:hyp2,21,-0.1,2.724358974358998,1.4809812478034294,1.5459881708944943
M2R,CorstangeBRIEF69,CorstangeBRIEF69:welcome_refugees:hyp1,20,-0.4499999999999948,-0.0430539609645008,0.5808931114469045,0.3893099491707634
M2R,CorstangeBRIEF69,CorstangeBRIEF69:welcome_refugees:hyp2,21,-0.1,2.724358974358998,0.5716161490195514,4.634301672050463
M3,CorstangeBRIEF69,CorstangeBRIEF69:welcome_refugees:hyp1,20,-0.4499999999999948,-0.0430539609645008,1.5791186104857586,2.6314438515655474
M3,CorstangeBRIEF69,CorstangeBRIEF69:welcome_refugees:hyp2,21,-0.1,2.724358974358998,1.4902200464443394,1.523098893394343
M3R,CorstangeBRIEF69,CorstangeBRIEF69:welcome_refugees:hyp1,20,-0.4499999999999948,-0.0430539609645008,0.6340555329437517,0.4584772667406898
M3R,CorstangeBRIEF69,CorstangeBRIEF69:welcome_refugees:hyp2,21,-0.1,2.724358974358998,0.6105003016237659,4.468398488297956
MCONST,Enos700,Enos700:modern_racism1:hyp1,22,-3.7000000000000033,7.022022948282169,1.7869874324247845,27.405596852288188
M2,Enos700,Enos700:modern_racism1:hyp1,22,-3.7000000000000033,7.022022948282169,2.191078867208522,23.338020714460505
M2R,Enos700,Enos700:modern_racism1:hyp1,22,-3.7000000000000033,7.022022948282169,0.4037094759890486,43.80207321753662
M3,Enos700,Enos700:modern_racism1:hyp1,22,-3.7000000000000033,7.022022948282169,2.1804033623652703,23.44128021473412
M3R,Enos700,Enos700:modern_racism1:hyp1,22,-3.7000000000000033,7.022022948282169,0.3963154587459487,43.89999973689637
MCONST,FaheyS78,FaheyS78:cancel culture:hyp1,23,-0.4999999999999893,1.3635320185244604,1.9756037967500413,0.37463186170022467
M2,FaheyS78,FaheyS78:cancel culture:hyp1,23,-0.4999999999999893,1.3635320185244604,1.579087921081289,0.04646434712708897
M2R,FaheyS78,FaheyS78:cancel culture:hyp1,23,-0.4999999999999893,1.3635320185244604,0.5861937383715975,0.6042548017910108
M3,FaheyS78,FaheyS78:cancel culture:hyp1,23,-0.4999999999999893,1.3635320185244604,1.5888940104321854,0.0507880273966175
M3R,FaheyS78,FaheyS78:cancel culture:hyp1,23,-0.4999999999999893,1.3635320185244604,0.6259249145278042,0.544064239866334
MCONST,FarrowS6,FarrowS6:Disappointment:hyp1,24,-0.2999999999999965,-0.8282276280150103,2.0486624516346903,8.27649653038686
M2,FarrowS6,FarrowS6:Disappointment:hyp1,24,-0.2999999999999965,-0.8282276280150103,1.60276149953207,5.909708138252115
M2R,FarrowS6,FarrowS6:Disappointment:hyp1,24,-0.2999999999999965,-0.8282276280150103,0.7034903315956542,2.346159907793857
M3,FarrowS6,FarrowS6:Disappointment:hyp1,24,-0.2999999999999965,-0.8282276280150103,1.614191453500897,5.965410969753007
M3R,FarrowS6,FarrowS6:Disappointment:hyp1,24,-0.2999999999999965,-0.8282276280150103,0.753431974815639,2.501647099226407
MCONST,Haaland874,Haaland874:Affirmative action: Assistance:hyp1,25,2.200000000000002,-0.5047108617115104,2.0642188028675097,6.599399621554077
MCONST,Haaland874,Haaland874:Affirmative action: Preference:hyp1,26,-0.0500000000000055,0.8480570471737559,2.0642188028675097,1.4790494160121137
MCONST,Haaland874,Haaland874:Racial Discrimination perception:hyp1,27,1.8000000000000016,-4.228100680461012,2.0642188028675097,39.59328448027572
M2,Haaland874,Haaland874:Affirmative action: Assistance:hyp1,25,2.200000000000002,-0.5047108617115104,1.00229101682707,2.2710546619188103
M2,Haaland874,Haaland874:Affirmative action: Preference:hyp1,26,-0.0500000000000055,0.8480570471737559,1.5458522542093904,0.4869181509619041
M2,Haaland874,Haaland874:Racial Discrimination perception:hyp1,27,1.8000000000000016,-4.228100680461012,1.098924125695038,28.377193285401905
M2R,Haaland874,Haaland874:Affirmative action: Assistance:hyp1,25,2.200000000000002,-0.5047108617115104,0.6353349377021663,1.2997044247607694
M2R,Haaland874,Haaland874:Affirmative action: Preference:hyp1,26,-0.0500000000000055,0.8480570471737559,0.6917437239148588,0.024433855028240435
M2R,Haaland874,Haaland874:Racial Discrimination perception:hyp1,27,1.8000000000000016,-4.228100680461012,0.6453631663622005,23.750649866292903
M3,Haaland874,Haaland874:Affirmative action: Assistance:hyp1,25,2.200000000000002,-0.5047108617115104,1.0138898071244278,2.3061479913889587
M3,Haaland874,Haaland874:Affirmative action: Preference:hyp1,26,-0.0500000000000055,0.8480570471737559,1.5845863475065065,0.5424754102486512
M3,Haaland874,Haaland874:Racial Discrimination perception:hyp1,27,1.8000000000000016,-4.228100680461012,1.1153469698590193,28.552432791710668
M3R,Haaland874,Haaland874:Affirmative action: Assistance:hyp1,25,2.200000000000002,-0.5047108617115104,0.676130437124272,1.3943861730361775
M3R,Haaland874,Haaland874:Affirmative action: Preference:hyp1,26,-0.0500000000000055,0.8480570471737559,0.828317326209943,0.00038965658372919145
M3R,Haaland874,Haaland874:Racial Discrimination perception:hyp1,27,1.8000000000000016,-4.228100680461012,0.7031858840728357,24.317587181552042
MCONST,HankinsonS22,HankinsonS22:Clinic_support:hyp1,28,9.950000000000005,-10.619247699079503,2.3750297873368407,168.85124739398665
M2,HankinsonS22,HankinsonS22:Clinic_support:hyp1,28,9.950000000000005,-10.619247699079503,-0.48989147636636954,102.6038574866173
M2R,HankinsonS22,HankinsonS22:Clinic_support:hyp1,28,9.950000000000005,-10.619247699079503,0.7348287645431532,128.91505234178996
M3,HankinsonS22,HankinsonS22:Clinic_support:hyp1,28,9.950000000000005,-10.619247699079503,-0.33305887048003346,105.80568061760452
M3R,HankinsonS22,HankinsonS22:Clinic_support:hyp1,28,9.950000000000005,-10.619247699079503,1.0226651735559709,135.53413533403557
MCONST,Howard823,Howard823:Willingness_to_spend_on_optional_expense:hyp1,29,0.3000000000000025,-1.2287409360579982,2.0339389271752615,10.6450798899478
MCONST,Howard823,Howard823:Willingness_to_spend_on_optional_expense:hyp2,30,-0.5999999999999961,1.2555419079371022,2.0339389271752615,0.6059019195588513
MCONST,Howard823,Howard823:financial_slack:hyp1,31,0.6666666666666673,-1.7592100798181631,2.0339389271752615,14.387979389255204
MCONST,Howard823,Howard823:financial_slack:hyp2,32,-2.0999999999999983,0.1863215310104971,2.0339389271752615,3.4136900426106638
M2,Howard823,Howard823:Willingness_to_spend_on_optional_expense:hyp1,29,0.3000000000000025,-1.2287409360579982,1.4437441974901366,7.1421767890357915
M2,Howard823,Howard823:Willingness_to_spend_on_optional_expense:hyp2,30,-0.5999999999999961,1.2555419079371022,1.661673286292364,0.16494269648474483
M2,Howard823,Howard823:financial_slack:hyp1,31,0.6666666666666673,-1.7592100798181631,1.3549582724225628,9.698044526097718
M2,Howard823,Howard823:financial_slack:hyp2,32,-2.0999999999999983,0.1863215310104971,2.0248884342960776,3.380328257857129
M2R,Howard823,Howard823:Willingness_to_spend_on_optional_expense:hyp1,29,0.3000000000000025,-1.2287409360579982,0.6599576903251996,3.567182501301778
M2R,Howard823,Howard823:Willingness_to_spend_on_optional_expense:hyp2,30,-0.5999999999999961,1.2555419079371022,0.6852016820451112,0.3252879732705273
M2R,Howard823,Howard823:financial_slack:hyp1,31,0.6666666666666673,-1.7592100798181631,0.6496731011059763,5.802718179339201
M2R,Howard823,Howard823:financial_slack:hyp2,32,-2.0999999999999983,0.1863215310104971,0.7272750015782974,0.292630657319348
M3,Howard823,Howard823:Willingness_to_spend_on_optional_expense:hyp1,29,0.3000000000000025,-1.2287409360579982,1.4456097897480775,7.152151804619484
M3,Howard823,Howard823:Willingness_to_spend_on_optional_expense:hyp2,30,-0.5999999999999961,1.2555419079371022,1.6739981739238134,0.17510564654354124
M3,Howard823,Howard823:financial_slack:hyp1,31,0.6666666666666673,-1.7592100798181631,1.3525626702690743,9.683129648185488
M3,Howard823,Howard823:financial_slack:hyp2,32,-2.0999999999999983,0.1863215310104971,2.0546454808833747,3.490634381668591
M3R,Howard823,Howard823:Willingness_to_spend_on_optional_expense:hyp1,29,0.3000000000000025,-1.2287409360579982,0.6758687227992966,3.6275379526125007
M3R,Howard823,Howard823:Willingness_to_spend_on_optional_expense:hyp2,30,-0.5999999999999961,1.2555419079371022,0.7384501186161506,0.26738391858314337
M3R,Howard823,Howard823:financial_slack:hyp1,31,0.6666666666666673,-1.7592100798181631,0.6503725985776154,5.806088684024974
M3R,Howard823,Howard823:financial_slack:hyp2,32,-2.0999999999999983,0.1863215310104971,0.8427524449775744,0.43090154481165244
MCONST,Iles1294,Iles1294:Confusing:hyp1,33,20.89999999999999,0.7439034237726072,2.058796923010018,1.7289449143368023
MCONST,Iles1294,Iles1294:Confusing:hyp2,34,2.6333333333333244,-2.821522309711272,2.058796923010018,23.817515813269313
MCONST,Iles1294,Iles1294:Confusing:hyp3,35,-0.7666666666666563,-2.2476277003836307,2.058796923010018,18.545293036971128
MCONST,Iles1294,Iles1294:Frustrated:hyp1,36,1.4499999999999955,1.5927810077519589,2.058796923010018,0.2171708332738064
MCONST,Iles1294,Iles1294:Frustrated:hyp2,37,19.35,3.1496062992126097,2.058796923010018,1.1898650952114875
MCONST,Iles1294,Iles1294:Frustrated:hyp3,38,-1.4000000000000012,-1.3022410660205264,2.058796923010018,11.296576363706484
MCONST,Iles1294,Iles1294:collaborative:hyp1,39,-2.400000000000002,-5.046656115697767,2.058796923010018,50.4874628852817
MCONST,Iles1294,Iles1294:collaborative:hyp2,40,-47.1,-1.7358859554320372,2.058796923010018,14.399618147941279
MCONST,Iles1294,Iles1294:collaborative:hyp3,41,-23.933333333333334,-2.5227135069653794,2.058796923010018,20.99023781997335
M2,Iles1294,Iles1294:Confusing:hyp1,33,20.89999999999999,0.7439034237726072,-3.790904581417191,20.56448364393348
M2,Iles1294,Iles1294:Confusing:hyp2,34,2.6333333333333244,-2.821522309711272,0.8679051955458351,13.61187531654768
M2,Iles1294,Iles1294:Confusing:hyp3,35,-0.7666666666666563,-2.2476277003836307,1.7350559204550065,15.861768823696357
M2,Iles1294,Iles1294:Frustrated:hyp1,36,1.4499999999999955,1.5927810077519589,1.1697076537250082,0.17899106288761354
M2,Iles1294,Iles1294:Frustrated:hyp2,37,19.35,3.1496062992126097,-3.3955858685909517,42.83954051347708
M2,Iles1294,Iles1294:Frustrated:hyp3,38,-1.4000000000000012,-1.3022410660205264,1.8965839966635816,10.232481781655988
M2,Iles1294,Iles1294:collaborative:hyp1,39,-2.400000000000002,-5.046656115697767,2.151628327519222,51.81529892545972
M2,Iles1294,Iles1294:collaborative:hyp2,40,-47.1,-1.7358859554320372,13.552109916766335,233.7228177883545
M2,Iles1294,Iles1294:collaborative:hyp3,41,-23.933333333333334,-2.5227135069653794,7.643582918610671,103.35358301268037
M2R,Iles1294,Iles1294:Confusing:hyp1,33,20.89999999999999,0.7439034237726072,-0.5613477787177189,1.703680701602442
M2R,Iles1294,Iles1294:Confusing:hyp2,34,2.6333333333333244,-2.821522309711272,0.5847625003941208,11.602776207554733
M2R,Iles1294,Iles1294:Confusing:hyp3,35,-0.7666666666666563,-2.2476277003836307,0.7980895961412138,9.276393850350606
M2R,Iles1294,Iles1294:Frustrated:hyp1,36,1.4499999999999955,1.5927810077519589,0.65900869548257,0.871930731160921
M2R,Iles1294,Iles1294:Frustrated:hyp2,37,19.35,3.1496062992126097,-0.46409572036242663,13.058842286280695
M2R,Iles1294,Iles1294:Frustrated:hyp3,38,-1.4000000000000012,-1.3022410660205264,0.8378269963293987,4.5798913114901625
M2R,Iles1294,Iles1294:collaborative:hyp1,39,-2.400000000000002,-5.046656115697767,0.9005702597844265,35.36950156123107
M2R,Iles1294,Iles1294:collaborative:hyp2,40,-47.1,-1.7358859554320372,3.7051941362241654,29.605352563817465
M2R,Iles1294,Iles1294:collaborative:hyp3,41,-23.933333333333334,-2.5227135069653794,2.25164186618269,22.794469229107836
M3,Iles1294,Iles1294:Confusing:hyp1,33,20.89999999999999,0.7439034237726072,-4.745637312684234,30.135057497219126
M3,Iles1294,Iles1294:Confusing:hyp2,34,2.6333333333333244,-2.821522309711272,0.609550170473194,11.772258364279182
M3,Iles1294,Iles1294:Confusing:hyp3,35,-0.7666666666666563,-2.2476277003836307,1.6063186436156294,14.852902422425261
M3,Iles1294,Iles1294:Frustrated:hyp1,36,1.4499999999999955,1.5927810077519589,0.9564646880864933,0.40489845867260293
M3,Iles1294,Iles1294:Frustrated:hyp2,37,19.35,3.1496062992126097,-4.291228155810478,55.366017387058726
M3,Iles1294,Iles1294:Frustrated:hyp3,38,-1.4000000000000012,-1.3022410660205264,1.7919912023382443,9.574273330552662
M3,Iles1294,Iles1294:collaborative:hyp1,39,-2.400000000000002,-5.046656115697767,2.0851584003213155,50.86277829090051
M3,Iles1294,Iles1294:collaborative:hyp2,40,-47.1,-1.7358859554320372,15.189732150164584,286.4765482565001
M3,Iles1294,Iles1294:collaborative:hyp3,41,-23.933333333333334,-2.5227135069653794,8.398025396890109,119.26253820618277
M3R,Iles1294,Iles1294:Confusing:hyp1,33,20.89999999999999,0.7439034237726072,-1.965662887190165,7.341749593504406
M3R,Iles1294,Iles1294:Confusing:hyp2,34,2.6333333333333244,-2.821522309711272,0.19819139086675797,9.11867083345866
M3R,Iles1294,Iles1294:Confusing:hyp3,35,-0.7666666666666563,-2.2476277003836307,0.6009525886072777,8.114409662827528
M3R,Iles1294,Iles1294:Frustrated:hyp1,36,1.4499999999999955,1.5927810077519589,0.33836808223723325,1.5735517876984126
M3R,Iles1294,Iles1294:Frustrated:hyp2,37,19.35,3.1496062992126097,-1.7820511646908104,24.321245341274313
M3R,Iles1294,Iles1294:Frustrated:hyp3,38,-1.4000000000000012,-1.3022410660205264,0.6759767332844353,3.9133456614869657
M3R,Iles1294,Iles1294:collaborative:hyp1,39,-2.400000000000002,-5.046656115697767,0.7944359090904712,34.118356042044766
M3R,Iles1294,Iles1294:collaborative:hyp2,40,-47.1,-1.7358859554320372,6.089561067620277,61.237621110598326
M3R,Iles1294,Iles1294:collaborative:hyp3,41,-23.933333333333334,-2.5227135069653794,3.345256828113778,34.433075853369
MCONST,Kennedy1017,Kennedy1017:Family_approval:hyp1,42,1.9599999999999973,1.1214316314211104,1.8807667381042579,0.5765898042415071
MCONST,Kennedy1017,Kennedy1017:Family_approval:hyp2,43,11.240000000000006,5.027949595735615,1.8807667381042579,9.904759939368674
MCONST,Kennedy1017,Kennedy1017:Family_friends:hyp1,44,0.9600000000000009,0.272495157598096,1.8807667381042579,2.586537476663788
MCONST,Kennedy1017,Kennedy1017:Family_friends:hyp2,45,-0.7399999999999984,5.909494900894474,1.8807667381042579,16.23065060965903
MCONST,Kennedy1017,Kennedy1017:Family_knowledge:hyp1,46,27.04,6.742132970543002,1.8807667381042579,23.63288164589567
MCONST,Kennedy1017,Kennedy1017:Family_knowledge:hyp2,47,-13.679999999999996,6.178358411195594,1.8807667381042579,18.46929418862399
M2,Kennedy1017,Kennedy1017:Family_approval:hyp1,42,1.9599999999999973,1.1214316314211104,0.8171368048066163,0.09259534150434498
M2,Kennedy1017,Kennedy1017:Family_approval:hyp2,43,11.240000000000006,5.027949595735615,-1.4995529948600979,42.60829007023374
M2,Kennedy1017,Kennedy1017:Family_friends:hyp1,44,0.9600000000000009,0.272495157598096,1.0667801021844938,0.630888573196617
M2,Kennedy1017,Kennedy1017:Family_friends:hyp2,45,-0.7399999999999984,5.909494900894474,1.491173707726887,19.521562165993853
M2,Kennedy1017,Kennedy1017:Family_knowledge:hyp1,46,27.04,6.742132970543002,-5.443917093430575,148.49981616167045
M2,Kennedy1017,Kennedy1017:Family_knowledge:hyp2,47,-13.679999999999996,6.178358411195594,4.7215579757966335,2.122267508578602
M2R,Kennedy1017,Kennedy1017:Family_approval:hyp1,42,1.9599999999999973,1.1214316314211104,0.4064070711796495,0.5112601217484946
M2R,Kennedy1017,Kennedy1017:Family_approval:hyp2,43,11.240000000000006,5.027949595735615,0.10937912157412294,24.192335509293205
M2R,Kennedy1017,Kennedy1017:Family_friends:hyp1,44,0.9600000000000009,0.272495157598096,0.4384143933354173,0.027529192787656802
M2R,Kennedy1017,Kennedy1017:Family_friends:hyp2,45,-0.7399999999999984,5.909494900894474,0.4928268410002228,29.34029287107855
M2R,Kennedy1017,Kennedy1017:Family_knowledge:hyp1,46,27.04,6.742132970543002,-0.3963365684870101,50.95774735965936
M2R,Kennedy1017,Kennedy1017:Family_knowledge:hyp2,47,-13.679999999999996,6.178358411195594,0.9070015896958596,27.787202739571786
M3,Kennedy1017,Kennedy1017:Family_approval:hyp1,42,1.9599999999999973,1.1214316314211104,0.9246901490980476,0.03870721086667602
M3,Kennedy1017,Kennedy1017:Family_approval:hyp2,43,11.240000000000006,5.027949595735615,-1.5607376529087598,43.41079966044898
M3,Kennedy1017,Kennedy1017:Family_friends:hyp1,44,0.9600000000000009,0.272495157598096,1.1925164208660213,0.846439124865109
M3,Kennedy1017,Kennedy1017:Family_friends:hyp2,45,-0.7399999999999984,5.909494900894474,1.647821082871578,18.161863731221846
M3,Kennedy1017,Kennedy1017:Family_knowledge:hyp1,46,27.04,6.742132970543002,-5.792392746842758,157.114334959805
M3,Kennedy1017,Kennedy1017:Family_knowledge:hyp2,47,-13.679999999999996,6.178358411195594,5.11349303954917,1.1339382597316767
M3R,Kennedy1017,Kennedy1017:Family_approval:hyp1,42,1.9599999999999973,1.1214316314211104,0.6500677796110523,0.22218388079321433
M3R,Kennedy1017,Kennedy1017:Family_approval:hyp2,43,11.240000000000006,5.027949595735615,-0.03983257073089225,25.682416086755968
M3R,Kennedy1017,Kennedy1017:Family_friends:hyp1,44,0.9600000000000009,0.272495157598096,0.7244104897772098,0.20422746745855874
M3R,Kennedy1017,Kennedy1017:Family_friends:hyp2,45,-0.7399999999999984,5.909494900894474,0.8507930970596779,25.59046394012142
M3R,Kennedy1017,Kennedy1017:Family_knowledge:hyp1,46,27.04,6.742132970543002,-1.2144473913561842,63.307171055359795
M3R,Kennedy1017,Kennedy1017:Family_knowledge:hyp2,47,-13.679999999999996,6.178358411195594,1.812787766609759,19.058207052869587
MCONST,KlarS44,KlarS44:efficacy:hyp1,48,-4.233333333333333,-2.081202893610673,2.0797550790128643,17.313571249939375
MCONST,KlarS44,KlarS44:efficacy:hyp2,49,-1.033333333333338,-2.3761854583773445,2.0797550790128643,19.855406072757344
MCONST,KlarS44,KlarS44:importance:hyp1,50,2.0000000000000018,-0.5781333802627353,2.0797550790128643,7.06437106195042
MCONST,KlarS44,KlarS44:importance:hyp2,51,-0.2500000000000169,-1.6411496548937476,2.0797550790128643,13.845132038808634
MCONST,KlarS44,KlarS44:support_candidate:hyp1,52,-0.550000000000006,-3.373148264719505,2.0797550790128643,29.734154876087658
MCONST,KlarS44,KlarS44:support_candidate:hyp2,53,-0.7000000000000006,-0.5162190442972503,2.0797550790128643,6.739081648895718
M2,KlarS44,KlarS44:efficacy:hyp1,48,-4.233333333333333,-2.081202893610673,2.590375459248975,21.823644306906857
M2,KlarS44,KlarS44:efficacy:hyp2,49,-1.033333333333338,-2.3761854583773445,1.8152378745520978,17.56802955582536
M2,KlarS44,KlarS44:importance:hyp1,50,2.0000000000000018,-0.5781333802627353,1.0804720390581801,2.7509719370007097
M2,KlarS44,KlarS44:importance:hyp2,51,-0.2500000000000169,-1.6411496548937476,1.6254906532981772,10.670938903104235
M2,KlarS44,KlarS44:support_candidate:hyp1,52,-0.550000000000006,-3.373148264719505,1.6981598018635071,25.71816550618993
M2,KlarS44,KlarS44:support_candidate:hyp2,53,-0.7000000000000006,-0.5162190442972503,1.734494376146172,5.06571090096413
M2R,KlarS44,KlarS44:efficacy:hyp1,48,-4.233333333333333,-2.081202893610673,0.8710040402764585,8.715525780491259
M2R,KlarS44,KlarS44:efficacy:hyp2,49,-1.033333333333338,-2.3761854583773445,0.7752965408699619,9.931838791579802
M2R,KlarS44,KlarS44:importance:hyp1,50,2.0000000000000018,-0.5781333802627353,0.6845738070575532,1.594429440910314
M2R,KlarS44,KlarS44:importance:hyp2,51,-0.2500000000000169,-1.6411496548937476,0.7518681425777469,5.726534179015323
M2R,KlarS44,KlarS44:support_candidate:hyp1,52,-0.550000000000006,-3.373148264719505,0.7608407206471056,17.08986493113246
M2R,KlarS44,KlarS44:support_candidate:hyp2,53,-0.7000000000000006,-0.5162190442972503,0.765327009681785,1.6423602884692365
M3,KlarS44,KlarS44:efficacy:hyp1,48,-4.233333333333333,-2.081202893610673,2.6406241309863505,22.29565045021478
M3,KlarS44,KlarS44:efficacy:hyp2,49,-1.033333333333338,-2.3761854583773445,1.826613712010516,17.663520866612892
M3,KlarS44,KlarS44:importance:hyp1,50,2.0000000000000018,-0.5781333802627353,1.0549996690230028,2.667123556669333
M3,KlarS44,KlarS44:importance:hyp2,51,-0.2500000000000169,-1.6411496548937476,1.6273507448653923,10.683094863225659
M3,KlarS44,KlarS44:support_candidate:hyp1,52,-0.550000000000006,-3.373148264719505,1.7036642216443743,25.774025021700194
M3,KlarS44,KlarS44:support_candidate:hyp2,53,-0.7000000000000006,-0.5162190442972503,1.7418209600338652,5.098744661159663
M3R,KlarS44,KlarS44:efficacy:hyp1,48,-4.233333333333333,-2.081202893610673,1.0634142078184123,9.888616714600259
M3R,KlarS44,KlarS44:efficacy:hyp2,49,-1.033333333333338,-2.3761854583773445,0.8280384357151279,10.267050763473128
M3R,KlarS44,KlarS44:importance:hyp1,50,2.0000000000000018,-0.5781333802627353,0.6049218184088887,1.3996196031039558
M3R,KlarS44,KlarS44:importance:hyp2,51,-0.2500000000000169,-1.6411496548937476,0.7704204081690122,5.815670169060523
M3R,KlarS44,KlarS44:support_candidate:hyp1,52,-0.550000000000006,-3.373148264719505,0.7924868868036944,17.352516215605707
M3R,KlarS44,KlarS44:support_candidate:hyp2,53,-0.7000000000000006,-0.5162190442972503,0.8035201261210354,1.741711477936345
MCONST,McGinty730,McGinty730:social_stigma:hyp1,54,12.4,-0.7689075630250009,2.1222381920287514,8.35872377696533
MCONST,McGinty730,McGinty730:social_stigma:hyp2,55,-5.100000000000005,3.9735044159308064,2.1222381920287514,3.4271866317605735
MCONST,McGinty730,McGinty730:social_stigma:hyp3,56,-27.85,6.669897185235163,2.1222381920287514,20.681202318491152
MCONST,McGinty730,McGinty730:social_stigma:hyp4,57,-33.55,9.045535569599906,2.1222381920287514,47.932046578283625
MCONST,McGinty730,McGinty730:treatment_support:hyp1,58,6.05,-3.441767909510008,2.1222381920287514,30.958163897960546
MCONST,McGinty730,McGinty730:treatment_support:hyp2,59,5.899999999999994,-4.879393664037002,2.1222381920287514,49.02284864787476
MCONST,McGinty730,McGinty730:treatment_support:hyp3,60,8.200000000000006,-4.822313290055346,2.1222381920287514,48.226795287316435
MCONST,McGinty730,McGinty730:treatment_support:hyp4,61,10.099999999999998,-5.664295382037309,2.1222381920287514,60.63010510005798
MCONST,McGinty730,McGinty730:willingness_to_pay_mentalhealthservices:hyp1,62,9.40000000000001,-3.627728711881972,2.1222381920287514,33.06211939606867
MCONST,McGinty730,McGinty730:willingness_to_pay_mentalhealthservices:hyp2,63,10.20000000000001,-8.567630442007568,2.1222381920287514,114.27329141295353
MCONST,McGinty730,McGinty730:willingness_to_pay_mentalhealthservices:hyp3,64,44.39999999999999,-12.182001005530662,2.1222381920287514,204.61125902099516
MCONST,McGinty730,McGinty730:willingness_to_pay_mentalhealthservices:hyp4,65,47.6,-12.160897280723027,2.1222381920287514,204.0079589329802
M2,McGinty730,McGinty730:social_stigma:hyp1,54,12.4,-0.7689075630250009,-1.4042890348947927,0.4037096147954231
M2,McGinty730,McGinty730:social_stigma:hyp2,55,-5.100000000000005,3.9735044159308064,2.7668393641000297,1.4560405473097708
M2,McGinty730,McGinty730:social_stigma:hyp3,56,-27.85,6.669897185235163,8.189306282793297,2.308604005742422
M2,McGinty730,McGinty730:social_stigma:hyp4,57,-33.55,9.045535569599906,9.547902389894466,0.2523724221328664
M2,McGinty730,McGinty730:treatment_support:hyp1,58,6.05,-3.441767909510008,0.10923469845475697,12.609619521772563
M2,McGinty730,McGinty730:treatment_support:hyp2,59,5.899999999999994,-4.879393664037002,0.14498722758899962,25.244403344136494
M2,McGinty730,McGinty730:treatment_support:hyp3,60,8.200000000000006,-4.822313290055346,-0.40321821913603695,19.528401245823332
M2,McGinty730,McGinty730:treatment_support:hyp4,61,10.099999999999998,-5.664295382037309,-0.8560835881697586,23.118900654687014
M2,McGinty730,McGinty730:willingness_to_pay_mentalhealthservices:hyp1,62,9.40000000000001,-3.627728711881972,-0.6892384522099682,8.63472500618724
M2,McGinty730,McGinty730:willingness_to_pay_mentalhealthservices:hyp2,63,10.20000000000001,-8.567630442007568,-0.8799186075925887,59.10091324900412
M2,McGinty730,McGinty730:willingness_to_pay_mentalhealthservices:hyp3,64,44.39999999999999,-12.182001005530662,-9.031495250199606,9.925686514374103
M2,McGinty730,McGinty730:willingness_to_pay_mentalhealthservices:hyp4,65,47.6,-12.160897280723027,-9.79421587173009,5.601180891672794
M2R,McGinty730,McGinty730:social_stigma:hyp1,54,12.4,-0.7689075630250009,0.8192073801048285,2.522109072592261
M2R,McGinty730,McGinty730:social_stigma:hyp2,55,-5.100000000000005,3.9735044159308064,0.5213071981738804,11.917665630288662
M2R,McGinty730,McGinty730:social_stigma:hyp3,56,-27.85,6.669897185235163,0.13403696166364798,42.71746886206429
M2R,McGinty730,McGinty730:social_stigma:hyp4,57,-33.55,9.045535569599906,0.03700661669185357,81.15359389538266
M2R,McGinty730,McGinty730:treatment_support:hyp1,58,6.05,-3.441767909510008,0.7111121712327417,17.246412965029908
M2R,McGinty730,McGinty730:treatment_support:hyp2,59,5.899999999999994,-4.879393664037002,0.7085587411019049,31.225212082097695
M2R,McGinty730,McGinty730:treatment_support:hyp3,60,8.200000000000006,-4.822313290055346,0.7477113364414012,31.025174339780236
M2R,McGinty730,McGinty730:treatment_support:hyp4,61,10.099999999999998,-5.664295382037309,0.7800547847653325,41.52964907236924
M2R,McGinty730,McGinty730:willingness_to_pay_mentalhealthservices:hyp1,62,9.40000000000001,-3.627728711881972,0.7681387774880948,19.3236509841007
M2R,McGinty730,McGinty730:willingness_to_pay_mentalhealthservices:hyp2,63,10.20000000000001,-8.567630442007568,0.7817570715192239,87.41104687809067
M2R,McGinty730,McGinty730:willingness_to_pay_mentalhealthservices:hyp3,64,44.39999999999999,-12.182001005530662,1.3639391413499906,183.49249446287305
M2R,McGinty730,McGinty730:willingness_to_pay_mentalhealthservices:hyp4,65,47.6,-12.160897280723027,1.4184123174745071,184.3976491636997
M3,McGinty730,McGinty730:social_stigma:hyp1,54,12.4,-0.7689075630250009,-1.4132169482248709,0.4151345838566345
M3,McGinty730,McGinty730:social_stigma:hyp2,55,-5.100000000000005,3.9735044159308064,2.9865524637192915,0.9740741559741204
M3,McGinty730,McGinty730:social_stigma:hyp3,56,-27.85,6.669897185235163,8.7062526992467,4.146743779445194
M3,McGinty730,McGinty730:social_stigma:hyp4,57,-33.55,9.045535569599906,10.139320450565656,1.196365365829259
M3,McGinty730,McGinty730:treatment_support:hyp1,58,6.05,-3.441767909510008,0.18327080982343913,13.140905716666682
M3,McGinty730,McGinty730:treatment_support:hyp2,59,5.899999999999994,-4.879393664037002,0.22098311906867618,26.01384332964342
M3,McGinty730,McGinty730:treatment_support:hyp3,60,8.200000000000006,-4.822313290055346,-0.35727228935827376,19.936591137905918
M3,McGinty730,McGinty730:treatment_support:hyp4,61,10.099999999999998,-5.664295382037309,-0.8349615397979234,23.32246535979863
M3,McGinty730,McGinty730:willingness_to_pay_mentalhealthservices:hyp1,62,9.40000000000001,-3.627728711881972,-0.6589707633201598,8.81352375714894
M3,McGinty730,McGinty730:willingness_to_pay_mentalhealthservices:hyp2,63,10.20000000000001,-8.567630442007568,-0.8601030792947503,59.4059780469668
M3,McGinty730,McGinty730:willingness_to_pay_mentalhealthservices:hyp3,64,44.39999999999999,-12.182001005530662,-9.458509587208477,7.417405505674587
M3,McGinty730,McGinty730:willingness_to_pay_mentalhealthservices:hyp4,65,47.6,-12.160897280723027,-10.26303885110684,3.6018666188652206
M3R,McGinty730,McGinty730:social_stigma:hyp1,54,12.4,-0.7689075630250009,0.8659450580037986,2.6727430924847355
M3R,McGinty730,McGinty730:social_stigma:hyp2,55,-5.100000000000005,3.9735044159308064,0.9392558518723351,9.206664348490895
M3R,McGinty730,McGinty730:social_stigma:hyp3,56,-27.85,6.669897185235163,1.0345598839014323,31.757026499803338
M3R,McGinty730,McGinty730:social_stigma:hyp4,57,-33.55,9.045535569599906,1.0584382567614699,63.79372348475097
M3R,McGinty730,McGinty730:treatment_support:hyp1,58,6.05,-3.441767909510008,0.8925464032075248,18.786280561428057
M3R,McGinty730,McGinty730:treatment_support:hyp2,59,5.899999999999994,-4.879393664037002,0.8931747814406836,33.32254645772466
M3R,McGinty730,McGinty730:treatment_support:hyp3,60,8.200000000000006,-4.822313290055346,0.8835396485322474,32.55675775678868
M3R,McGinty730,McGinty730:treatment_support:hyp4,61,10.099999999999998,-5.664295382037309,0.8755801909122349,42.769972509662125
M3R,McGinty730,McGinty730:willingness_to_pay_mentalhealthservices:hyp1,62,9.40000000000001,-3.627728711881972,0.8785126226669763,20.306210965197483
M3R,McGinty730,McGinty730:willingness_to_pay_mentalhealthservices:hyp2,63,10.20000000000001,-8.567630442007568,0.875161272090129,89.16631535583211
M3R,McGinty730,McGinty730:willingness_to_pay_mentalhealthservices:hyp3,64,44.39999999999999,-12.182001005530662,0.7318910349299037,166.76860763267075
M3R,McGinty730,McGinty730:willingness_to_pay_mentalhealthservices:hyp4,65,47.6,-12.160897280723027,0.7184856326225141,165.87850422857707
MCONST,Melin1066,Melin1066:Capable:hyp1,66,20.63333333333334,10.167610167610164,1.664358992825052,72.30528054148438
MCONST,Melin1066,Melin1066:Capable:hyp2,67,3.8666666666666702,6.498316498316504,1.664358992825052,23.367145164897135
MCONST,Melin1066,Melin1066:Capable:hyp3,68,-1.033333333333338,4.093723494486845,1.664358992825052,5.901811881934452
MCONST,Melin1066,Melin1066:masculine:hyp1,69,18.966666666666665,13.962093731334663,1.664358992825052,151.23427969874604
MCONST,Melin1066,Melin1066:masculine:hyp2,70,20.23333333333333,13.893835554836004,1.664358992825052,149.5600969807752
MCONST,Melin1066,Melin1066:masculine:hyp3,71,32.43333333333333,15.589677371060668,1.664358992825052,193.9144919352266
M2,Melin1066,Melin1066:Capable:hyp1,66,20.63333333333334,10.167610167610164,-4.7597183794717095,222.82513755252546
M2,Melin1066,Melin1066:Capable:hyp2,67,3.8666666666666702,6.498316498316504,-0.13963041243735208,44.06233918998666
M2,Melin1066,Melin1066:Capable:hyp3,68,-1.033333333333338,4.093723494486845,1.2105742220637445,8.312549727073854
M2,Melin1066,Melin1066:masculine:hyp1,69,18.966666666666665,13.962093731334663,-4.300465102430519,333.52105515673475
M2,Melin1066,Melin1066:masculine:hyp2,70,20.23333333333333,13.893835554836004,-4.649497592981822,343.8552042309594
M2,Melin1066,Melin1066:masculine:hyp3,71,32.43333333333333,15.589677371060668,-8.01123158092332,557.002903359838
M2R,Melin1066,Melin1066:Capable:hyp1,66,20.63333333333334,10.167610167610164,-0.9540072066732761,123.69037301996329
M2R,Melin1066,Melin1066:Capable:hyp2,67,3.8666666666666702,6.498316498316504,0.1978420193810307,39.69597865971722
M2R,Melin1066,Melin1066:Capable:hyp3,68,-1.033333333333338,4.093723494486845,0.5344659482676775,12.668314280318087
M2R,Melin1066,Melin1066:masculine:hyp1,69,18.966666666666665,13.962093731334663,-0.8395092716778176,219.0874514587881
M2R,Melin1066,Melin1066:masculine:hyp2,70,20.23333333333333,13.893835554836004,-0.9265277022743654,219.64316707270706
M2R,Melin1066,Melin1066:masculine:hyp3,71,32.43333333333333,15.589677371060668,-1.7646525864411173,301.17276827384393
M3,Melin1066,Melin1066:Capable:hyp1,66,20.63333333333334,10.167610167610164,-4.753792697064028,222.6482634499072
M3,Melin1066,Melin1066:Capable:hyp2,67,3.8666666666666702,6.498316498316504,-0.11414211778172323,43.72460894961168
M3,Melin1066,Melin1066:Capable:hyp3,68,-1.033333333333338,4.093723494486845,1.2417796220880573,8.133583851312993
M3,Melin1066,Melin1066:masculine:hyp1,69,18.966666666666665,13.962093731334663,-4.292594826360019,333.2336543384291
M3,Melin1066,Melin1066:masculine:hyp2,70,20.23333333333333,13.893835554836004,-4.643105208095063,343.61817284841544
M3,Melin1066,Melin1066:masculine:hyp3,71,32.43333333333333,15.589677371060668,-8.01907362164839,557.3731234357409
M3R,Melin1066,Melin1066:Capable:hyp1,66,20.63333333333334,10.167610167610164,-0.8292264765415297,120.93041617815749
M3R,Melin1066,Melin1066:Capable:hyp2,67,3.8666666666666702,6.498316498316504,0.8774333378620718,31.594327503480205
M3R,Melin1066,Melin1066:Capable:hyp3,68,-1.033333333333338,4.093723494486845,1.3761987309382742,7.384940840499717
M3R,Melin1066,Melin1066:masculine:hyp1,69,18.966666666666665,13.962093731334663,-0.6595783836584671,213.79329543836766
M3R,Melin1066,Melin1066:masculine:hyp2,70,20.23333333333333,13.893835554836004,-0.788510934249594,215.57129842556418
M3R,Melin1066,Melin1066:masculine:hyp3,71,32.43333333333333,15.589677371060668,-2.0303349741536056,310.46483504550343
MCONST,Merolla843,Merolla843:foreign_policy:hyp1,72,19.933333333333326,5.250619401562845,2.003900312182983,10.541184845343599
MCONST,Merolla843,Merolla843:foreign_policy:hyp2,73,13.033333333333331,3.5849827757341632,2.003900312182983,2.49982175654907
MCONST,Merolla843,Merolla843:foreign_policy:hyp3,74,7.433333333333329,1.6656366258286814,2.003900312182983,0.11442232150600118
MCONST,Merolla843,Merolla843:hillary_clinton_leadership:hyp1,75,4.633333333333334,-1.0754648195406669,2.003900312182983,9.482489614475412
MCONST,Merolla843,Merolla843:hillary_clinton_leadership:hyp2,76,2.966666666666665,0.8768975389131684,2.003900312182983,1.2701352509578527
MCONST,Merolla843,Merolla843:trump_leadership:hyp1,77,2.433333333333332,-4.465269642934672,2.003900312182983,41.850159908196964
MCONST,Merolla843,Merolla843:trump_leadership:hyp2,78,-2.266666666666669,-2.23494599081,2.003900312182983,17.967817980397275
M2,Merolla843,Merolla843:foreign_policy:hyp1,72,19.933333333333326,5.250619401562845,-3.4910756003116714,76.4172315057979
M2,Merolla843,Merolla843:foreign_policy:hyp2,73,13.033333333333331,3.5849827757341632,-1.7919427148209657,28.911327730981515
M2,Merolla843,Merolla843:foreign_policy:hyp3,74,7.433333333333329,1.6656366258286814,-0.41293631500242034,4.320465470355255
M2,Merolla843,Merolla843:hillary_clinton_leadership:hyp1,75,4.633333333333334,-1.0754648195406669,0.2765668849068508,1.8279897298312597
M2,Merolla843,Merolla843:hillary_clinton_leadership:hyp2,76,2.966666666666665,0.8768975389131684,0.6869854562814183,0.03606659912952867
M2,Merolla843,Merolla843:trump_leadership:hyp1,77,2.433333333333332,-4.465269642934672,0.8183193991212796,27.91631316533373
M2,Merolla843,Merolla843:trump_leadership:hyp2,78,-2.266666666666669,-2.23494599081,1.9756997703975583,17.72953772637518
M2R,Merolla843,Merolla843:foreign_policy:hyp1,72,19.933333333333326,5.250619401562845,-0.15515091370305667,29.22235270141
M2R,Merolla843,Merolla843:foreign_policy:hyp2,73,13.033333333333331,3.5849827757341632,0.11199636845210925,12.061634585165908
M2R,Merolla843,Merolla843:foreign_policy:hyp3,74,7.433333333333329,1.6656366258286814,0.32881155396934564,1.7871012727517182
M2R,Merolla843,Merolla843:hillary_clinton_leadership:hyp1,75,4.633333333333334,-1.0754648195406669,0.43721914672796364,2.288212781806195
M2R,Merolla843,Merolla843:hillary_clinton_leadership:hyp2,76,2.966666666666665,0.8768975389131684,0.5017474757509507,0.1407375698906159
M2R,Merolla843,Merolla843:trump_leadership:hyp1,77,2.433333333333332,-4.465269642934672,0.5223965410383066,24.87681396274757
M2R,Merolla843,Merolla843:trump_leadership:hyp2,78,-2.266666666666669,-2.23494599081,0.70436642888313,8.639557500562283
M3,Merolla843,Merolla843:foreign_policy:hyp1,72,19.933333333333326,5.250619401562845,-3.627793064060061,78.82620790972818
M3,Merolla843,Merolla843:foreign_policy:hyp2,73,13.033333333333331,3.5849827757341632,-1.8136166759803236,29.14487604005196
M3,Merolla843,Merolla843:foreign_policy:hyp3,74,7.433333333333329,1.6656366258286814,-0.34124163637937555,4.027560359323231
M3,Merolla843,Merolla843:hillary_clinton_leadership:hyp1,75,4.633333333333334,-1.0754648195406669,0.39494588342109693,2.162107635384508
M3,Merolla843,Merolla843:hillary_clinton_leadership:hyp2,76,2.966666666666665,0.8768975389131684,0.8331527404451888,0.0019136073930041432
M3,Merolla843,Merolla843:trump_leadership:hyp1,77,2.433333333333332,-4.465269642934672,0.9733789346928983,29.578898350930395
M3,Merolla843,Merolla843:trump_leadership:hyp2,78,-2.266666666666669,-2.23494599081,2.209122271500836,19.74974272007845
M3R,Merolla843,Merolla843:foreign_policy:hyp1,72,19.933333333333326,5.250619401562845,-0.5784253872767561,33.9777631502981
M3R,Merolla843,Merolla843:foreign_policy:hyp2,73,13.033333333333331,3.5849827757341632,0.025003818021222757,12.673450179358914
M3R,Merolla843,Merolla843:foreign_policy:hyp3,74,7.433333333333329,1.6656366258286814,0.5147434629007426,1.3245550724742752
M3R,Merolla843,Merolla843:hillary_clinton_leadership:hyp1,75,4.633333333333334,-1.0754648195406669,0.7596132853405019,3.367511651014262
M3R,Merolla843,Merolla843:hillary_clinton_leadership:hyp2,76,2.966666666666665,0.8768975389131684,0.9053691320308352,0.0008106316146579768
M3R,Merolla843,Merolla843:trump_leadership:hyp1,77,2.433333333333332,-4.465269642934672,0.9520110029717419,29.346929596512208
M3R,Merolla843,Merolla843:trump_leadership:hyp2,78,-2.266666666666669,-2.23494599081,1.3630424906384815,12.94552111263595
MCONST,Mezzapelle1439,Mezzapelle1439:BELIEVABLE:hyp1,79,2.1666666666666647,0.905760329410188,1.9650128808878418,1.1220159678119193
MCONST,Mezzapelle1439,Mezzapelle1439:BELIEVABLE:hyp2,80,1.800000000000009,0.3365085751464769,1.9650128808878418,2.652026273818165
MCONST,Mezzapelle1439,Mezzapelle1439:BELIEVABLE:hyp3,81,3.600000000000003,1.264054275526505,1.9650128808878418,0.49134296643011033
MCONST,Mezzapelle1439,Mezzapelle1439:COMPENSATION:hyp1,82,3.2999999999999994,0.412904186886831,1.9650128808878418,2.4090413979935232
MCONST,Mezzapelle1439,Mezzapelle1439:COMPENSATION:hyp2,83,2.4333333333333464,1.510871680650383,1.9650128808878418,0.2062442297531196
MCONST,Mezzapelle1439,Mezzapelle1439:COMPENSATION:hyp3,84,4.833333333333326,1.9360223375518348,1.9650128808878418,0.0008404516029168955
MCONST,Mezzapelle1439,Mezzapelle1439:PERCEIVED HARM:hyp1,85,1.0666666666666675,1.896110734973277,1.9650128808878418,0.004747505711631961
MCONST,Mezzapelle1439,Mezzapelle1439:PERCEIVED HARM:hyp2,86,-0.9999999999999934,2.466185210261085,1.9650128808878418,0.25117370372940245
MCONST,Mezzapelle1439,Mezzapelle1439:PERCEIVED HARM:hyp3,87,0.0,4.402918119107513,1.9650128808878418,5.943381950538912
M2,Mezzapelle1439,Mezzapelle1439:BELIEVABLE:hyp1,79,2.1666666666666647,0.905760329410188,0.900125571359485,3.175049828996244e-05
M2,Mezzapelle1439,Mezzapelle1439:BELIEVABLE:hyp2,80,1.800000000000009,0.3365085751464769,0.989151567550824,0.42594287553450066
M2,Mezzapelle1439,Mezzapelle1439:BELIEVABLE:hyp3,81,3.600000000000003,1.264054275526505,0.552114858975148,0.5068577328394865
M2,Mezzapelle1439,Mezzapelle1439:COMPENSATION:hyp1,82,3.2999999999999994,0.412904186886831,0.6249543104044285,0.044965254883828354
M2,Mezzapelle1439,Mezzapelle1439:COMPENSATION:hyp2,83,2.4333333333333464,1.510871680650383,0.8353793923112328,0.45628983160566167
M2,Mezzapelle1439,Mezzapelle1439:COMPENSATION:hyp3,84,4.833333333333326,1.9360223375518348,0.25266378087700114,2.8336960303303793
M2,Mezzapelle1439,Mezzapelle1439:PERCEIVED HARM:hyp1,85,1.0666666666666675,1.896110734973277,1.1672035599335095,0.5313056698244543
M2,Mezzapelle1439,Mezzapelle1439:PERCEIVED HARM:hyp2,86,-0.9999999999999934,2.466185210261085,1.668986447557434,0.6355258672562316
M2,Mezzapelle1439,Mezzapelle1439:PERCEIVED HARM:hyp3,87,0.0,4.402918119107513,1.4261882761265037,8.860920558093744
M2R,Mezzapelle1439,Mezzapelle1439:BELIEVABLE:hyp1,79,2.1666666666666647,0.905760329410188,0.48814969297395433,0.17439864366467617
M2R,Mezzapelle1439,Mezzapelle1439:BELIEVABLE:hyp2,80,1.800000000000009,0.3365085751464769,0.49804247788540246,0.026093201734068656
M2R,Mezzapelle1439,Mezzapelle1439:BELIEVABLE:hyp3,81,3.600000000000003,1.264054275526505,0.44947789741101934,0.6635346757837425
M2R,Mezzapelle1439,Mezzapelle1439:COMPENSATION:hyp1,82,3.2999999999999994,0.412904186886831,0.45757199415675,0.001995213006302627
M2R,Mezzapelle1439,Mezzapelle1439:COMPENSATION:hyp2,83,2.4333333333333464,1.510871680650383,0.4809549403110823,1.0607284920311304
M2R,Mezzapelle1439,Mezzapelle1439:COMPENSATION:hyp3,84,4.833333333333326,1.9360223375518348,0.41620216634523854,2.3098533528064475
M2R,Mezzapelle1439,Mezzapelle1439:PERCEIVED HARM:hyp1,85,1.0666666666666675,1.896110734973277,0.5178280477082996,1.8996631660143675
M2R,Mezzapelle1439,Mezzapelle1439:PERCEIVED HARM:hyp2,86,-0.9999999999999934,2.466185210261085,0.5735873808455543,3.5819265439083776
M2R,Mezzapelle1439,Mezzapelle1439:PERCEIVED HARM:hyp3,87,0.0,4.402918119107513,0.546607058359786,14.871134997245257
M3,Mezzapelle1439,Mezzapelle1439:BELIEVABLE:hyp1,79,2.1666666666666647,0.905760329410188,0.9231245159339925,0.000301514973633472
M3,Mezzapelle1439,Mezzapelle1439:BELIEVABLE:hyp2,80,1.800000000000009,0.3365085751464769,1.0161966352972762,0.4619758591115566
M3,Mezzapelle1439,Mezzapelle1439:BELIEVABLE:hyp3,81,3.600000000000003,1.264054275526505,0.5592971402411435,0.4966826197356292
M3,Mezzapelle1439,Mezzapelle1439:COMPENSATION:hyp1,82,3.2999999999999994,0.412904186886831,0.6354470560838336,0.04952532863043419
M3,Mezzapelle1439,Mezzapelle1439:COMPENSATION:hyp2,83,2.4333333333333464,1.510871680650383,0.8554357018515983,0.4295963223039209
M3,Mezzapelle1439,Mezzapelle1439:COMPENSATION:hyp3,84,4.833333333333326,1.9360223375518348,0.24623637511009133,2.8553765988651696
M3,Mezzapelle1439,Mezzapelle1439:PERCEIVED HARM:hyp1,85,1.0666666666666675,1.896110734973277,1.2023408740238515,0.4813166199617853
M3,Mezzapelle1439,Mezzapelle1439:PERCEIVED HARM:hyp2,86,-0.9999999999999934,2.466185210261085,1.7269291831623745,0.5464994736017691
M3,Mezzapelle1439,Mezzapelle1439:PERCEIVED HARM:hyp3,87,0.0,4.402918119107513,1.473096130353413,8.583856885787029
M3R,Mezzapelle1439,Mezzapelle1439:BELIEVABLE:hyp1,79,2.1666666666666647,0.905760329410188,0.5708296161095648,0.11217858271206424
M3R,Mezzapelle1439,Mezzapelle1439:BELIEVABLE:hyp2,80,1.800000000000009,0.3365085751464769,0.5953621639511889,0.06700518043707891
M3R,Mezzapelle1439,Mezzapelle1439:BELIEVABLE:hyp3,81,3.600000000000003,1.264054275526505,0.47492965636503076,0.6227176645667418
M3R,Mezzapelle1439,Mezzapelle1439:COMPENSATION:hyp1,82,3.2999999999999994,0.412904186886831,0.49500174096272415,0.006740008385244199
M3R,Mezzapelle1439,Mezzapelle1439:COMPENSATION:hyp2,83,2.4333333333333464,1.510871680650383,0.5529877631338366,0.917541599436846
M3R,Mezzapelle1439,Mezzapelle1439:COMPENSATION:hyp3,84,4.833333333333326,1.9360223375518348,0.3924110863522932,2.3827356948298144
M3R,Mezzapelle1439,Mezzapelle1439:PERCEIVED HARM:hyp1,85,1.0666666666666675,1.896110734973277,0.6444272596344393,1.5667115224363113
M3R,Mezzapelle1439,Mezzapelle1439:PERCEIVED HARM:hyp2,86,-0.9999999999999934,2.466185210261085,0.7827016201963246,2.8341169980173335
M3R,Mezzapelle1439,Mezzapelle1439:PERCEIVED HARM:hyp3,87,0.0,4.402918119107513,0.7157946715373481,13.594879317621697
MCONST,MunschS68,MunschS68:Morgan_Committed:hyp1,88,0.1333333333333334,13.008458746931408,1.5874395724698098,130.4396789834195
M2,MunschS68,MunschS68:Morgan_Committed:hyp1,88,0.1333333333333334,13.008458746931408,1.0261077536735952,143.57673532562652
M2R,MunschS68,MunschS68:Morgan_Committed:hyp1,88,0.1333333333333334,13.008458746931408,0.3856306005146861,159.33579041397022
M3,MunschS68,MunschS68:Morgan_Committed:hyp1,88,0.1333333333333334,13.008458746931408,1.036633001494688,143.3246116791015
M3R,MunschS68,MunschS68:Morgan_Committed:hyp1,88,0.1333333333333334,13.008458746931408,0.4496768916966105,157.7230016873748
MCONST,SchaadS62,SchaadS62:still_identify:hyp1,89,0.1000000000000038,-2.7316790190675344,2.234244993927038,24.660401302836114
MCONST,SchaadS62,SchaadS62:still_identify:hyp2,90,-8.933333333333342,-6.908660195175065,2.234244993927038,83.59271529691014
MCONST,SchaadS62,SchaadS62:still_identify:hyp3,91,-4.966666666666668,-9.546772476113674,2.234244993927038,138.79237262940447
M2,SchaadS62,SchaadS62:still_identify:hyp1,89,0.1000000000000038,-2.7316790190675344,1.7183048669562608,19.802356585871436
M2,SchaadS62,SchaadS62:still_identify:hyp2,90,-8.933333333333342,-6.908660195175065,3.939265786145997,117.67749809622052
M2,SchaadS62,SchaadS62:still_identify:hyp3,91,-4.966666666666668,-9.546772476113674,2.9640098843615736,156.51967527117858
M2R,SchaadS62,SchaadS62:still_identify:hyp1,89,0.1000000000000038,-2.7316790190675344,0.8182963682261172,12.602325250390713
M2R,SchaadS62,SchaadS62:still_identify:hyp2,90,-8.933333333333342,-6.908660195175065,1.1886309757998177,65.56612430754778
M2R,SchaadS62,SchaadS62:still_identify:hyp3,91,-4.966666666666668,-9.546772476113674,1.0260117200755727,111.78376565918909
M3,SchaadS62,SchaadS62:still_identify:hyp1,89,0.1000000000000038,-2.7316790190675344,1.651290610112075,19.21042277031084
M3,SchaadS62,SchaadS62:still_identify:hyp2,90,-8.933333333333342,-6.908660195175065,3.9721385695139055,118.39178175765703
M3,SchaadS62,SchaadS62:still_identify:hyp3,91,-4.966666666666668,-9.546772476113674,2.953020830883581,156.24483271765337
M3R,SchaadS62,SchaadS62:still_identify:hyp1,89,0.1000000000000038,-2.7316790190675344,0.5828853188756871,10.986336750364988
M3R,SchaadS62,SchaadS62:still_identify:hyp2,90,-8.933333333333342,-6.908660195175065,1.327162897066977,67.82878200670726
M3R,SchaadS62,SchaadS62:still_identify:hyp3,91,-4.966666666666668,-9.546772476113674,1.0003399014774437,111.24157950553577
MCONST,Schnabel903,Schnabel903:Feminine:hyp1,92,0.1333333333333334,1.872121656422121,1.982592297613219,0.012203762565172332
MCONST,Schnabel903,Schnabel903:Masculine:hyp1,93,-0.0333333333333333,0.4356323288361441,1.982592297613219,2.3930851449987687
M2,Schnabel903,Schnabel903:Feminine:hyp1,92,0.1333333333333334,1.872121656422121,1.4281020304500336,0.19715342824839244
M2,Schnabel903,Schnabel903:Masculine:hyp1,93,-0.0333333333333333,0.4356323288361441,1.468514045041124,1.0668446396705447
M2R,Schnabel903,Schnabel903:Feminine:hyp1,92,0.1333333333333334,1.872121656422121,0.5797987413480793,1.6700985168254692
M2R,Schnabel903,Schnabel903:Masculine:hyp1,93,-0.0333333333333333,0.4356323288361441,0.5843992573795767,0.022131599028246764
M3,Schnabel903,Schnabel903:Feminine:hyp1,92,0.1333333333333334,1.872121656422121,1.4404113100814564,0.1863738231375766
M3,Schnabel903,Schnabel903:Masculine:hyp1,93,-0.0333333333333333,0.4356323288361441,1.4827348968471676,1.09642378793528
M3R,Schnabel903,Schnabel903:Feminine:hyp1,92,0.1333333333333334,1.872121656422121,0.6275471748803871,1.5489656401048757
M3R,Schnabel903,Schnabel903:Masculine:hyp1,93,-0.0333333333333333,0.4356323288361441,0.6388929631792584,0.0413148854735652
MCONST,ShannonS2,ShannonS2:tax credit effective:hyp1,94,-10.449999999999992,-3.846599601316492,2.143631186283156,35.8828648887067
MCONST,ShannonS2,ShannonS2:tax credit effective:hyp2,95,-13.1,-8.215691597665254,2.143631186283156,107.31556854203265
MCONST,ShannonS2,ShannonS2:tax credit effective:hyp3,96,0.8000000000000007,1.0304221965748428,2.143631186283156,1.2392342547674036
M2,ShannonS2,ShannonS2:tax credit effective:hyp1,94,-10.449999999999992,-3.846599601316492,4.277411615463667,65.99955825036984
M2,ShannonS2,ShannonS2:tax credit effective:hyp2,95,-13.1,-8.215691597665254,4.9386847687651745,173.0376175897034
M2,ShannonS2,ShannonS2:tax credit effective:hyp3,96,0.8000000000000007,1.0304221965748428,1.470119926919545,0.19333409407028251
M2R,ShannonS2,ShannonS2:tax credit effective:hyp1,94,-10.449999999999992,-3.846599601316492,1.3333796484299185,26.832185027803387
M2R,ShannonS2,ShannonS2:tax credit effective:hyp2,95,-13.1,-8.215691597665254,1.4737684237637012,93.88563550687
M2R,ShannonS2,ShannonS2:tax credit effective:hyp3,96,0.8000000000000007,1.0304221965748428,0.7373895644657497,0.08586812348078313
M3,ShannonS2,ShannonS2:tax credit effective:hyp1,94,-10.449999999999992,-3.846599601316492,4.276104653916351,65.97832441797775
M3,ShannonS2,ShannonS2:tax credit effective:hyp2,95,-13.1,-8.215691597665254,4.972885123253295,173.93855592355467
M3,ShannonS2,ShannonS2:tax credit effective:hyp3,96,0.8000000000000007,1.0304221965748428,1.3180743595614106,0.08274376687085097
M3R,ShannonS2,ShannonS2:tax credit effective:hyp1,94,-10.449999999999992,-3.846599601316492,1.3270636130639477,26.766791055833345
M3R,ShannonS2,ShannonS2:tax credit effective:hyp2,95,-13.1,-8.215691597665254,1.5811628696085618,95.97835745294292
M3R,ShannonS2,ShannonS2:tax credit effective:hyp3,96,0.8000000000000007,1.0304221965748428,0.24834035414813693,0.6116520082535508
MCONST,Silverman1035,Silverman1035:Americans_Killed:hyp1,97,-11.8,-7.911140583554655,2.0031768961441756,98.29369108826177
MCONST,Silverman1035,Silverman1035:Americans_Killed:hyp2,98,0.0,3.064730188910314,2.0031768961441756,1.1268953933826307
MCONST,Silverman1035,Silverman1035:Americans_Killed:hyp3,99,0.0,2.640063934742498,2.0031768961441756,0.40562509993454116
MCONST,Silverman1035,Silverman1035:Americans_Killed:hyp4,100,0.0,3.753180661578004,2.0031768961441756,3.0625131790325777
MCONST,Silverman1035,Silverman1035:Terrorism_likely:hyp1,101,-32.0,2.039553429027113,2.0031768961441756,0.0013232521445834344
MCONST,Silverman1035,Silverman1035:Terrorism_likely:hyp2,102,-0.1333333333333334,-1.7932952715561168,2.0031768961441756,14.413200920122957
MCONST,Silverman1035,Silverman1035:Terrorism_likely:hyp3,103,-3.00000000000001,-0.727077538671661,2.0031768961441756,7.454289278831544
MCONST,Silverman1035,Silverman1035:Terrorism_likely:hyp4,104,-2.333333333333343,-4.728267483636673,2.0031768961441756,45.31234343808317
MCONST,Silverman1035,Silverman1035:Terrorism_worry:hyp1,105,-27.066666666666663,4.675029342723091,2.0031768961441756,7.138795496289736
MCONST,Silverman1035,Silverman1035:Terrorism_worry:hyp2,106,-3.999999999999997,1.8342163503454525,2.0031768961441756,0.028547666036602408
MCONST,Silverman1035,Silverman1035:Terrorism_worry:hyp3,107,-4.600000000000004,2.824357203919325,2.0031768961441756,0.674337097877689
MCONST,Silverman1035,Silverman1035:Terrorism_worry:hyp4,108,-6.133333333333332,0.7647182065786517,2.0031768961441756,1.5337799257603546
M2,Silverman1035,Silverman1035:Americans_Killed:hyp1,97,-11.8,-7.911140583554655,4.4411213239820375,152.57837423238203
M2,Silverman1035,Silverman1035:Americans_Killed:hyp2,98,0.0,3.064730188910314,1.535623713567083,2.3381666129365994
M2,Silverman1035,Silverman1035:Americans_Killed:hyp3,99,0.0,2.640063934742498,1.535623713567083,1.21978820215
M2,Silverman1035,Silverman1035:Americans_Killed:hyp4,100,0.0,3.753180661578004,1.535623713567083,4.917558817671511
M2,Silverman1035,Silverman1035:Terrorism_likely:hyp1,101,-32.0,2.039553429027113,9.414939267234756,54.39631626243385
M2,Silverman1035,Silverman1035:Terrorism_likely:hyp2,102,-0.1333333333333334,-1.7932952715561168,1.5684541950406983,11.30135947616397
M2,Silverman1035,Silverman1035:Terrorism_likely:hyp3,103,-3.00000000000001,-0.727077538671661,2.2743095467234298,9.008324436376439
M2,Silverman1035,Silverman1035:Terrorism_likely:hyp4,104,-2.333333333333343,-4.728267483636673,2.110157139355353,46.76405132434363
M2,Silverman1035,Silverman1035:Terrorism_worry:hyp1,105,-27.066666666666663,4.675029342723091,8.200211452710988,12.426908908578723
M2,Silverman1035,Silverman1035:Terrorism_worry:hyp2,106,-3.999999999999997,1.8342163503454525,2.5205381577755412,0.4710376233541038
M2,Silverman1035,Silverman1035:Terrorism_worry:hyp3,107,-4.600000000000004,2.824357203919325,2.668275324406812,0.02436155311215861
M2,Silverman1035,Silverman1035:Terrorism_worry:hyp4,108,-6.133333333333332,0.7647182065786517,3.0458258613533866,5.203452132671891
M2R,Silverman1035,Silverman1035:Americans_Killed:hyp1,97,-11.8,-7.911140583554655,0.8098591948584424,76.05583713508128
M2R,Silverman1035,Silverman1035:Americans_Killed:hyp2,98,0.0,3.064730188910314,0.5750863851118102,6.1983262697922825
M2R,Silverman1035,Silverman1035:Americans_Killed:hyp3,99,0.0,2.640063934742498,0.5750863851118102,4.26413228047876
M2R,Silverman1035,Silverman1035:Americans_Killed:hyp4,100,0.0,3.753180661578004,0.5750863851118102,10.100283230107179
M2R,Silverman1035,Silverman1035:Terrorism_likely:hyp1,101,-32.0,2.039553429027113,1.211758411543355,0.6852445909709353
M2R,Silverman1035,Silverman1035:Terrorism_likely:hyp2,102,-0.1333333333333334,-1.7932952715561168,0.5777391852219417,5.621804395228822
M2R,Silverman1035,Silverman1035:Terrorism_likely:hyp3,103,-3.00000000000001,-0.727077538671661,0.6347743875897678,1.8546406690619641
M2R,Silverman1035,Silverman1035:Terrorism_likely:hyp4,104,-2.333333333333343,-4.728267483636673,0.6215103870391105,28.62012326557232
M2R,Silverman1035,Silverman1035:Terrorism_worry:hyp1,105,-27.066666666666663,4.675029342723091,1.1136048074684917,12.68374472031344
M2R,Silverman1035,Silverman1035:Terrorism_worry:hyp2,106,-3.999999999999997,1.8342163503454525,0.6546703884157532,1.3913286763046595
M2R,Silverman1035,Silverman1035:Terrorism_worry:hyp3,107,-4.600000000000004,2.824357203919325,0.6666079889113449,4.655881674867555
M2R,Silverman1035,Silverman1035:Terrorism_worry:hyp4,108,-6.133333333333332,0.7647182065786517,0.6971151901778563,0.0045701678264862215
M3,Silverman1035,Silverman1035:Americans_Killed:hyp1,97,-11.8,-7.911140583554655,4.459842041173588,153.04121110132806
M3,Silverman1035,Silverman1035:Americans_Killed:hyp2,98,0.0,3.064730188910314,1.38517415328599,2.8209084768020953
M3,Silverman1035,Silverman1035:Americans_Killed:hyp3,99,0.0,2.640063934742498,1.38517415328599,1.5747483636039625
M3,Silverman1035,Silverman1035:Americans_Killed:hyp4,100,0.0,3.753180661578004,1.38517415328599,5.607454823313336
M3,Silverman1035,Silverman1035:Terrorism_likely:hyp1,101,-32.0,2.039553429027113,9.723256561116765,59.039293822084325
M3,Silverman1035,Silverman1035:Terrorism_likely:hyp2,102,-0.1333333333333334,-1.7932952715561168,1.4199161633186184,10.324727725209755
M3,Silverman1035,Silverman1035:Terrorism_likely:hyp3,103,-3.00000000000001,-0.727077538671661,2.1668693790201274,8.374928762417802
M3,Silverman1035,Silverman1035:Terrorism_likely:hyp4,104,-2.333333333333343,-4.728267483636673,1.9931593288569864,45.17757839570867
M3,Silverman1035,Silverman1035:Terrorism_worry:hyp1,105,-27.066666666666663,4.675029342723091,8.437802189909519,14.158459499523456
M3,Silverman1035,Silverman1035:Terrorism_worry:hyp2,106,-3.999999999999997,1.8342163503454525,2.427434454264836,0.35190771881770827
M3,Silverman1035,Silverman1035:Terrorism_worry:hyp3,107,-4.600000000000004,2.824357203919325,2.583773499411665,0.05788051887462916
M3,Silverman1035,Silverman1035:Terrorism_worry:hyp4,108,-6.133333333333332,0.7647182065786517,2.983306614786888,4.922134525035955
M3R,Silverman1035,Silverman1035:Americans_Killed:hyp1,97,-11.8,-7.911140583554655,0.9290419126291944,78.14882656583532
M3R,Silverman1035,Silverman1035:Americans_Killed:hyp2,98,0.0,3.064730188910314,0.17014403028291814,8.378629029717304
M3R,Silverman1035,Silverman1035:Americans_Killed:hyp3,99,0.0,2.640063934742498,0.17014403028291814,6.100504334445621
M3R,Silverman1035,Silverman1035:Americans_Killed:hyp4,100,0.0,3.753180661578004,0.17014403028291814,12.838151501202438
M3R,Silverman1035,Silverman1035:Terrorism_likely:hyp1,101,-32.0,2.039553429027113,2.2281721857982433,0.03557703540588676
M3R,Silverman1035,Silverman1035:Terrorism_likely:hyp2,102,-0.1333333333333334,-1.7932952715561168,0.17871914759756535,3.8888408693500343
M3R,Silverman1035,Silverman1035:Terrorism_likely:hyp3,103,-3.00000000000001,-0.727077538671661,0.36308416986248054,1.1884525507540786
M3R,Silverman1035,Silverman1035:Terrorism_likely:hyp4,104,-2.333333333333343,-4.728267483636673,0.32020858328924456,25.487110598323778
M3R,Silverman1035,Silverman1035:Terrorism_worry:hyp1,105,-27.066666666666663,4.675029342723091,1.9108928451562972,7.640450577180821
M3R,Silverman1035,Silverman1035:Terrorism_worry:hyp2,106,-3.999999999999997,1.8342163503454525,0.42739754972233357,1.9791391377866705
M3R,Silverman1035,Silverman1035:Terrorism_worry:hyp3,107,-4.600000000000004,2.824357203919325,0.46598557763824644,5.5619167276476595
M3R,Silverman1035,Silverman1035:Terrorism_worry:hyp4,108,-6.133333333333332,0.7647182065786517,0.5645994267566887,0.040047526037431315
MCONST,Stoker1063,Stoker1063:Anger:hyp1,109,-39.96666666666667,-11.257119255684522,2.3223840313483937,184.40290952253775
MCONST,Stoker1063,Stoker1063:Serious:hyp1,110,-41.49999999999999,-7.975655974972041,2.3223840313483937,106.04962797177618
MCONST,Stoker1063,Stoker1063:Worry:hyp1,111,-30.36666666666667,-7.8868498276217505,2.3223840313483937,104.22845598714242
M2,Stoker1063,Stoker1063:Anger:hyp1,109,-39.96666666666667,-11.257119255684522,15.001813363203208,689.5315422832861
M2,Stoker1063,Stoker1063:Serious:hyp1,110,-41.49999999999999,-7.975655974972041,15.49958773141212,551.0870670741292
M2,Stoker1063,Stoker1063:Worry:hyp1,111,-30.36666666666667,-7.8868498276217505,11.885312970938696,390.93842173277756
M2R,Stoker1063,Stoker1063:Anger:hyp1,109,-39.96666666666667,-11.257119255684522,8.033902961602093,372.1435381878459
M2R,Stoker1063,Stoker1063:Serious:hyp1,110,-41.49999999999999,-7.975655974972041,8.305483289373118,265.07549574500155
M2R,Stoker1063,Stoker1063:Worry:hyp1,111,-30.36666666666667,-7.8868498276217505,6.3335739529487105,202.22045249901385
M3,Stoker1063,Stoker1063:Anger:hyp1,109,-39.96666666666667,-11.257119255684522,16.416857780846186,765.8490050184289
M3,Stoker1063,Stoker1063:Serious:hyp1,110,-41.49999999999999,-7.975655974972041,16.81035848453979,614.3465127871297
M3,Stoker1063,Stoker1063:Worry:hyp1,111,-30.36666666666667,-7.8868498276217505,13.953201201199267,476.9878289415059
M3R,Stoker1063,Stoker1063:Anger:hyp1,109,-39.96666666666667,-11.257119255684522,7.657435645331166,357.7603871035366
M3R,Stoker1063,Stoker1063:Serious:hyp1,110,-41.49999999999999,-7.975655974972041,7.936934629554883,253.2105397472785
M3R,Stoker1063,Stoker1063:Worry:hyp1,111,-30.36666666666667,-7.8868498276217505,5.907528961495707,190.28488617765362
MCONST,Terman1029,Terman1029:donating to HRAC:hyp1,112,-1.6000000000000014,-1.3438735177866867,2.021103111395705,11.323067714943694
MCONST,Terman1029,Terman1029:donating to HRAC:hyp2,113,-0.2000000000000001,2.9606980898719826,2.021103111395705,0.8828387235778361
MCONST,Terman1029,Terman1029:donating to HRAC:hyp3,114,-1.4000000000000012,-1.1822240168700038,2.021103111395705,10.261304690683033
MCONST,Terman1029,Terman1029:naitonalist superiority:hyp1,115,-8.05,1.262958917020085,2.021103111395705,0.5747826194654582
MCONST,Terman1029,Terman1029:naitonalist superiority:hyp2,116,-2.500000000000002,0.2191348702977325,2.021103111395705,3.2470895419257215
MCONST,Terman1029,Terman1029:naitonalist superiority:hyp3,117,-25.6,-2.6153273809525035,2.021103111395705,21.496487710376257
MCONST,Terman1029,Terman1029:perception of domestic human rights conditions:hyp1,118,0.2500000000000058,1.8621973102137868,2.021103111395705,0.025251053649267392
MCONST,Terman1029,Terman1029:perception of domestic human rights conditions:hyp2,119,-0.3000000000000002,-0.2145900974024894,2.021103111395705,4.998324123866368
MCONST,Terman1029,Terman1029:perception of domestic human rights conditions:hyp3,120,-2.949999999999997,-0.9620009620009972,2.021103111395705,8.898909912715999
M2,Terman1029,Terman1029:donating to HRAC:hyp1,112,-1.6000000000000014,-1.3438735177866867,1.924183313592093,10.68019545312151
M2,Terman1029,Terman1029:donating to HRAC:hyp2,113,-0.2000000000000001,2.9606980898719826,1.5806432932069272,1.9045512417982273
M2,Terman1029,Terman1029:donating to HRAC:hyp3,114,-1.4000000000000012,-1.1822240168700038,1.8751061678227834,9.347267858233632
M2,Terman1029,Terman1029:naitonalist superiority:hyp1,115,-8.05,1.262958917020085,3.506921264652319,5.035367017591167
M2,Terman1029,Terman1029:naitonalist superiority:hyp2,116,-2.500000000000002,0.2191348702977325,2.1450304695539852,3.709073859234601
M2,Terman1029,Terman1029:naitonalist superiority:hyp3,117,-25.6,-2.6153273809525035,7.813440805909213,108.75920589529902
M2,Terman1029,Terman1029:perception of domestic human rights conditions:hyp1,118,0.2500000000000058,1.8621973102137868,1.4702197152259797,0.1536464349724253
M2,Terman1029,Terman1029:perception of domestic human rights conditions:hyp2,119,-0.3000000000000002,-0.2145900974024894,1.605181866091582,3.311569999119068
M2,Terman1029,Terman1029:perception of domestic human rights conditions:hyp3,120,-2.949999999999997,-0.9620009620009972,2.25545404753493,10.352016738387833
M2R,Terman1029,Terman1029:donating to HRAC:hyp1,112,-1.6000000000000014,-1.3438735177866867,0.7276618810795572,4.291258908755928
M2R,Terman1029,Terman1029:donating to HRAC:hyp2,113,-0.2000000000000001,2.9606980898719826,0.6753624051181057,5.2227591920094705
M2R,Terman1029,Terman1029:donating to HRAC:hyp3,114,-1.4000000000000012,-1.1822240168700038,0.7201905273707784,3.6191810981388626
M2R,Terman1029,Terman1029:naitonalist superiority:hyp1,115,-8.05,1.262958917020085,0.9686130381876726,0.08663949638562518
M2R,Terman1029,Terman1029:naitonalist superiority:hyp2,116,-2.500000000000002,0.2191348702977325,0.7612829727690616,0.2939245650132628
M2R,Terman1029,Terman1029:naitonalist superiority:hyp3,117,-25.6,-2.6153273809525035,1.6242243261330103,17.973798677051697
M2R,Terman1029,Terman1029:perception of domestic human rights conditions:hyp1,118,0.2500000000000058,1.8621973102137868,0.6585518592733532,1.4487623715695996
M2R,Terman1029,Terman1029:perception of domestic human rights conditions:hyp2,119,-0.3000000000000002,-0.2145900974024894,0.6790980819724951,0.7986785619545744
M2R,Terman1029,Terman1029:perception of domestic human rights conditions:hyp3,120,-2.949999999999997,-0.9620009620009972,0.7780935186138137,3.0279288014661283
M3,Terman1029,Terman1029:donating to HRAC:hyp1,112,-1.6000000000000014,-1.3438735177866867,1.8563122664323934,10.241189053517889
M3,Terman1029,Terman1029:donating to HRAC:hyp2,113,-0.2000000000000001,2.9606980898719826,1.4916761099286708,2.1580255775565678
M3,Terman1029,Terman1029:donating to HRAC:hyp3,114,-1.4000000000000012,-1.1822240168700038,1.8042213869318617,8.918856149889288
M3,Terman1029,Terman1029:naitonalist superiority:hyp1,115,-8.05,1.262958917020085,3.536243130324542,5.167821114459264
M3,Terman1029,Terman1029:naitonalist superiority:hyp2,116,-2.500000000000002,0.2191348702977325,2.0907212241847866,3.502835480056237
M3,Terman1029,Terman1029:naitonalist superiority:hyp3,117,-25.6,-2.6153273809525035,8.107217806496202,114.9729752968794
M3,Terman1029,Terman1029:perception of domestic human rights conditions:hyp1,118,0.2500000000000058,1.8621973102137868,1.3744716310524732,0.23787633811336462
M3,Terman1029,Terman1029:perception of domestic human rights conditions:hyp2,119,-0.3000000000000002,-0.2145900974024894,1.5177215496789367,3.0009036426139635
M3,Terman1029,Terman1029:perception of domestic human rights conditions:hyp3,120,-2.949999999999997,-0.9620009620009972,2.2079257030609813,10.048435061870958
M3R,Terman1029,Terman1029:donating to HRAC:hyp1,112,-1.6000000000000014,-1.3438735177866867,0.5426646661538346,3.5590263194656
M3R,Terman1029,Terman1029:donating to HRAC:hyp2,113,-0.2000000000000001,2.9606980898719826,0.42866779830847124,6.411177397395201
M3R,Terman1029,Terman1029:donating to HRAC:hyp3,114,-1.4000000000000012,-1.1822240168700038,0.5263793993187826,2.9193256338119915
M3R,Terman1029,Terman1029:naitonalist superiority:hyp1,115,-8.05,1.262958917020085,1.0678645215842582,0.038061823130470775
M3R,Terman1029,Terman1029:naitonalist superiority:hyp2,116,-2.500000000000002,0.2191348702977325,0.6159483669115682,0.15746095109489858
M3R,Terman1029,Terman1029:naitonalist superiority:hyp3,117,-25.6,-2.6153273809525035,2.496896686360062,26.134834914409833
M3R,Terman1029,Terman1029:perception of domestic human rights conditions:hyp1,118,0.2500000000000058,1.8621973102137868,0.39202594792960405,2.16140383448053
M3R,Terman1029,Terman1029:perception of domestic human rights conditions:hyp2,119,-0.3000000000000002,-0.2145900974024894,0.43681043172599715,0.42432264934887226
M3R,Terman1029,Terman1029:perception of domestic human rights conditions:hyp3,120,-2.949999999999997,-0.9620009620009972,0.6525902172904345,2.6069046762456964
MCONST,WallaceS9,WallaceS9:credibility:hyp1,121,-16.533333333333335,19.580947383630264,1.4341705004788932,329.305511246877
MCONST,WallaceS9,WallaceS9:president_approval:hyp1,122,-27.63333333333333,15.632114429687563,1.4341705004788932,201.5816118169533
M2,WallaceS9,WallaceS9:credibility:hyp1,121,-16.533333333333335,19.580947383630264,4.778865011688798,219.1016425457403
M2,WallaceS9,WallaceS9:president_approval:hyp1,122,-27.63333333333333,15.632114429687563,7.2346815139348015,70.51687957456795
M2R,WallaceS9,WallaceS9:credibility:hyp1,121,-16.533333333333335,19.580947383630264,-0.18689376647451006,390.7675437357756
M2R,WallaceS9,WallaceS9:president_approval:hyp1,122,-27.63333333333333,15.632114429687563,-0.5245911054354178,261.0391337486736
M3,WallaceS9,WallaceS9:credibility:hyp1,121,-16.533333333333335,19.580947383630264,4.129872423910667,238.73571741087392
M3,WallaceS9,WallaceS9:president_approval:hyp1,122,-27.63333333333333,15.632114429687563,7.009159003712453,74.3553602783536
M3R,WallaceS9,WallaceS9:credibility:hyp1,121,-16.533333333333335,19.580947383630264,-1.028082325464039,424.73210555033154
M3R,WallaceS9,WallaceS9:president_approval:hyp1,122,-27.63333333333333,15.632114429687563,-0.9042147980499609,273.45018432812634
MCONST,Williamson859,Williamson859:Food stamps:hyp1,123,-6.000000000000005,-1.0912698412695043,2.024230902708457,9.706344885727232
MCONST,Williamson859,Williamson859:Military:hyp1,124,-1.999999999999991,1.2731152765945053,2.024230902708457,0.5641746837925538
MCONST,Williamson859,Williamson859:Social Security:hyp1,125,0.6000000000000005,-0.4676889160090014,2.024230902708457,6.209664382916851
M2,Williamson859,Williamson859:Food stamps:hyp1,123,-6.000000000000005,-1.0912698412695043,2.9788885200177466,16.56618908595652
M2,Williamson859,Williamson859:Military:hyp1,124,-1.999999999999991,1.2731152765945053,2.0073260063801657,0.539065395732392
M2,Williamson859,Williamson859:Social Security:hyp1,125,0.6000000000000005,-0.4676889160090014,1.3758103725157425,3.398489626791237
M2R,Williamson859,Williamson859:Food stamps:hyp1,123,-6.000000000000005,-1.0912698412695043,0.8453037640537697,3.750317328834784
M2R,Williamson859,Williamson859:Military:hyp1,124,-1.999999999999991,1.2731152765945053,0.722148944118132,0.3035638995224655
M2R,Williamson859,Williamson859:Social Security:hyp1,125,0.6000000000000005,-0.4676889160090014,0.6420983111599681,1.2316276895873899
M3,Williamson859,Williamson859:Food stamps:hyp1,123,-6.000000000000005,-1.0912698412695043,3.0183471850677424,16.888952103161
M3,Williamson859,Williamson859:Military:hyp1,124,-1.999999999999991,1.2731152765945053,1.9993228539487853,0.5273774454067726
M3,Williamson859,Williamson859:Social Security:hyp1,125,0.6000000000000005,-0.4676889160090014,1.3369570387214678,3.2567470219250465
M3R,Williamson859,Williamson859:Food stamps:hyp1,123,-6.000000000000005,-1.0912698412695043,1.0027039126472743,4.384726082092326
M3R,Williamson859,Williamson859:Military:hyp1,124,-1.999999999999991,1.2731152765945053,0.7104643581155461,0.3165760560652164
M3R,Williamson859,Williamson859:Social Security:hyp1,125,0.6000000000000005,-0.4676889160090014,0.5205086476699242,0.9765344248609643
MCONST,bolsenM6,bolsenM6:Providing Personal Pronouns:hyp1,126,-8.56666666666667,0.5224596747476662,1.9869692744857075,2.144788367724878
MCONST,bolsenM6,bolsenM6:Providing Personal Pronouns:hyp2,127,-16.8,7.400708201741835,1.9869692744857075,29.308569172488326
MCONST,bolsenM6,bolsenM6:Providing Personal Pronouns:hyp3,128,-15.6,1.5754915836720065,1.9869692744857075,0.1693138900373757
MCONST,bolsenM6,bolsenM6:They/Them Pronouns in Forms:hyp1,129,-5.1000000000000005,0.320132542354834,1.9869692744857075,2.7783446915807293
MCONST,bolsenM6,bolsenM6:They/Them Pronouns in Forms:hyp2,130,-6.8666666666666645,3.1596387151943297,1.9869692744857075,1.3751536171718728
MCONST,bolsenM6,bolsenM6:They/Them Pronouns in Forms:hyp3,131,-7.000000000000014,-2.114468446126672,1.9869692744857075,16.82179137606207
MCONST,bolsenM6,bolsenM6:Using They/Them Pronouns:hyp1,132,1.7000000000000053,-0.4857485326235089,1.9869692744857075,6.11433335359501
MCONST,bolsenM6,bolsenM6:Using They/Them Pronouns:hyp2,133,-3.366666666666666,-0.492219650205683,1.9869692744857075,6.146377724312452
MCONST,bolsenM6,bolsenM6:Using They/Them Pronouns:hyp3,134,-1.633333333333331,-0.6828849106643498,1.9869692744857075,7.128121369963275
M2,bolsenM6,bolsenM6:Providing Personal Pronouns:hyp1,126,-8.56666666666667,0.5224596747476662,3.605011314149542,9.502124609579193
M2,bolsenM6,bolsenM6:Providing Personal Pronouns:hyp2,127,-16.8,7.400708201741835,5.608589740269985,3.211688579948229
M2,bolsenM6,bolsenM6:Providing Personal Pronouns:hyp3,128,-15.6,1.5754915836720065,5.316570212576317,13.995669307644558
M2,bolsenM6,bolsenM6:They/Them Pronouns in Forms:hyp1,129,-5.1000000000000005,0.320132542354834,2.7613993452567227,5.959783602950809
M2,bolsenM6,bolsenM6:They/Them Pronouns in Forms:hyp2,130,-6.8666666666666645,3.1596387151943297,3.1913169832501778,0.0010035126670181634
M2,bolsenM6,bolsenM6:They/Them Pronouns in Forms:hyp3,131,-7.000000000000014,-2.114468446126672,3.223763597438367,28.496721350944576
M2,bolsenM6,bolsenM6:Using They/Them Pronouns:hyp1,132,1.7000000000000053,-0.4857485326235089,1.1066220216592701,2.535643982146845
M2,bolsenM6,bolsenM6:Using They/Them Pronouns:hyp2,133,-3.366666666666666,-0.492219650205683,2.3395933608103134,8.019164929359484
M2,bolsenM6,bolsenM6:Using They/Them Pronouns:hyp3,134,-1.633333333333331,-0.6828849106643498,1.917787376363904,6.763496344516769
M2R,bolsenM6,bolsenM6:Providing Personal Pronouns:hyp1,126,-8.56666666666667,0.5224596747476662,0.7892220168036399,0.07116214713918832
M2R,bolsenM6,bolsenM6:Providing Personal Pronouns:hyp2,127,-16.8,7.400708201741835,0.9683877464254109,41.37474643988208
M2R,bolsenM6,bolsenM6:Providing Personal Pronouns:hyp3,128,-15.6,1.5754915836720065,0.9422745226748693,0.4009638463378521
M2R,bolsenM6,bolsenM6:They/Them Pronouns in Forms:hyp1,129,-5.1000000000000005,0.320132542354834,0.7137838148576311,0.15496132434307142
M2R,bolsenM6,bolsenM6:They/Them Pronouns in Forms:hyp2,130,-6.8666666666666645,3.1596387151943297,0.7522282831570394,5.795624988281974
M2R,bolsenM6,bolsenM6:They/Them Pronouns in Forms:hyp3,131,-7.000000000000014,-2.114468446126672,0.7551297524626555,8.234593821347113
M2R,bolsenM6,bolsenM6:Using They/Them Pronouns:hyp1,132,1.7000000000000053,-0.4857485326235089,0.565808880271229,1.1057729926138742
M2R,bolsenM6,bolsenM6:Using They/Them Pronouns:hyp2,133,-3.366666666666666,-0.492219650205683,0.6760647138846266,1.364888355377899
M2R,bolsenM6,bolsenM6:Using They/Them Pronouns:hyp3,134,-1.633333333333331,-0.6828849106643498,0.6383456129116222,1.7456500964288366
M3,bolsenM6,bolsenM6:Providing Personal Pronouns:hyp1,126,-8.56666666666667,0.5224596747476662,3.5938847766090554,9.433652156344245
M3,bolsenM6,bolsenM6:Providing Personal Pronouns:hyp2,127,-16.8,7.400708201741835,5.679000325175825,2.964278012229437
M3,bolsenM6,bolsenM6:Providing Personal Pronouns:hyp3,128,-15.6,1.5754915836720065,5.375096844413057,14.437000137451067
M3,bolsenM6,bolsenM6:They/Them Pronouns in Forms:hyp1,129,-5.1000000000000005,0.320132542354834,2.7159413877388356,5.739900023620223
M3,bolsenM6,bolsenM6:They/Them Pronouns in Forms:hyp2,130,-6.8666666666666645,3.1596387151943297,3.1633548455284655,1.3809624660283946e-05
M3,bolsenM6,bolsenM6:They/Them Pronouns in Forms:hyp3,131,-7.000000000000014,-2.114468446126672,3.197121898946555,28.21299199387513
M3,bolsenM6,bolsenM6:Using They/Them Pronouns:hyp1,132,1.7000000000000053,-0.4857485326235089,0.9938216634164809,2.189127965009814
M3,bolsenM6,bolsenM6:Using They/Them Pronouns:hyp2,133,-3.366666666666666,-0.492219650205683,2.2769696933037253,7.668409620206068
M3,bolsenM6,bolsenM6:Using They/Them Pronouns:hyp3,134,-1.633333333333331,-0.6828849106643498,1.8379979988686155,6.354850643575388
M3R,bolsenM6,bolsenM6:Providing Personal Pronouns:hyp1,126,-8.56666666666667,0.5224596747476662,0.7600772257621852,0.05646210055013753
M3R,bolsenM6,bolsenM6:Providing Personal Pronouns:hyp2,127,-16.8,7.400708201741835,1.250413634792109,37.82612326025131
M3R,bolsenM6,bolsenM6:Providing Personal Pronouns:hyp3,128,-15.6,1.5754915836720065,1.1789475994679095,0.1572471314084591
M3R,bolsenM6,bolsenM6:They/Them Pronouns in Forms:hyp1,129,-5.1000000000000005,0.320132542354834,0.5536197903811644,0.05451629499090911
M3R,bolsenM6,bolsenM6:They/Them Pronouns in Forms:hyp2,130,-6.8666666666666645,3.1596387151943297,0.658833675719569,6.254025845462361
M3R,bolsenM6,bolsenM6:They/Them Pronouns in Forms:hyp3,131,-7.000000000000014,-2.114468446126672,0.6667743463111476,7.7353114704873205
M3R,bolsenM6,bolsenM6:Using They/Them Pronouns:hyp1,132,1.7000000000000053,-0.4857485326235089,0.14864559021070056,0.4024559030865861
M3R,bolsenM6,bolsenM6:Using They/Them Pronouns:hyp2,133,-3.366666666666666,-0.492219650205683,0.450391072690654,0.888514974919155
M3R,bolsenM6,bolsenM6:Using They/Them Pronouns:hyp3,134,-1.633333333333331,-0.6828849106643498,0.3471623550001436,1.0609973695028991
MCONST,bucci1408,bucci1408:Rewarding:hyp1,135,22.59,2.558067936223201,1.9357859328267504,0.38723489175110026
M2,bucci1408,bucci1408:Rewarding:hyp1,135,22.59,2.558067936223201,-4.70106690214736,52.6950386016452
M2R,bucci1408,bucci1408:Rewarding:hyp1,135,22.59,2.558067936223201,-1.8278709278821652,19.23645971966987
M3,bucci1408,bucci1408:Rewarding:hyp1,135,22.59,2.558067936223201,-4.795629009100566,54.076858763664106
M3R,bucci1408,bucci1408:Rewarding:hyp1,135,22.59,2.558067936223201,-1.3188170448371959,15.030237156371674
