study_id,effect_id,target_population,population_type,population_matching_method,profile_fields_available,weights_used,num_profiles,f_model_id,f_prompt_protocol_id,f_inference_config_hash,f_r_f,external_f_population_panel_version,external_f_population_panel_sha256,synthetic_prediction_status,requires_synthetic_regeneration,outcome_name,outcome_type,outcome_range,human_ate_native,synthetic_ate_native,human_effect_pp,synthetic_effect_pp,included_primary_calibration,included_secondary_sensitivity,exclusion_reason
AnsonBRIEF60,AnsonBRIEF60:blue_collar_positivity:hyp1,AnsonBRIEF60 effect-specific empirical human analytic respondent pretreatment demographic distribution (unweighted),general_us_adult,study_effect_analytic_profile_distribution_unweighted_largest_remainder,GENDER|race_4|pid_3|age_5|EDUC4|ideo_3,False,500,LEGACY_CACHED_NO_F_MODEL_PROVENANCE,LEGACY_CACHED_NO_F_PROMPT_PROTOCOL_PROVENANCE,LEGACY_CACHED_NO_F_INFERENCE_CONFIG_HASH,,LEGACY_CACHED_NO_EFFECT_SPECIFIC_PANEL_PROVENANCE,,,,blue_collar_positivity,attitude,4.0,-0.15224867724867996,-0.04499999999999993,-3.806216931216999,-1.1249999999999982,True,False,
AnsonBRIEF60,AnsonBRIEF60:economy_positivity:hyp1,AnsonBRIEF60 effect-specific empirical human analytic respondent pretreatment demographic distribution (unweighted),general_us_adult,study_effect_analytic_profile_distribution_unweighted_largest_remainder,GENDER|race_4|pid_3|age_5|EDUC4|ideo_3,False,500,LEGACY_CACHED_NO_F_MODEL_PROVENANCE,LEGACY_CACHED_NO_F_PROMPT_PROTOCOL_PROVENANCE,LEGACY_CACHED_NO_F_INFERENCE_CONFIG_HASH,,LEGACY_CACHED_NO_EFFECT_SPECIFIC_PANEL_PROVENANCE,,,,economy_positivity,attitude,4.0,0.011984126984129873,0.8333333333333397,0.2996031746032468,20.833333333333492,True,False,
Blair1131,Blair1131:Approve_Handling:hyp1,Blair1131 effect-specific empirical human analytic respondent pretreatment demographic distribution (unweighted),general_us_adult,study_effect_analytic_profile_distribution_unweighted_largest_remainder,GENDER|race_4|pid_3|age_5|EDUC4|ideo_3,False,500,LEGACY_CACHED_NO_F_MODEL_PROVENANCE,LEGACY_CACHED_NO_F_PROMPT_PROTOCOL_PROVENANCE,LEGACY_CACHED_NO_F_INFERENCE_CONFIG_HASH,,LEGACY_CACHED_NO_EFFECT_SPECIFIC_PANEL_PROVENANCE,,,,Approve_Handling [hyp1],attitude,6.0,-0.19047619047619113,0.13250000000000028,-3.1746031746031855,2.208333333333337,True,False,
Blair1131,Blair1131:Approve_Handling:hyp2,Blair1131 effect-specific empirical human analytic respondent pretreatment demographic distribution (unweighted),general_us_adult,study_effect_analytic_profile_distribution_unweighted_largest_remainder,GENDER|race_4|pid_3|age_5|EDUC4|ideo_3,False,500,LEGACY_CACHED_NO_F_MODEL_PROVENANCE,LEGACY_CACHED_NO_F_PROMPT_PROTOCOL_PROVENANCE,LEGACY_CACHED_NO_F_INFERENCE_CONFIG_HASH,,LEGACY_CACHED_NO_EFFECT_SPECIFIC_PANEL_PROVENANCE,,,,Approve_Handling [hyp2],attitude,6.0,0.16723356009070667,0.09500000000000064,2.787226001511778,1.5833333333333477,True,False,
Braman751,Braman751:legitimacy:hyp1,Braman751 effect-specific empirical human analytic respondent pretreatment demographic distribution (unweighted),general_us_adult,study_effect_analytic_profile_distribution_unweighted_largest_remainder,GENDER|race_4|pid_3|age_5|EDUC4|ideo_3,False,500,LEGACY_CACHED_NO_F_MODEL_PROVENANCE,LEGACY_CACHED_NO_F_PROMPT_PROTOCOL_PROVENANCE,LEGACY_CACHED_NO_F_INFERENCE_CONFIG_HASH,,LEGACY_CACHED_NO_EFFECT_SPECIFIC_PANEL_PROVENANCE,,,,legitimacy [hyp1],attitude,6.0,0.24533102134795737,-0.39208333333333023,4.0888503557992895,-6.534722222222166,True,False,
Braman751,Braman751:legitimacy:hyp2,Braman751 effect-specific empirical human analytic respondent pretreatment demographic distribution (unweighted),general_us_adult,study_effect_analytic_profile_distribution_unweighted_largest_remainder,GENDER|race_4|pid_3|age_5|EDUC4|ideo_3,False,500,LEGACY_CACHED_NO_F_MODEL_PROVENANCE,LEGACY_CACHED_NO_F_PROMPT_PROTOCOL_PROVENANCE,LEGACY_CACHED_NO_F_INFERENCE_CONFIG_HASH,,LEGACY_CACHED_NO_EFFECT_SPECIFIC_PANEL_PROVENANCE,,,,legitimacy [hyp2],attitude,6.0,0.5802738233090365,-1.0487500000000005,9.671230388483941,-17.479166666666675,True,False,
Braman751,Braman751:pass_legislation:hyp1,Braman751 effect-specific empirical human analytic respondent pretreatment demographic distribution (unweighted),general_us_adult,study_effect_analytic_profile_distribution_unweighted_largest_remainder,GENDER|race_4|pid_3|age_5|EDUC4|ideo_3,False,500,LEGACY_CACHED_NO_F_MODEL_PROVENANCE,LEGACY_CACHED_NO_F_PROMPT_PROTOCOL_PROVENANCE,LEGACY_CACHED_NO_F_INFERENCE_CONFIG_HASH,,LEGACY_CACHED_NO_EFFECT_SPECIFIC_PANEL_PROVENANCE,,,,pass_legislation,attitude,5.0,0.2200121469784424,0.17900000000000205,4.400242939568855,3.5800000000000445,True,False,
Braman751,Braman751:scholar_credibility:hyp1,Braman751 effect-specific empirical human analytic respondent pretreatment demographic distribution (unweighted),general_us_adult,study_effect_analytic_profile_distribution_unweighted_largest_remainder,GENDER|race_4|pid_3|age_5|EDUC4|ideo_3,False,500,LEGACY_CACHED_NO_F_MODEL_PROVENANCE,LEGACY_CACHED_NO_F_PROMPT_PROTOCOL_PROVENANCE,LEGACY_CACHED_NO_F_INFERENCE_CONFIG_HASH,,LEGACY_CACHED_NO_EFFECT_SPECIFIC_PANEL_PROVENANCE,,,,scholar_credibility [hyp1],binary_behavior,1.0,0.037608225108223925,0.054166666666667806,3.7608225108223925,5.416666666666781,True,False,
Braman751,Braman751:scholar_credibility:hyp2,Braman751 effect-specific empirical human analytic respondent pretreatment demographic distribution (unweighted),general_us_adult,study_effect_analytic_profile_distribution_unweighted_largest_remainder,GENDER|race_4|pid_3|age_5|EDUC4|ideo_3,False,500,LEGACY_CACHED_NO_F_MODEL_PROVENANCE,LEGACY_CACHED_NO_F_PROMPT_PROTOCOL_PROVENANCE,LEGACY_CACHED_NO_F_INFERENCE_CONFIG_HASH,,LEGACY_CACHED_NO_EFFECT_SPECIFIC_PANEL_PROVENANCE,,,,scholar_credibility [hyp2],binary_behavior,1.0,0.08059764309764295,0.0033333333333351867,8.059764309764294,0.33333333333351867,True,False,
CalarcoS38,CalarcoS38:Approval:hyp1,CalarcoS38 effect-specific empirical human analytic respondent pretreatment demographic distribution (unweighted),general_us_adult,study_effect_analytic_profile_distribution_unweighted_largest_remainder,GENDER|race_4|pid_3|age_5|EDUC4|ideo_3,False,500,LEGACY_CACHED_NO_F_MODEL_PROVENANCE,LEGACY_CACHED_NO_F_PROMPT_PROTOCOL_PROVENANCE,LEGACY_CACHED_NO_F_INFERENCE_CONFIG_HASH,,LEGACY_CACHED_NO_EFFECT_SPECIFIC_PANEL_PROVENANCE,,,,Approval [hyp1],attitude,4.0,2.08955621301775,-3.321458333333336,52.23890532544375,-83.0364583333334,True,False,
CalarcoS38,CalarcoS38:Approval:hyp2,CalarcoS38 effect-specific empirical human analytic respondent pretreatment demographic distribution (unweighted),general_us_adult,study_effect_analytic_profile_distribution_unweighted_largest_remainder,GENDER|race_4|pid_3|age_5|EDUC4|ideo_3,False,500,LEGACY_CACHED_NO_F_MODEL_PROVENANCE,LEGACY_CACHED_NO_F_PROMPT_PROTOCOL_PROVENANCE,LEGACY_CACHED_NO_F_INFERENCE_CONFIG_HASH,,LEGACY_CACHED_NO_EFFECT_SPECIFIC_PANEL_PROVENANCE,,,,Approval [hyp2],attitude,4.0,1.768205128205126,-2.6754166666666688,44.205128205128155,-66.88541666666671,True,False,
CalarcoS38,CalarcoS38:Approval:hyp3,CalarcoS38 effect-specific empirical human analytic respondent pretreatment demographic distribution (unweighted),general_us_adult,study_effect_analytic_profile_distribution_unweighted_largest_remainder,GENDER|race_4|pid_3|age_5|EDUC4|ideo_3,False,500,LEGACY_CACHED_NO_F_MODEL_PROVENANCE,LEGACY_CACHED_NO_F_PROMPT_PROTOCOL_PROVENANCE,LEGACY_CACHED_NO_F_INFERENCE_CONFIG_HASH,,LEGACY_CACHED_NO_EFFECT_SPECIFIC_PANEL_PROVENANCE,,,,Approval [hyp3],attitude,4.0,-0.06682068597831936,-0.21500000000000563,-1.670517149457984,-5.37500000000014,True,False,
Campbell1308,Campbell1308:Gender Roles:hyp1,Campbell1308 effect-specific empirical human analytic respondent pretreatment demographic distribution (unweighted),general_us_adult,study_effect_analytic_profile_distribution_unweighted_largest_remainder,GENDER|race_4|pid_3|age_5,False,500,LEGACY_CACHED_NO_F_MODEL_PROVENANCE,LEGACY_CACHED_NO_F_PROMPT_PROTOCOL_PROVENANCE,LEGACY_CACHED_NO_F_INFERENCE_CONFIG_HASH,,LEGACY_CACHED_NO_EFFECT_SPECIFIC_PANEL_PROVENANCE,,,,Gender Roles,attitude,10.0,0.07394481635415229,0.3050000000000024,0.7394481635415229,3.0500000000000305,True,False,
Campbell1308,Campbell1308:Political Engagement:hyp1,Campbell1308 effect-specific empirical human analytic respondent pretreatment demographic distribution (unweighted),general_us_adult,study_effect_analytic_profile_distribution_unweighted_largest_remainder,GENDER|race_4|pid_3|age_5,False,500,LEGACY_CACHED_NO_F_MODEL_PROVENANCE,LEGACY_CACHED_NO_F_PROMPT_PROTOCOL_PROVENANCE,LEGACY_CACHED_NO_F_INFERENCE_CONFIG_HASH,,LEGACY_CACHED_NO_EFFECT_SPECIFIC_PANEL_PROVENANCE,,,,Political Engagement,attitude,10.0,-0.14713170880159865,0.04666666666665886,-1.4713170880159776,0.46666666666659307,True,False,
Campbell1308,Campbell1308:Political Responsiveness:hyp1,Campbell1308 effect-specific empirical human analytic respondent pretreatment demographic distribution (unweighted),general_us_adult,study_effect_analytic_profile_distribution_unweighted_largest_remainder,GENDER|race_4|pid_3|age_5,False,500,LEGACY_CACHED_NO_F_MODEL_PROVENANCE,LEGACY_CACHED_NO_F_PROMPT_PROTOCOL_PROVENANCE,LEGACY_CACHED_NO_F_INFERENCE_CONFIG_HASH,,LEGACY_CACHED_NO_EFFECT_SPECIFIC_PANEL_PROVENANCE,,,,Political Responsiveness,attitude,10.0,-0.2087762998659599,-0.10722222222222388,-2.0877629986595982,-1.072222222222241,True,False,
Cohen1099,Cohen1099:Accounting:hyp1,Cohen1099 effect-specific empirical human analytic respondent pretreatment demographic distribution (unweighted),general_us_adult,study_effect_analytic_profile_distribution_unweighted_largest_remainder,GENDER|race_4|pid_3|age_5|EDUC4|ideo_3,False,500,LEGACY_CACHED_NO_F_MODEL_PROVENANCE,LEGACY_CACHED_NO_F_PROMPT_PROTOCOL_PROVENANCE,LEGACY_CACHED_NO_F_INFERENCE_CONFIG_HASH,,LEGACY_CACHED_NO_EFFECT_SPECIFIC_PANEL_PROVENANCE,,,,Accounting [hyp1],attitude,5.0,-0.10020327897830317,-0.014166666666667105,-2.004065579566061,-0.28333333333334654,True,False,
Cohen1099,Cohen1099:Accounting:hyp2,Cohen1099 effect-specific empirical human analytic respondent pretreatment demographic distribution (unweighted),general_us_adult,study_effect_analytic_profile_distribution_unweighted_largest_remainder,GENDER|race_4|pid_3|age_5|EDUC4|ideo_3,False,500,LEGACY_CACHED_NO_F_MODEL_PROVENANCE,LEGACY_CACHED_NO_F_PROMPT_PROTOCOL_PROVENANCE,LEGACY_CACHED_NO_F_INFERENCE_CONFIG_HASH,,LEGACY_CACHED_NO_EFFECT_SPECIFIC_PANEL_PROVENANCE,,,,Accounting [hyp2],attitude,5.0,0.09872006606110695,0.04249999999999954,1.9744013212221412,0.8499999999999952,True,False,
Cohen1099,Cohen1099:History:hyp1,Cohen1099 effect-specific empirical human analytic respondent pretreatment demographic distribution (unweighted),general_us_adult,study_effect_analytic_profile_distribution_unweighted_largest_remainder,GENDER|race_4|pid_3|age_5|EDUC4|ideo_3,False,500,LEGACY_CACHED_NO_F_MODEL_PROVENANCE,LEGACY_CACHED_NO_F_PROMPT_PROTOCOL_PROVENANCE,LEGACY_CACHED_NO_F_INFERENCE_CONFIG_HASH,,LEGACY_CACHED_NO_EFFECT_SPECIFIC_PANEL_PROVENANCE,,,,History,attitude,5.0,-0.024966904992595573,-0.0533333333333319,-0.4993380998519148,-1.066666666666638,True,False,
Cohen1099,Cohen1099:Nursing:hyp1,Cohen1099 effect-specific empirical human analytic respondent pretreatment demographic distribution (unweighted),general_us_adult,study_effect_analytic_profile_distribution_unweighted_largest_remainder,GENDER|race_4|pid_3|age_5|EDUC4|ideo_3,False,500,LEGACY_CACHED_NO_F_MODEL_PROVENANCE,LEGACY_CACHED_NO_F_PROMPT_PROTOCOL_PROVENANCE,LEGACY_CACHED_NO_F_INFERENCE_CONFIG_HASH,,LEGACY_CACHED_NO_EFFECT_SPECIFIC_PANEL_PROVENANCE,,,,Nursing [hyp1],attitude,5.0,0.5242028513727459,0.19277777777777816,10.484057027454918,3.8555555555555565,True,False,
Cohen1099,Cohen1099:Nursing:hyp2,Cohen1099 effect-specific empirical human analytic respondent pretreatment demographic distribution (unweighted),general_us_adult,study_effect_analytic_profile_distribution_unweighted_largest_remainder,GENDER|race_4|pid_3|age_5|EDUC4|ideo_3,False,500,LEGACY_CACHED_NO_F_MODEL_PROVENANCE,LEGACY_CACHED_NO_F_PROMPT_PROTOCOL_PROVENANCE,LEGACY_CACHED_NO_F_INFERENCE_CONFIG_HASH,,LEGACY_CACHED_NO_EFFECT_SPECIFIC_PANEL_PROVENANCE,,,,Nursing [hyp2],attitude,5.0,-0.12750765045902845,-0.0012500000000001954,-2.550153009180567,-0.024999999999997247,True,False,
CorstangeBRIEF69,CorstangeBRIEF69:welcome_refugees:hyp1,CorstangeBRIEF69 effect-specific empirical human analytic respondent pretreatment demographic distribution (unweighted),general_us_adult,study_effect_analytic_profile_distribution_unweighted_largest_remainder,GENDER|race_4|pid_3|age_5|EDUC4|ideo_3,False,500,LEGACY_CACHED_NO_F_MODEL_PROVENANCE,LEGACY_CACHED_NO_F_PROMPT_PROTOCOL_PROVENANCE,LEGACY_CACHED_NO_F_INFERENCE_CONFIG_HASH,,LEGACY_CACHED_NO_EFFECT_SPECIFIC_PANEL_PROVENANCE,,,,welcome_refugees [hyp1],attitude,4.0,-0.0017221584385800348,0.010000000000000231,-0.04305396096450087,0.2500000000000058,True,False,
CorstangeBRIEF69,CorstangeBRIEF69:welcome_refugees:hyp2,CorstangeBRIEF69 effect-specific empirical human analytic respondent pretreatment demographic distribution (unweighted),general_us_adult,study_effect_analytic_profile_distribution_unweighted_largest_remainder,GENDER|race_4|pid_3|age_5|EDUC4|ideo_3,False,500,LEGACY_CACHED_NO_F_MODEL_PROVENANCE,LEGACY_CACHED_NO_F_PROMPT_PROTOCOL_PROVENANCE,LEGACY_CACHED_NO_F_INFERENCE_CONFIG_HASH,,LEGACY_CACHED_NO_EFFECT_SPECIFIC_PANEL_PROVENANCE,,,,welcome_refugees [hyp2],attitude,4.0,0.10897435897435992,-0.013333333333339858,2.724358974358998,-0.33333333333349646,True,False,
Enos700,Enos700:modern_racism1:hyp1,Enos700 effect-specific empirical human analytic respondent pretreatment demographic distribution (unweighted),general_us_adult,study_effect_analytic_profile_distribution_unweighted_largest_remainder,GENDER|race_4|pid_3|age_5|EDUC4|ideo_3,False,500,LEGACY_CACHED_NO_F_MODEL_PROVENANCE,LEGACY_CACHED_NO_F_PROMPT_PROTOCOL_PROVENANCE,LEGACY_CACHED_NO_F_INFERENCE_CONFIG_HASH,,LEGACY_CACHED_NO_EFFECT_SPECIFIC_PANEL_PROVENANCE,,,,modern_racism1,attitude,4.0,0.2808809179312868,-0.28250000000000064,7.022022948282169,-7.062500000000016,True,False,
FaheyS78,FaheyS78:cancel culture:hyp1,FaheyS78 effect-specific empirical human analytic respondent pretreatment demographic distribution (unweighted),general_us_adult,study_effect_analytic_profile_distribution_unweighted_largest_remainder,GENDER|race_4|pid_3|age_5|EDUC4|ideo_3,False,500,LEGACY_CACHED_NO_F_MODEL_PROVENANCE,LEGACY_CACHED_NO_F_PROMPT_PROTOCOL_PROVENANCE,LEGACY_CACHED_NO_F_INFERENCE_CONFIG_HASH,,LEGACY_CACHED_NO_EFFECT_SPECIFIC_PANEL_PROVENANCE,,,,cancel culture,attitude,4.0,0.054541280740978415,-0.134166666666665,1.3635320185244604,-3.3541666666666248,True,False,
FarrowS6,FarrowS6:Disappointment:hyp1,FarrowS6 effect-specific empirical human analytic respondent pretreatment demographic distribution (unweighted),general_us_adult,study_effect_analytic_profile_distribution_unweighted_largest_remainder,GENDER|race_4|pid_3|age_5|EDUC4|ideo_3,False,500,LEGACY_CACHED_NO_F_MODEL_PROVENANCE,LEGACY_CACHED_NO_F_PROMPT_PROTOCOL_PROVENANCE,LEGACY_CACHED_NO_F_INFERENCE_CONFIG_HASH,,LEGACY_CACHED_NO_EFFECT_SPECIFIC_PANEL_PROVENANCE,,,,Disappointment,attitude,6.0,-0.049693657680900394,0.15000000000000124,-0.8282276280150103,2.5000000000000244,True,False,
Haaland874,Haaland874:Affirmative action: Assistance:hyp1,Haaland874 effect-specific empirical human analytic respondent pretreatment demographic distribution (unweighted),general_us_adult,study_effect_analytic_profile_distribution_unweighted_largest_remainder,GENDER|race_4|pid_3|age_5|EDUC4|ideo_3,False,500,LEGACY_CACHED_NO_F_MODEL_PROVENANCE,LEGACY_CACHED_NO_F_PROMPT_PROTOCOL_PROVENANCE,LEGACY_CACHED_NO_F_INFERENCE_CONFIG_HASH,,LEGACY_CACHED_NO_EFFECT_SPECIFIC_PANEL_PROVENANCE,,,,Affirmative action: Assistance,attitude,4.0,-0.020188434468460414,0.06999999999999984,-0.5047108617115104,1.749999999999996,True,False,
Haaland874,Haaland874:Affirmative action: Preference:hyp1,Haaland874 effect-specific empirical human analytic respondent pretreatment demographic distribution (unweighted),general_us_adult,study_effect_analytic_profile_distribution_unweighted_largest_remainder,GENDER|race_4|pid_3|age_5|EDUC4|ideo_3,False,500,LEGACY_CACHED_NO_F_MODEL_PROVENANCE,LEGACY_CACHED_NO_F_PROMPT_PROTOCOL_PROVENANCE,LEGACY_CACHED_NO_F_INFERENCE_CONFIG_HASH,,LEGACY_CACHED_NO_EFFECT_SPECIFIC_PANEL_PROVENANCE,,,,Affirmative action: Preference,attitude,4.0,0.033922281886950234,0.2100000000000004,0.8480570471737559,5.250000000000011,True,False,
Haaland874,Haaland874:Racial Discrimination perception:hyp1,Haaland874 effect-specific empirical human analytic respondent pretreatment demographic distribution (unweighted),general_us_adult,study_effect_analytic_profile_distribution_unweighted_largest_remainder,GENDER|race_4|pid_3|age_5|EDUC4|ideo_3,False,500,LEGACY_CACHED_NO_F_MODEL_PROVENANCE,LEGACY_CACHED_NO_F_PROMPT_PROTOCOL_PROVENANCE,LEGACY_CACHED_NO_F_INFERENCE_CONFIG_HASH,,LEGACY_CACHED_NO_EFFECT_SPECIFIC_PANEL_PROVENANCE,,,,Racial Discrimination perception,attitude,4.0,-0.16912402721844044,0.08833333333333027,-4.2281006804610115,2.2083333333332567,True,False,
HankinsonS22,HankinsonS22:Clinic_support:hyp1,HankinsonS22 effect-specific empirical human analytic respondent pretreatment demographic distribution (unweighted),general_us_adult,study_effect_analytic_profile_distribution_unweighted_largest_remainder,GENDER|race_4|pid_3|age_5|EDUC4|ideo_3,False,500,LEGACY_CACHED_NO_F_MODEL_PROVENANCE,LEGACY_CACHED_NO_F_PROMPT_PROTOCOL_PROVENANCE,LEGACY_CACHED_NO_F_INFERENCE_CONFIG_HASH,,LEGACY_CACHED_NO_EFFECT_SPECIFIC_PANEL_PROVENANCE,,,,Clinic_support,attitude,4.0,-0.42476990796318015,0.1583333333333301,-10.619247699079503,3.9583333333332527,True,False,
Howard823,Howard823:Willingness_to_spend_on_optional_expense:hyp1,Howard823 effect-specific empirical human analytic respondent pretreatment demographic distribution (unweighted),general_us_adult,study_effect_analytic_profile_distribution_unweighted_largest_remainder,GENDER|race_4|pid_3|age_5|EDUC4|ideo_3,False,500,LEGACY_CACHED_NO_F_MODEL_PROVENANCE,LEGACY_CACHED_NO_F_PROMPT_PROTOCOL_PROVENANCE,LEGACY_CACHED_NO_F_INFERENCE_CONFIG_HASH,,LEGACY_CACHED_NO_EFFECT_SPECIFIC_PANEL_PROVENANCE,,,,Willingness_to_spend_on_optional_expense [hyp1],attitude,10.0,-0.12287409360579993,0.5599999999999996,-1.2287409360579982,5.599999999999994,True,False,
Howard823,Howard823:Willingness_to_spend_on_optional_expense:hyp2,Howard823 effect-specific empirical human analytic respondent pretreatment demographic distribution (unweighted),general_us_adult,study_effect_analytic_profile_distribution_unweighted_largest_remainder,GENDER|race_4|pid_3|age_5|EDUC4|ideo_3,False,500,LEGACY_CACHED_NO_F_MODEL_PROVENANCE,LEGACY_CACHED_NO_F_PROMPT_PROTOCOL_PROVENANCE,LEGACY_CACHED_NO_F_INFERENCE_CONFIG_HASH,,LEGACY_CACHED_NO_EFFECT_SPECIFIC_PANEL_PROVENANCE,,,,Willingness_to_spend_on_optional_expense [hyp2],attitude,10.0,0.12555419079370989,0.4633333333333294,1.2555419079371022,4.633333333333289,True,False,
Howard823,Howard823:financial_slack:hyp1,Howard823 effect-specific empirical human analytic respondent pretreatment demographic distribution (unweighted),general_us_adult,study_effect_analytic_profile_distribution_unweighted_largest_remainder,GENDER|race_4|pid_3|age_5|EDUC4|ideo_3,False,500,LEGACY_CACHED_NO_F_MODEL_PROVENANCE,LEGACY_CACHED_NO_F_PROMPT_PROTOCOL_PROVENANCE,LEGACY_CACHED_NO_F_INFERENCE_CONFIG_HASH,,LEGACY_CACHED_NO_EFFECT_SPECIFIC_PANEL_PROVENANCE,,,,financial_slack [hyp1],attitude,6.0,-0.10555260478908979,-0.09166666666665968,-1.7592100798181631,-1.5277777777776613,True,False,
Howard823,Howard823:financial_slack:hyp2,Howard823 effect-specific empirical human analytic respondent pretreatment demographic distribution (unweighted),general_us_adult,study_effect_analytic_profile_distribution_unweighted_largest_remainder,GENDER|race_4|pid_3|age_5|EDUC4|ideo_3,False,500,LEGACY_CACHED_NO_F_MODEL_PROVENANCE,LEGACY_CACHED_NO_F_PROMPT_PROTOCOL_PROVENANCE,LEGACY_CACHED_NO_F_INFERENCE_CONFIG_HASH,,LEGACY_CACHED_NO_EFFECT_SPECIFIC_PANEL_PROVENANCE,,,,financial_slack [hyp2],attitude,6.0,0.011179291860629714,-0.12999999999999945,0.1863215310104971,-2.1666666666666554,True,False,
Howard823,Howard823:predictedexpense_nextweek:hyp1,Howard823 effect-specific empirical human analytic respondent pretreatment demographic distribution (unweighted),general_us_adult,study_effect_analytic_profile_distribution_unweighted_largest_remainder,GENDER|race_4|pid_3|age_5|EDUC4|ideo_3,False,500,LEGACY_CACHED_NO_F_MODEL_PROVENANCE,LEGACY_CACHED_NO_F_PROMPT_PROTOCOL_PROVENANCE,LEGACY_CACHED_NO_F_INFERENCE_CONFIG_HASH,,LEGACY_CACHED_NO_EFFECT_SPECIFIC_PANEL_PROVENANCE,,,,predictedexpense_nextweek,,,,,,,False,False,no_llm_match
Howard823,Howard823:predictedexpense_nextweek:hyp2,Howard823 effect-specific empirical human analytic respondent pretreatment demographic distribution (unweighted),general_us_adult,study_effect_analytic_profile_distribution_unweighted_largest_remainder,GENDER|race_4|pid_3|age_5|EDUC4|ideo_3,False,500,LEGACY_CACHED_NO_F_MODEL_PROVENANCE,LEGACY_CACHED_NO_F_PROMPT_PROTOCOL_PROVENANCE,LEGACY_CACHED_NO_F_INFERENCE_CONFIG_HASH,,LEGACY_CACHED_NO_EFFECT_SPECIFIC_PANEL_PROVENANCE,,,,predictedexpense_nextweek,,,,,,,False,False,no_llm_match
Iles1294,Iles1294:Confusing:hyp1,Iles1294 effect-specific empirical human analytic respondent pretreatment demographic distribution (unweighted),general_us_adult,study_effect_analytic_profile_distribution_unweighted_largest_remainder,GENDER|race_4|pid_3|age_5|EDUC4|ideo_3,False,500,LEGACY_CACHED_NO_F_MODEL_PROVENANCE,LEGACY_CACHED_NO_F_PROMPT_PROTOCOL_PROVENANCE,LEGACY_CACHED_NO_F_INFERENCE_CONFIG_HASH,,LEGACY_CACHED_NO_EFFECT_SPECIFIC_PANEL_PROVENANCE,,,,Confusing [hyp1],attitude,6.0,0.044634205426356655,0.4502777777777762,0.7439034237726072,7.504629629629611,True,False,
Iles1294,Iles1294:Confusing:hyp2,Iles1294 effect-specific empirical human analytic respondent pretreatment demographic distribution (unweighted),general_us_adult,study_effect_analytic_profile_distribution_unweighted_largest_remainder,GENDER|race_4|pid_3|age_5|EDUC4|ideo_3,False,500,LEGACY_CACHED_NO_F_MODEL_PROVENANCE,LEGACY_CACHED_NO_F_PROMPT_PROTOCOL_PROVENANCE,LEGACY_CACHED_NO_F_INFERENCE_CONFIG_HASH,,LEGACY_CACHED_NO_EFFECT_SPECIFIC_PANEL_PROVENANCE,,,,Confusing [hyp2],attitude,6.0,-0.16929133858267642,0.05999999999999961,-2.8215223097112716,1.0000000000000009,True,False,
Iles1294,Iles1294:Confusing:hyp3,Iles1294 effect-specific empirical human analytic respondent pretreatment demographic distribution (unweighted),general_us_adult,study_effect_analytic_profile_distribution_unweighted_largest_remainder,GENDER|race_4|pid_3|age_5|EDUC4|ideo_3,False,500,LEGACY_CACHED_NO_F_MODEL_PROVENANCE,LEGACY_CACHED_NO_F_PROMPT_PROTOCOL_PROVENANCE,LEGACY_CACHED_NO_F_INFERENCE_CONFIG_HASH,,LEGACY_CACHED_NO_EFFECT_SPECIFIC_PANEL_PROVENANCE,,,,Confusing [hyp3],attitude,6.0,-0.13485766202301797,-0.11333333333332973,-2.2476277003836307,-1.8888888888888289,True,False,
Iles1294,Iles1294:Frustrated:hyp1,Iles1294 effect-specific empirical human analytic respondent pretreatment demographic distribution (unweighted),general_us_adult,study_effect_analytic_profile_distribution_unweighted_largest_remainder,GENDER|race_4|pid_3|age_5|EDUC4|ideo_3,False,500,LEGACY_CACHED_NO_F_MODEL_PROVENANCE,LEGACY_CACHED_NO_F_PROMPT_PROTOCOL_PROVENANCE,LEGACY_CACHED_NO_F_INFERENCE_CONFIG_HASH,,LEGACY_CACHED_NO_EFFECT_SPECIFIC_PANEL_PROVENANCE,,,,Frustrated [hyp1],attitude,4.0,0.06371124031007835,0.887222222222225,1.5927810077519589,22.180555555555625,True,False,
Iles1294,Iles1294:Frustrated:hyp2,Iles1294 effect-specific empirical human analytic respondent pretreatment demographic distribution (unweighted),general_us_adult,study_effect_analytic_profile_distribution_unweighted_largest_remainder,GENDER|race_4|pid_3|age_5|EDUC4|ideo_3,False,500,LEGACY_CACHED_NO_F_MODEL_PROVENANCE,LEGACY_CACHED_NO_F_PROMPT_PROTOCOL_PROVENANCE,LEGACY_CACHED_NO_F_INFERENCE_CONFIG_HASH,,LEGACY_CACHED_NO_EFFECT_SPECIFIC_PANEL_PROVENANCE,,,,Frustrated [hyp2],attitude,4.0,0.12598425196850438,0.33499999999999996,3.1496062992126097,8.375,True,False,
Iles1294,Iles1294:Frustrated:hyp3,Iles1294 effect-specific empirical human analytic respondent pretreatment demographic distribution (unweighted),general_us_adult,study_effect_analytic_profile_distribution_unweighted_largest_remainder,GENDER|race_4|pid_3|age_5|EDUC4|ideo_3,False,500,LEGACY_CACHED_NO_F_MODEL_PROVENANCE,LEGACY_CACHED_NO_F_PROMPT_PROTOCOL_PROVENANCE,LEGACY_CACHED_NO_F_INFERENCE_CONFIG_HASH,,LEGACY_CACHED_NO_EFFECT_SPECIFIC_PANEL_PROVENANCE,,,,Frustrated [hyp3],attitude,4.0,-0.052089642640821054,-0.1566666666666654,-1.3022410660205264,-3.916666666666635,True,False,
Iles1294,Iles1294:collaborative:hyp1,Iles1294 effect-specific empirical human analytic respondent pretreatment demographic distribution (unweighted),general_us_adult,study_effect_analytic_profile_distribution_unweighted_largest_remainder,GENDER|race_4|pid_3|age_5|EDUC4|ideo_3,False,500,LEGACY_CACHED_NO_F_MODEL_PROVENANCE,LEGACY_CACHED_NO_F_PROMPT_PROTOCOL_PROVENANCE,LEGACY_CACHED_NO_F_INFERENCE_CONFIG_HASH,,LEGACY_CACHED_NO_EFFECT_SPECIFIC_PANEL_PROVENANCE,,,,collaborative [hyp1],attitude,6.0,-0.3027993669418656,-0.3494444444444449,-5.046656115697767,-5.8240740740740815,True,False,
Iles1294,Iles1294:collaborative:hyp2,Iles1294 effect-specific empirical human analytic respondent pretreatment demographic distribution (unweighted),general_us_adult,study_effect_analytic_profile_distribution_unweighted_largest_remainder,GENDER|race_4|pid_3|age_5|EDUC4|ideo_3,False,500,LEGACY_CACHED_NO_F_MODEL_PROVENANCE,LEGACY_CACHED_NO_F_PROMPT_PROTOCOL_PROVENANCE,LEGACY_CACHED_NO_F_INFERENCE_CONFIG_HASH,,LEGACY_CACHED_NO_EFFECT_SPECIFIC_PANEL_PROVENANCE,,,,collaborative [hyp2],attitude,6.0,-0.10415315732592223,-0.12666666666666426,-1.7358859554320372,-2.1111111111110636,True,False,
Iles1294,Iles1294:collaborative:hyp3,Iles1294 effect-specific empirical human analytic respondent pretreatment demographic distribution (unweighted),general_us_adult,study_effect_analytic_profile_distribution_unweighted_largest_remainder,GENDER|race_4|pid_3|age_5|EDUC4|ideo_3,False,500,LEGACY_CACHED_NO_F_MODEL_PROVENANCE,LEGACY_CACHED_NO_F_PROMPT_PROTOCOL_PROVENANCE,LEGACY_CACHED_NO_F_INFERENCE_CONFIG_HASH,,LEGACY_CACHED_NO_EFFECT_SPECIFIC_PANEL_PROVENANCE,,,,collaborative [hyp3],attitude,6.0,-0.15136281041792277,-0.029999999999995808,-2.5227135069653794,-0.49999999999992273,True,False,
Kennedy1017,Kennedy1017:Family_approval:hyp1,Kennedy1017 effect-specific empirical human analytic respondent pretreatment demographic distribution (unweighted),general_us_adult,study_effect_analytic_profile_distribution_unweighted_largest_remainder,GENDER|race_4|pid_3|age_5|EDUC4|ideo_3,False,500,LEGACY_CACHED_NO_F_MODEL_PROVENANCE,LEGACY_CACHED_NO_F_PROMPT_PROTOCOL_PROVENANCE,LEGACY_CACHED_NO_F_INFERENCE_CONFIG_HASH,,LEGACY_CACHED_NO_EFFECT_SPECIFIC_PANEL_PROVENANCE,,,,Family_approval [hyp1],attitude,10.0,0.11214316314211104,0.09833333333332916,1.1214316314211104,0.9833333333332916,True,False,
Kennedy1017,Kennedy1017:Family_approval:hyp2,Kennedy1017 effect-specific empirical human analytic respondent pretreatment demographic distribution (unweighted),general_us_adult,study_effect_analytic_profile_distribution_unweighted_largest_remainder,GENDER|race_4|pid_3|age_5|EDUC4|ideo_3,False,500,LEGACY_CACHED_NO_F_MODEL_PROVENANCE,LEGACY_CACHED_NO_F_PROMPT_PROTOCOL_PROVENANCE,LEGACY_CACHED_NO_F_INFERENCE_CONFIG_HASH,,LEGACY_CACHED_NO_EFFECT_SPECIFIC_PANEL_PROVENANCE,,,,Family_approval [hyp2],attitude,10.0,0.5027949595735617,1.3541666666666634,5.027949595735615,13.541666666666641,True,False,
Kennedy1017,Kennedy1017:Family_friends:hyp1,Kennedy1017 effect-specific empirical human analytic respondent pretreatment demographic distribution (unweighted),general_us_adult,study_effect_analytic_profile_distribution_unweighted_largest_remainder,GENDER|race_4|pid_3|age_5|EDUC4|ideo_3,False,500,LEGACY_CACHED_NO_F_MODEL_PROVENANCE,LEGACY_CACHED_NO_F_PROMPT_PROTOCOL_PROVENANCE,LEGACY_CACHED_NO_F_INFERENCE_CONFIG_HASH,,LEGACY_CACHED_NO_EFFECT_SPECIFIC_PANEL_PROVENANCE,,,,Family_friends [hyp1],attitude,10.0,0.027249515759809384,-0.00166666666666071,0.27249515759809606,-0.01666666666660932,True,False,
Kennedy1017,Kennedy1017:Family_friends:hyp2,Kennedy1017 effect-specific empirical human analytic respondent pretreatment demographic distribution (unweighted),general_us_adult,study_effect_analytic_profile_distribution_unweighted_largest_remainder,GENDER|race_4|pid_3|age_5|EDUC4|ideo_3,False,500,LEGACY_CACHED_NO_F_MODEL_PROVENANCE,LEGACY_CACHED_NO_F_PROMPT_PROTOCOL_PROVENANCE,LEGACY_CACHED_NO_F_INFERENCE_CONFIG_HASH,,LEGACY_CACHED_NO_EFFECT_SPECIFIC_PANEL_PROVENANCE,,,,Family_friends [hyp2],attitude,10.0,0.5909494900894474,0.4300000000000006,5.909494900894474,4.300000000000004,True,False,
Kennedy1017,Kennedy1017:Family_knowledge:hyp1,Kennedy1017 effect-specific empirical human analytic respondent pretreatment demographic distribution (unweighted),general_us_adult,study_effect_analytic_profile_distribution_unweighted_largest_remainder,GENDER|race_4|pid_3|age_5|EDUC4|ideo_3,False,500,LEGACY_CACHED_NO_F_MODEL_PROVENANCE,LEGACY_CACHED_NO_F_PROMPT_PROTOCOL_PROVENANCE,LEGACY_CACHED_NO_F_INFERENCE_CONFIG_HASH,,LEGACY_CACHED_NO_EFFECT_SPECIFIC_PANEL_PROVENANCE,,,,Family_knowledge [hyp1],attitude,10.0,0.6742132970543002,1.205,6.742132970543002,12.050000000000004,True,False,
Kennedy1017,Kennedy1017:Family_knowledge:hyp2,Kennedy1017 effect-specific empirical human analytic respondent pretreatment demographic distribution (unweighted),general_us_adult,study_effect_analytic_profile_distribution_unweighted_largest_remainder,GENDER|race_4|pid_3|age_5|EDUC4|ideo_3,False,500,LEGACY_CACHED_NO_F_MODEL_PROVENANCE,LEGACY_CACHED_NO_F_PROMPT_PROTOCOL_PROVENANCE,LEGACY_CACHED_NO_F_INFERENCE_CONFIG_HASH,,LEGACY_CACHED_NO_EFFECT_SPECIFIC_PANEL_PROVENANCE,,,,Family_knowledge [hyp2],attitude,10.0,0.6178358411195601,0.5741666666666658,6.178358411195594,5.7416666666666565,True,False,
KlarS44,KlarS44:efficacy:hyp1,KlarS44 effect-specific empirical human analytic respondent pretreatment demographic distribution (unweighted),general_us_adult,study_effect_analytic_profile_distribution_unweighted_largest_remainder,GENDER|race_4|pid_3|age_5|EDUC4|ideo_3,False,500,LEGACY_CACHED_NO_F_MODEL_PROVENANCE,LEGACY_CACHED_NO_F_PROMPT_PROTOCOL_PROVENANCE,LEGACY_CACHED_NO_F_INFERENCE_CONFIG_HASH,,LEGACY_CACHED_NO_EFFECT_SPECIFIC_PANEL_PROVENANCE,,,,efficacy [hyp1],attitude,6.0,-0.12487217361664049,-0.056666666666670196,-2.081202893610673,-0.9444444444445033,True,False,
KlarS44,KlarS44:efficacy:hyp2,KlarS44 effect-specific empirical human analytic respondent pretreatment demographic distribution (unweighted),general_us_adult,study_effect_analytic_profile_distribution_unweighted_largest_remainder,GENDER|race_4|pid_3|age_5|EDUC4|ideo_3,False,500,LEGACY_CACHED_NO_F_MODEL_PROVENANCE,LEGACY_CACHED_NO_F_PROMPT_PROTOCOL_PROVENANCE,LEGACY_CACHED_NO_F_INFERENCE_CONFIG_HASH,,LEGACY_CACHED_NO_EFFECT_SPECIFIC_PANEL_PROVENANCE,,,,efficacy [hyp2],attitude,6.0,-0.14257112750264067,0.08499999999999996,-2.3761854583773445,1.416666666666666,True,False,
KlarS44,KlarS44:importance:hyp1,KlarS44 effect-specific empirical human analytic respondent pretreatment demographic distribution (unweighted),general_us_adult,study_effect_analytic_profile_distribution_unweighted_largest_remainder,GENDER|race_4|pid_3|age_5|EDUC4|ideo_3,False,500,LEGACY_CACHED_NO_F_MODEL_PROVENANCE,LEGACY_CACHED_NO_F_PROMPT_PROTOCOL_PROVENANCE,LEGACY_CACHED_NO_F_INFERENCE_CONFIG_HASH,,LEGACY_CACHED_NO_EFFECT_SPECIFIC_PANEL_PROVENANCE,,,,importance [hyp1],attitude,4.0,-0.023125335210509412,-0.0016666666666598218,-0.5781333802627353,-0.041666666666495544,True,False,
KlarS44,KlarS44:importance:hyp2,KlarS44 effect-specific empirical human analytic respondent pretreatment demographic distribution (unweighted),general_us_adult,study_effect_analytic_profile_distribution_unweighted_largest_remainder,GENDER|race_4|pid_3|age_5|EDUC4|ideo_3,False,500,LEGACY_CACHED_NO_F_MODEL_PROVENANCE,LEGACY_CACHED_NO_F_PROMPT_PROTOCOL_PROVENANCE,LEGACY_CACHED_NO_F_INFERENCE_CONFIG_HASH,,LEGACY_CACHED_NO_EFFECT_SPECIFIC_PANEL_PROVENANCE,,,,importance [hyp2],attitude,4.0,-0.0656459861957499,0.06333333333333968,-1.6411496548937476,1.583333333333492,True,False,
KlarS44,KlarS44:support_candidate:hyp1,KlarS44 effect-specific empirical human analytic respondent pretreatment demographic distribution (unweighted),general_us_adult,study_effect_analytic_profile_distribution_unweighted_largest_remainder,GENDER|race_4|pid_3|age_5|EDUC4|ideo_3,False,500,LEGACY_CACHED_NO_F_MODEL_PROVENANCE,LEGACY_CACHED_NO_F_PROMPT_PROTOCOL_PROVENANCE,LEGACY_CACHED_NO_F_INFERENCE_CONFIG_HASH,,LEGACY_CACHED_NO_EFFECT_SPECIFIC_PANEL_PROVENANCE,,,,support_candidate [hyp1],attitude,4.0,-0.13492593058878022,-0.023333333333329875,-3.3731482647195055,-0.5833333333332469,True,False,
KlarS44,KlarS44:support_candidate:hyp2,KlarS44 effect-specific empirical human analytic respondent pretreatment demographic distribution (unweighted),general_us_adult,study_effect_analytic_profile_distribution_unweighted_largest_remainder,GENDER|race_4|pid_3|age_5|EDUC4|ideo_3,False,500,LEGACY_CACHED_NO_F_MODEL_PROVENANCE,LEGACY_CACHED_NO_F_PROMPT_PROTOCOL_PROVENANCE,LEGACY_CACHED_NO_F_INFERENCE_CONFIG_HASH,,LEGACY_CACHED_NO_EFFECT_SPECIFIC_PANEL_PROVENANCE,,,,support_candidate [hyp2],attitude,4.0,-0.020648761771890012,0.07166666666666988,-0.5162190442972503,1.791666666666747,True,False,
McGinty730,McGinty730:social_stigma:hyp1,McGinty730 effect-specific empirical human analytic respondent pretreatment demographic distribution (unweighted),general_us_adult,study_effect_analytic_profile_distribution_unweighted_largest_remainder,GENDER|race_4|pid_3|age_5|EDUC4|ideo_3,False,500,LEGACY_CACHED_NO_F_MODEL_PROVENANCE,LEGACY_CACHED_NO_F_PROMPT_PROTOCOL_PROVENANCE,LEGACY_CACHED_NO_F_INFERENCE_CONFIG_HASH,,LEGACY_CACHED_NO_EFFECT_SPECIFIC_PANEL_PROVENANCE,,,,social_stigma [hyp1],attitude,4.0,-0.030756302521000034,0.54666666666667,-0.7689075630250009,13.66666666666675,True,False,
McGinty730,McGinty730:social_stigma:hyp2,McGinty730 effect-specific empirical human analytic respondent pretreatment demographic distribution (unweighted),general_us_adult,study_effect_analytic_profile_distribution_unweighted_largest_remainder,GENDER|race_4|pid_3|age_5|EDUC4|ideo_3,False,500,LEGACY_CACHED_NO_F_MODEL_PROVENANCE,LEGACY_CACHED_NO_F_PROMPT_PROTOCOL_PROVENANCE,LEGACY_CACHED_NO_F_INFERENCE_CONFIG_HASH,,LEGACY_CACHED_NO_EFFECT_SPECIFIC_PANEL_PROVENANCE,,,,social_stigma [hyp2],attitude,4.0,0.15894017663723226,0.1841666666666697,3.9735044159308064,4.6041666666667425,True,False,
McGinty730,McGinty730:social_stigma:hyp3,McGinty730 effect-specific empirical human analytic respondent pretreatment demographic distribution (unweighted),general_us_adult,study_effect_analytic_profile_distribution_unweighted_largest_remainder,GENDER|race_4|pid_3|age_5|EDUC4|ideo_3,False,500,LEGACY_CACHED_NO_F_MODEL_PROVENANCE,LEGACY_CACHED_NO_F_PROMPT_PROTOCOL_PROVENANCE,LEGACY_CACHED_NO_F_INFERENCE_CONFIG_HASH,,LEGACY_CACHED_NO_EFFECT_SPECIFIC_PANEL_PROVENANCE,,,,social_stigma [hyp3],attitude,4.0,0.2667958874094065,-0.7908333333333348,6.669897185235163,-19.77083333333337,True,False,
McGinty730,McGinty730:social_stigma:hyp4,McGinty730 effect-specific empirical human analytic respondent pretreatment demographic distribution (unweighted),general_us_adult,study_effect_analytic_profile_distribution_unweighted_largest_remainder,GENDER|race_4|pid_3|age_5|EDUC4|ideo_3,False,500,LEGACY_CACHED_NO_F_MODEL_PROVENANCE,LEGACY_CACHED_NO_F_PROMPT_PROTOCOL_PROVENANCE,LEGACY_CACHED_NO_F_INFERENCE_CONFIG_HASH,,LEGACY_CACHED_NO_EFFECT_SPECIFIC_PANEL_PROVENANCE,,,,social_stigma [hyp4],attitude,4.0,0.3618214227839962,-1.1116666666666655,9.045535569599906,-27.791666666666636,True,False,
McGinty730,McGinty730:treatment_support:hyp1,McGinty730 effect-specific empirical human analytic respondent pretreatment demographic distribution (unweighted),general_us_adult,study_effect_analytic_profile_distribution_unweighted_largest_remainder,GENDER|race_4|pid_3|age_5|EDUC4|ideo_3,False,500,LEGACY_CACHED_NO_F_MODEL_PROVENANCE,LEGACY_CACHED_NO_F_PROMPT_PROTOCOL_PROVENANCE,LEGACY_CACHED_NO_F_INFERENCE_CONFIG_HASH,,LEGACY_CACHED_NO_EFFECT_SPECIFIC_PANEL_PROVENANCE,,,,treatment_support [hyp1],attitude,4.0,-0.1376707163804003,0.23333333333332984,-3.4417679095100073,5.833333333333246,True,False,
McGinty730,McGinty730:treatment_support:hyp2,McGinty730 effect-specific empirical human analytic respondent pretreatment demographic distribution (unweighted),general_us_adult,study_effect_analytic_profile_distribution_unweighted_largest_remainder,GENDER|race_4|pid_3|age_5|EDUC4|ideo_3,False,500,LEGACY_CACHED_NO_F_MODEL_PROVENANCE,LEGACY_CACHED_NO_F_PROMPT_PROTOCOL_PROVENANCE,LEGACY_CACHED_NO_F_INFERENCE_CONFIG_HASH,,LEGACY_CACHED_NO_EFFECT_SPECIFIC_PANEL_PROVENANCE,,,,treatment_support [hyp2],attitude,4.0,-0.19517574656148007,0.25749999999999496,-4.879393664037002,6.437499999999874,True,False,
McGinty730,McGinty730:treatment_support:hyp3,McGinty730 effect-specific empirical human analytic respondent pretreatment demographic distribution (unweighted),general_us_adult,study_effect_analytic_profile_distribution_unweighted_largest_remainder,GENDER|race_4|pid_3|age_5|EDUC4|ideo_3,False,500,LEGACY_CACHED_NO_F_MODEL_PROVENANCE,LEGACY_CACHED_NO_F_PROMPT_PROTOCOL_PROVENANCE,LEGACY_CACHED_NO_F_INFERENCE_CONFIG_HASH,,LEGACY_CACHED_NO_EFFECT_SPECIFIC_PANEL_PROVENANCE,,,,treatment_support [hyp3],attitude,4.0,-0.19289253160221387,0.38499999999999535,-4.822313290055346,9.624999999999883,True,False,
McGinty730,McGinty730:treatment_support:hyp4,McGinty730 effect-specific empirical human analytic respondent pretreatment demographic distribution (unweighted),general_us_adult,study_effect_analytic_profile_distribution_unweighted_largest_remainder,GENDER|race_4|pid_3|age_5|EDUC4|ideo_3,False,500,LEGACY_CACHED_NO_F_MODEL_PROVENANCE,LEGACY_CACHED_NO_F_PROMPT_PROTOCOL_PROVENANCE,LEGACY_CACHED_NO_F_INFERENCE_CONFIG_HASH,,LEGACY_CACHED_NO_EFFECT_SPECIFIC_PANEL_PROVENANCE,,,,treatment_support [hyp4],attitude,4.0,-0.2265718152814924,0.3941666666666652,-5.664295382037309,9.85416666666663,True,False,
McGinty730,McGinty730:willingness_to_pay_mentalhealthservices:hyp1,McGinty730 effect-specific empirical human analytic respondent pretreatment demographic distribution (unweighted),general_us_adult,study_effect_analytic_profile_distribution_unweighted_largest_remainder,GENDER|race_4|pid_3|age_5|EDUC4|ideo_3,False,500,LEGACY_CACHED_NO_F_MODEL_PROVENANCE,LEGACY_CACHED_NO_F_PROMPT_PROTOCOL_PROVENANCE,LEGACY_CACHED_NO_F_INFERENCE_CONFIG_HASH,,LEGACY_CACHED_NO_EFFECT_SPECIFIC_PANEL_PROVENANCE,,,,willingness_to_pay_mentalhealthservices [hyp1],binary_behavior,1.0,-0.03627728711881972,0.04499999999999993,-3.6277287118819723,4.499999999999993,True,False,
McGinty730,McGinty730:willingness_to_pay_mentalhealthservices:hyp2,McGinty730 effect-specific empirical human analytic respondent pretreatment demographic distribution (unweighted),general_us_adult,study_effect_analytic_profile_distribution_unweighted_largest_remainder,GENDER|race_4|pid_3|age_5|EDUC4|ideo_3,False,500,LEGACY_CACHED_NO_F_MODEL_PROVENANCE,LEGACY_CACHED_NO_F_PROMPT_PROTOCOL_PROVENANCE,LEGACY_CACHED_NO_F_INFERENCE_CONFIG_HASH,,LEGACY_CACHED_NO_EFFECT_SPECIFIC_PANEL_PROVENANCE,,,,willingness_to_pay_mentalhealthservices [hyp2],binary_behavior,1.0,-0.08567630442007568,0.05083333333333506,-8.567630442007568,5.083333333333506,True,False,
McGinty730,McGinty730:willingness_to_pay_mentalhealthservices:hyp3,McGinty730 effect-specific empirical human analytic respondent pretreatment demographic distribution (unweighted),general_us_adult,study_effect_analytic_profile_distribution_unweighted_largest_remainder,GENDER|race_4|pid_3|age_5|EDUC4|ideo_3,False,500,LEGACY_CACHED_NO_F_MODEL_PROVENANCE,LEGACY_CACHED_NO_F_PROMPT_PROTOCOL_PROVENANCE,LEGACY_CACHED_NO_F_INFERENCE_CONFIG_HASH,,LEGACY_CACHED_NO_EFFECT_SPECIFIC_PANEL_PROVENANCE,,,,willingness_to_pay_mentalhealthservices [hyp3],binary_behavior,1.0,-0.12182001005530663,0.0591666666666697,-12.182001005530662,5.91666666666697,True,False,
McGinty730,McGinty730:willingness_to_pay_mentalhealthservices:hyp4,McGinty730 effect-specific empirical human analytic respondent pretreatment demographic distribution (unweighted),general_us_adult,study_effect_analytic_profile_distribution_unweighted_largest_remainder,GENDER|race_4|pid_3|age_5|EDUC4|ideo_3,False,500,LEGACY_CACHED_NO_F_MODEL_PROVENANCE,LEGACY_CACHED_NO_F_PROMPT_PROTOCOL_PROVENANCE,LEGACY_CACHED_NO_F_INFERENCE_CONFIG_HASH,,LEGACY_CACHED_NO_EFFECT_SPECIFIC_PANEL_PROVENANCE,,,,willingness_to_pay_mentalhealthservices [hyp4],binary_behavior,1.0,-0.12160897280723026,0.0583333333333349,-12.160897280723027,5.83333333333349,True,False,
Melin1066,Melin1066:Capable:hyp1,Melin1066 effect-specific empirical human analytic respondent pretreatment demographic distribution (unweighted),general_us_adult,study_effect_analytic_profile_distribution_unweighted_largest_remainder,GENDER|race_4|pid_3|age_5|EDUC4|ideo_3,False,500,LEGACY_CACHED_NO_F_MODEL_PROVENANCE,LEGACY_CACHED_NO_F_PROMPT_PROTOCOL_PROVENANCE,LEGACY_CACHED_NO_F_INFERENCE_CONFIG_HASH,,LEGACY_CACHED_NO_EFFECT_SPECIFIC_PANEL_PROVENANCE,,,,Capable [hyp1],attitude,6.0,0.6100566100566098,0.30833333333333,10.167610167610164,5.138888888888838,True,False,
Melin1066,Melin1066:Capable:hyp2,Melin1066 effect-specific empirical human analytic respondent pretreatment demographic distribution (unweighted),general_us_adult,study_effect_analytic_profile_distribution_unweighted_largest_remainder,GENDER|race_4|pid_3|age_5|EDUC4|ideo_3,False,500,LEGACY_CACHED_NO_F_MODEL_PROVENANCE,LEGACY_CACHED_NO_F_PROMPT_PROTOCOL_PROVENANCE,LEGACY_CACHED_NO_F_INFERENCE_CONFIG_HASH,,LEGACY_CACHED_NO_EFFECT_SPECIFIC_PANEL_PROVENANCE,,,,Capable [hyp2],attitude,6.0,0.38989898989898997,0.21999999999999975,6.498316498316504,3.6666666666666625,True,False,
Melin1066,Melin1066:Capable:hyp3,Melin1066 effect-specific empirical human analytic respondent pretreatment demographic distribution (unweighted),general_us_adult,study_effect_analytic_profile_distribution_unweighted_largest_remainder,GENDER|race_4|pid_3|age_5|EDUC4|ideo_3,False,500,LEGACY_CACHED_NO_F_MODEL_PROVENANCE,LEGACY_CACHED_NO_F_PROMPT_PROTOCOL_PROVENANCE,LEGACY_CACHED_NO_F_INFERENCE_CONFIG_HASH,,LEGACY_CACHED_NO_EFFECT_SPECIFIC_PANEL_PROVENANCE,,,,Capable [hyp3],attitude,6.0,0.2456234096692107,0.19833333333334124,4.093723494486845,3.3055555555556837,True,False,
Melin1066,Melin1066:masculine:hyp1,Melin1066 effect-specific empirical human analytic respondent pretreatment demographic distribution (unweighted),general_us_adult,study_effect_analytic_profile_distribution_unweighted_largest_remainder,GENDER|race_4|pid_3|age_5|EDUC4|ideo_3,False,500,LEGACY_CACHED_NO_F_MODEL_PROVENANCE,LEGACY_CACHED_NO_F_PROMPT_PROTOCOL_PROVENANCE,LEGACY_CACHED_NO_F_INFERENCE_CONFIG_HASH,,LEGACY_CACHED_NO_EFFECT_SPECIFIC_PANEL_PROVENANCE,,,,masculine [hyp1],attitude,6.0,0.8377256238800799,0.8250000000000002,13.962093731334663,13.750000000000004,True,False,
Melin1066,Melin1066:masculine:hyp2,Melin1066 effect-specific empirical human analytic respondent pretreatment demographic distribution (unweighted),general_us_adult,study_effect_analytic_profile_distribution_unweighted_largest_remainder,GENDER|race_4|pid_3|age_5|EDUC4|ideo_3,False,500,LEGACY_CACHED_NO_F_MODEL_PROVENANCE,LEGACY_CACHED_NO_F_PROMPT_PROTOCOL_PROVENANCE,LEGACY_CACHED_NO_F_INFERENCE_CONFIG_HASH,,LEGACY_CACHED_NO_EFFECT_SPECIFIC_PANEL_PROVENANCE,,,,masculine [hyp2],attitude,6.0,0.8336301332901601,1.09166666666667,13.893835554836004,18.194444444444496,True,False,
Melin1066,Melin1066:masculine:hyp3,Melin1066 effect-specific empirical human analytic respondent pretreatment demographic distribution (unweighted),general_us_adult,study_effect_analytic_profile_distribution_unweighted_largest_remainder,GENDER|race_4|pid_3|age_5|EDUC4|ideo_3,False,500,LEGACY_CACHED_NO_F_MODEL_PROVENANCE,LEGACY_CACHED_NO_F_PROMPT_PROTOCOL_PROVENANCE,LEGACY_CACHED_NO_F_INFERENCE_CONFIG_HASH,,LEGACY_CACHED_NO_EFFECT_SPECIFIC_PANEL_PROVENANCE,,,,masculine [hyp3],attitude,6.0,0.9353806422636399,1.2399999999999998,15.589677371060667,20.66666666666666,True,False,
Melin1066,Melin1066:salary:hyp1,Melin1066 effect-specific empirical human analytic respondent pretreatment demographic distribution (unweighted),general_us_adult,study_effect_analytic_profile_distribution_unweighted_largest_remainder,GENDER|race_4|pid_3|age_5|EDUC4|ideo_3,False,500,LEGACY_CACHED_NO_F_MODEL_PROVENANCE,LEGACY_CACHED_NO_F_PROMPT_PROTOCOL_PROVENANCE,LEGACY_CACHED_NO_F_INFERENCE_CONFIG_HASH,,LEGACY_CACHED_NO_EFFECT_SPECIFIC_PANEL_PROVENANCE,,,,salary,,,,,,,False,False,no_llm_match
Melin1066,Melin1066:salary:hyp2,Melin1066 effect-specific empirical human analytic respondent pretreatment demographic distribution (unweighted),general_us_adult,study_effect_analytic_profile_distribution_unweighted_largest_remainder,GENDER|race_4|pid_3|age_5|EDUC4|ideo_3,False,500,LEGACY_CACHED_NO_F_MODEL_PROVENANCE,LEGACY_CACHED_NO_F_PROMPT_PROTOCOL_PROVENANCE,LEGACY_CACHED_NO_F_INFERENCE_CONFIG_HASH,,LEGACY_CACHED_NO_EFFECT_SPECIFIC_PANEL_PROVENANCE,,,,salary,,,,,,,False,False,no_llm_match
Melin1066,Melin1066:salary:hyp3,Melin1066 effect-specific empirical human analytic respondent pretreatment demographic distribution (unweighted),general_us_adult,study_effect_analytic_profile_distribution_unweighted_largest_remainder,GENDER|race_4|pid_3|age_5|EDUC4|ideo_3,False,500,LEGACY_CACHED_NO_F_MODEL_PROVENANCE,LEGACY_CACHED_NO_F_PROMPT_PROTOCOL_PROVENANCE,LEGACY_CACHED_NO_F_INFERENCE_CONFIG_HASH,,LEGACY_CACHED_NO_EFFECT_SPECIFIC_PANEL_PROVENANCE,,,,salary,,,,,,,False,False,no_llm_match
Merolla843,Merolla843:foreign_policy:hyp1,Merolla843 effect-specific empirical human analytic respondent pretreatment demographic distribution (unweighted),general_us_adult,study_effect_analytic_profile_distribution_unweighted_largest_remainder,GENDER|race_4|pid_3|age_5|EDUC4|ideo_3,False,500,LEGACY_CACHED_NO_F_MODEL_PROVENANCE,LEGACY_CACHED_NO_F_PROMPT_PROTOCOL_PROVENANCE,LEGACY_CACHED_NO_F_INFERENCE_CONFIG_HASH,,LEGACY_CACHED_NO_EFFECT_SPECIFIC_PANEL_PROVENANCE,,,,foreign_policy [hyp1],attitude,6.0,0.31503716409377036,0.24166666666666003,5.250619401562845,4.027777777777669,True,False,
Merolla843,Merolla843:foreign_policy:hyp2,Merolla843 effect-specific empirical human analytic respondent pretreatment demographic distribution (unweighted),general_us_adult,study_effect_analytic_profile_distribution_unweighted_largest_remainder,GENDER|race_4|pid_3|age_5|EDUC4|ideo_3,False,500,LEGACY_CACHED_NO_F_MODEL_PROVENANCE,LEGACY_CACHED_NO_F_PROMPT_PROTOCOL_PROVENANCE,LEGACY_CACHED_NO_F_INFERENCE_CONFIG_HASH,,LEGACY_CACHED_NO_EFFECT_SPECIFIC_PANEL_PROVENANCE,,,,foreign_policy [hyp2],attitude,6.0,0.21509896654404992,0.15166666666666018,3.5849827757341632,2.5277777777776675,True,False,
Merolla843,Merolla843:foreign_policy:hyp3,Merolla843 effect-specific empirical human analytic respondent pretreatment demographic distribution (unweighted),general_us_adult,study_effect_analytic_profile_distribution_unweighted_largest_remainder,GENDER|race_4|pid_3|age_5|EDUC4|ideo_3,False,500,LEGACY_CACHED_NO_F_MODEL_PROVENANCE,LEGACY_CACHED_NO_F_PROMPT_PROTOCOL_PROVENANCE,LEGACY_CACHED_NO_F_INFERENCE_CONFIG_HASH,,LEGACY_CACHED_NO_EFFECT_SPECIFIC_PANEL_PROVENANCE,,,,foreign_policy [hyp3],attitude,6.0,0.09993819754972044,0.08999999999999986,1.6656366258286814,1.5000000000000013,True,False,
Merolla843,Merolla843:hillary_clinton_leadership:hyp1,Merolla843 effect-specific empirical human analytic respondent pretreatment demographic distribution (unweighted),general_us_adult,study_effect_analytic_profile_distribution_unweighted_largest_remainder,GENDER|race_4|pid_3|age_5|EDUC4|ideo_3,False,500,LEGACY_CACHED_NO_F_MODEL_PROVENANCE,LEGACY_CACHED_NO_F_PROMPT_PROTOCOL_PROVENANCE,LEGACY_CACHED_NO_F_INFERENCE_CONFIG_HASH,,LEGACY_CACHED_NO_EFFECT_SPECIFIC_PANEL_PROVENANCE,,,,hillary_clinton_leadership [hyp1],attitude,6.0,-0.06452788917244012,0.13166666666665972,-1.0754648195406669,2.1944444444443323,True,False,
Merolla843,Merolla843:hillary_clinton_leadership:hyp2,Merolla843 effect-specific empirical human analytic respondent pretreatment demographic distribution (unweighted),general_us_adult,study_effect_analytic_profile_distribution_unweighted_largest_remainder,GENDER|race_4|pid_3|age_5|EDUC4|ideo_3,False,500,LEGACY_CACHED_NO_F_MODEL_PROVENANCE,LEGACY_CACHED_NO_F_PROMPT_PROTOCOL_PROVENANCE,LEGACY_CACHED_NO_F_INFERENCE_CONFIG_HASH,,LEGACY_CACHED_NO_EFFECT_SPECIFIC_PANEL_PROVENANCE,,,,hillary_clinton_leadership [hyp2],attitude,6.0,0.05261385233478988,0.06166666666665943,0.8768975389131684,1.0277777777776609,True,False,
Merolla843,Merolla843:trump_leadership:hyp1,Merolla843 effect-specific empirical human analytic respondent pretreatment demographic distribution (unweighted),general_us_adult,study_effect_analytic_profile_distribution_unweighted_largest_remainder,GENDER|race_4|pid_3|age_5|EDUC4|ideo_3,False,500,LEGACY_CACHED_NO_F_MODEL_PROVENANCE,LEGACY_CACHED_NO_F_PROMPT_PROTOCOL_PROVENANCE,LEGACY_CACHED_NO_F_INFERENCE_CONFIG_HASH,,LEGACY_CACHED_NO_EFFECT_SPECIFIC_PANEL_PROVENANCE,,,,trump_leadership [hyp1],attitude,6.0,-0.2679161785760802,0.5966666666666702,-4.465269642934672,9.944444444444505,True,False,
Merolla843,Merolla843:trump_leadership:hyp2,Merolla843 effect-specific empirical human analytic respondent pretreatment demographic distribution (unweighted),general_us_adult,study_effect_analytic_profile_distribution_unweighted_largest_remainder,GENDER|race_4|pid_3|age_5|EDUC4|ideo_3,False,500,LEGACY_CACHED_NO_F_MODEL_PROVENANCE,LEGACY_CACHED_NO_F_PROMPT_PROTOCOL_PROVENANCE,LEGACY_CACHED_NO_F_INFERENCE_CONFIG_HASH,,LEGACY_CACHED_NO_EFFECT_SPECIFIC_PANEL_PROVENANCE,,,,trump_leadership [hyp2],attitude,6.0,-0.1340967594486,0.1683333333333401,-2.23494599081,2.8055555555556664,True,False,
Mezzapelle1439,Mezzapelle1439:BELIEVABLE:hyp1,Mezzapelle1439 effect-specific empirical human analytic respondent pretreatment demographic distribution (unweighted),general_us_adult,study_effect_analytic_profile_distribution_unweighted_largest_remainder,GENDER|race_4|pid_3|age_5|EDUC4|ideo_3,False,500,LEGACY_CACHED_NO_F_MODEL_PROVENANCE,LEGACY_CACHED_NO_F_PROMPT_PROTOCOL_PROVENANCE,LEGACY_CACHED_NO_F_INFERENCE_CONFIG_HASH,,LEGACY_CACHED_NO_EFFECT_SPECIFIC_PANEL_PROVENANCE,,,,BELIEVABLE [hyp1],attitude,6.0,0.05434561976461172,-0.019166666666664334,0.9057603294101879,-0.31944444444440556,True,False,
Mezzapelle1439,Mezzapelle1439:BELIEVABLE:hyp2,Mezzapelle1439 effect-specific empirical human analytic respondent pretreatment demographic distribution (unweighted),general_us_adult,study_effect_analytic_profile_distribution_unweighted_largest_remainder,GENDER|race_4|pid_3|age_5|EDUC4|ideo_3,False,500,LEGACY_CACHED_NO_F_MODEL_PROVENANCE,LEGACY_CACHED_NO_F_PROMPT_PROTOCOL_PROVENANCE,LEGACY_CACHED_NO_F_INFERENCE_CONFIG_HASH,,LEGACY_CACHED_NO_EFFECT_SPECIFIC_PANEL_PROVENANCE,,,,BELIEVABLE [hyp2],attitude,6.0,0.020190514508788837,-0.05083333333333595,0.3365085751464769,-0.8472222222222658,True,False,
Mezzapelle1439,Mezzapelle1439:BELIEVABLE:hyp3,Mezzapelle1439 effect-specific empirical human analytic respondent pretreatment demographic distribution (unweighted),general_us_adult,study_effect_analytic_profile_distribution_unweighted_largest_remainder,GENDER|race_4|pid_3|age_5|EDUC4|ideo_3,False,500,LEGACY_CACHED_NO_F_MODEL_PROVENANCE,LEGACY_CACHED_NO_F_PROMPT_PROTOCOL_PROVENANCE,LEGACY_CACHED_NO_F_INFERENCE_CONFIG_HASH,,LEGACY_CACHED_NO_EFFECT_SPECIFIC_PANEL_PROVENANCE,,,,BELIEVABLE [hyp3],attitude,6.0,0.07584325653159052,-0.07000000000000028,1.264054275526505,-1.1666666666666714,True,False,
Mezzapelle1439,Mezzapelle1439:COMPENSATION:hyp1,Mezzapelle1439 effect-specific empirical human analytic respondent pretreatment demographic distribution (unweighted),general_us_adult,study_effect_analytic_profile_distribution_unweighted_largest_remainder,GENDER|race_4|pid_3|age_5|EDUC4|ideo_3,False,500,LEGACY_CACHED_NO_F_MODEL_PROVENANCE,LEGACY_CACHED_NO_F_PROMPT_PROTOCOL_PROVENANCE,LEGACY_CACHED_NO_F_INFERENCE_CONFIG_HASH,,LEGACY_CACHED_NO_EFFECT_SPECIFIC_PANEL_PROVENANCE,,,,COMPENSATION [hyp1],attitude,6.0,0.024774251213210086,0.021666666666669165,0.41290418688683106,0.36111111111115646,True,False,
Mezzapelle1439,Mezzapelle1439:COMPENSATION:hyp2,Mezzapelle1439 effect-specific empirical human analytic respondent pretreatment demographic distribution (unweighted),general_us_adult,study_effect_analytic_profile_distribution_unweighted_largest_remainder,GENDER|race_4|pid_3|age_5|EDUC4|ideo_3,False,500,LEGACY_CACHED_NO_F_MODEL_PROVENANCE,LEGACY_CACHED_NO_F_PROMPT_PROTOCOL_PROVENANCE,LEGACY_CACHED_NO_F_INFERENCE_CONFIG_HASH,,LEGACY_CACHED_NO_EFFECT_SPECIFIC_PANEL_PROVENANCE,,,,COMPENSATION [hyp2],attitude,6.0,0.09065230083902254,-0.04500000000000082,1.510871680650383,-0.7500000000000173,True,False,
Mezzapelle1439,Mezzapelle1439:COMPENSATION:hyp3,Mezzapelle1439 effect-specific empirical human analytic respondent pretreatment demographic distribution (unweighted),general_us_adult,study_effect_analytic_profile_distribution_unweighted_largest_remainder,GENDER|race_4|pid_3|age_5|EDUC4|ideo_3,False,500,LEGACY_CACHED_NO_F_MODEL_PROVENANCE,LEGACY_CACHED_NO_F_PROMPT_PROTOCOL_PROVENANCE,LEGACY_CACHED_NO_F_INFERENCE_CONFIG_HASH,,LEGACY_CACHED_NO_EFFECT_SPECIFIC_PANEL_PROVENANCE,,,,COMPENSATION [hyp3],attitude,6.0,0.11616134025311009,-0.023333333333330764,1.9360223375518348,-0.38888888888883866,True,False,
Mezzapelle1439,Mezzapelle1439:PERCEIVED HARM:hyp1,Mezzapelle1439 effect-specific empirical human analytic respondent pretreatment demographic distribution (unweighted),general_us_adult,study_effect_analytic_profile_distribution_unweighted_largest_remainder,GENDER|race_4|pid_3|age_5|EDUC4|ideo_3,False,500,LEGACY_CACHED_NO_F_MODEL_PROVENANCE,LEGACY_CACHED_NO_F_PROMPT_PROTOCOL_PROVENANCE,LEGACY_CACHED_NO_F_INFERENCE_CONFIG_HASH,,LEGACY_CACHED_NO_EFFECT_SPECIFIC_PANEL_PROVENANCE,,,,PERCEIVED HARM [hyp1],attitude,6.0,0.11376664409839687,-0.0033333333333303017,1.8961107349732775,-0.05555555555550873,True,False,
Mezzapelle1439,Mezzapelle1439:PERCEIVED HARM:hyp2,Mezzapelle1439 effect-specific empirical human analytic respondent pretreatment demographic distribution (unweighted),general_us_adult,study_effect_analytic_profile_distribution_unweighted_largest_remainder,GENDER|race_4|pid_3|age_5|EDUC4|ideo_3,False,500,LEGACY_CACHED_NO_F_MODEL_PROVENANCE,LEGACY_CACHED_NO_F_PROMPT_PROTOCOL_PROVENANCE,LEGACY_CACHED_NO_F_INFERENCE_CONFIG_HASH,,LEGACY_CACHED_NO_EFFECT_SPECIFIC_PANEL_PROVENANCE,,,,PERCEIVED HARM [hyp2],attitude,6.0,0.1479711126156653,-0.023333333333329875,2.466185210261085,-0.38888888888882756,True,False,
Mezzapelle1439,Mezzapelle1439:PERCEIVED HARM:hyp3,Mezzapelle1439 effect-specific empirical human analytic respondent pretreatment demographic distribution (unweighted),general_us_adult,study_effect_analytic_profile_distribution_unweighted_largest_remainder,GENDER|race_4|pid_3|age_5|EDUC4|ideo_3,False,500,LEGACY_CACHED_NO_F_MODEL_PROVENANCE,LEGACY_CACHED_NO_F_PROMPT_PROTOCOL_PROVENANCE,LEGACY_CACHED_NO_F_INFERENCE_CONFIG_HASH,,LEGACY_CACHED_NO_EFFECT_SPECIFIC_PANEL_PROVENANCE,,,,PERCEIVED HARM [hyp3],attitude,6.0,0.26417508714645077,-0.026666666666660177,4.402918119107513,-0.4444444444443363,True,False,
MunschS68,MunschS68:Morgan_Committed:hyp1,MunschS68 effect-specific empirical human analytic respondent pretreatment demographic distribution (unweighted),general_us_adult,study_effect_analytic_profile_distribution_unweighted_largest_remainder,GENDER|race_4|pid_3|age_5|EDUC4|ideo_3,False,500,LEGACY_CACHED_NO_F_MODEL_PROVENANCE,LEGACY_CACHED_NO_F_PROMPT_PROTOCOL_PROVENANCE,LEGACY_CACHED_NO_F_INFERENCE_CONFIG_HASH,,LEGACY_CACHED_NO_EFFECT_SPECIFIC_PANEL_PROVENANCE,,,,Morgan_Committed,attitude,6.0,0.7805075248158841,0.5184999999999986,13.008458746931407,8.641666666666648,True,False,
SchaadS62,SchaadS62:still_identify:hyp1,SchaadS62 effect-specific empirical human analytic respondent pretreatment demographic distribution (unweighted),general_us_adult,study_effect_analytic_profile_distribution_unweighted_largest_remainder,GENDER|race_4|pid_3|age_5|EDUC4|ideo_3,False,500,LEGACY_CACHED_NO_F_MODEL_PROVENANCE,LEGACY_CACHED_NO_F_PROMPT_PROTOCOL_PROVENANCE,LEGACY_CACHED_NO_F_INFERENCE_CONFIG_HASH,,LEGACY_CACHED_NO_EFFECT_SPECIFIC_PANEL_PROVENANCE,,,,still_identify [hyp1],attitude,6.0,-0.16390074114405184,-0.0066666666666659324,-2.7316790190675344,-0.11111111111109517,True,False,
SchaadS62,SchaadS62:still_identify:hyp2,SchaadS62 effect-specific empirical human analytic respondent pretreatment demographic distribution (unweighted),general_us_adult,study_effect_analytic_profile_distribution_unweighted_largest_remainder,GENDER|race_4|pid_3|age_5|EDUC4|ideo_3,False,500,LEGACY_CACHED_NO_F_MODEL_PROVENANCE,LEGACY_CACHED_NO_F_PROMPT_PROTOCOL_PROVENANCE,LEGACY_CACHED_NO_F_INFERENCE_CONFIG_HASH,,LEGACY_CACHED_NO_EFFECT_SPECIFIC_PANEL_PROVENANCE,,,,still_identify [hyp2],attitude,6.0,-0.4145196117105039,-0.5625,-6.908660195175065,-9.375,True,False,
SchaadS62,SchaadS62:still_identify:hyp3,SchaadS62 effect-specific empirical human analytic respondent pretreatment demographic distribution (unweighted),general_us_adult,study_effect_analytic_profile_distribution_unweighted_largest_remainder,GENDER|race_4|pid_3|age_5|EDUC4|ideo_3,False,500,LEGACY_CACHED_NO_F_MODEL_PROVENANCE,LEGACY_CACHED_NO_F_PROMPT_PROTOCOL_PROVENANCE,LEGACY_CACHED_NO_F_INFERENCE_CONFIG_HASH,,LEGACY_CACHED_NO_EFFECT_SPECIFIC_PANEL_PROVENANCE,,,,still_identify [hyp3],attitude,6.0,-0.5728063485668207,-0.20416666666666572,-9.546772476113674,-3.4027777777777657,True,False,
Schnabel903,Schnabel903:Feminine:hyp1,Schnabel903 effect-specific empirical human analytic respondent pretreatment demographic distribution (unweighted),general_us_adult,study_effect_analytic_profile_distribution_unweighted_largest_remainder,GENDER|race_4|pid_3|age_5|EDUC4|ideo_3,False,500,LEGACY_CACHED_NO_F_MODEL_PROVENANCE,LEGACY_CACHED_NO_F_PROMPT_PROTOCOL_PROVENANCE,LEGACY_CACHED_NO_F_INFERENCE_CONFIG_HASH,,LEGACY_CACHED_NO_EFFECT_SPECIFIC_PANEL_PROVENANCE,,,,Feminine,attitude,6.0,0.11232729938532726,0.22361111111110876,1.872121656422121,3.726851851851809,True,False,
Schnabel903,Schnabel903:Masculine:hyp1,Schnabel903 effect-specific empirical human analytic respondent pretreatment demographic distribution (unweighted),general_us_adult,study_effect_analytic_profile_distribution_unweighted_largest_remainder,GENDER|race_4|pid_3|age_5|EDUC4|ideo_3,False,500,LEGACY_CACHED_NO_F_MODEL_PROVENANCE,LEGACY_CACHED_NO_F_PROMPT_PROTOCOL_PROVENANCE,LEGACY_CACHED_NO_F_INFERENCE_CONFIG_HASH,,LEGACY_CACHED_NO_EFFECT_SPECIFIC_PANEL_PROVENANCE,,,,Masculine,attitude,6.0,0.026137939730168647,0.24194444444444274,0.4356323288361441,4.032407407407379,True,False,
ShannonS2,ShannonS2:tax credit effective:hyp1,ShannonS2 effect-specific empirical human analytic respondent pretreatment demographic distribution (unweighted),general_us_adult,study_effect_analytic_profile_distribution_unweighted_largest_remainder,GENDER|race_4|pid_3|age_5|EDUC4|ideo_3,False,500,LEGACY_CACHED_NO_F_MODEL_PROVENANCE,LEGACY_CACHED_NO_F_PROMPT_PROTOCOL_PROVENANCE,LEGACY_CACHED_NO_F_INFERENCE_CONFIG_HASH,,LEGACY_CACHED_NO_EFFECT_SPECIFIC_PANEL_PROVENANCE,,,,tax credit effective [hyp1],attitude,4.0,-0.15386398405265966,-0.16000000000000014,-3.8465996013164916,-4.0000000000000036,True,False,
ShannonS2,ShannonS2:tax credit effective:hyp2,ShannonS2 effect-specific empirical human analytic respondent pretreatment demographic distribution (unweighted),general_us_adult,study_effect_analytic_profile_distribution_unweighted_largest_remainder,GENDER|race_4|pid_3|age_5|EDUC4|ideo_3,False,500,LEGACY_CACHED_NO_F_MODEL_PROVENANCE,LEGACY_CACHED_NO_F_PROMPT_PROTOCOL_PROVENANCE,LEGACY_CACHED_NO_F_INFERENCE_CONFIG_HASH,,LEGACY_CACHED_NO_EFFECT_SPECIFIC_PANEL_PROVENANCE,,,,tax credit effective [hyp2],attitude,4.0,-0.32862766390661013,-0.12666666666665982,-8.215691597665254,-3.1666666666664955,True,False,
ShannonS2,ShannonS2:tax credit effective:hyp3,ShannonS2 effect-specific empirical human analytic respondent pretreatment demographic distribution (unweighted),general_us_adult,study_effect_analytic_profile_distribution_unweighted_largest_remainder,GENDER|race_4|pid_3|age_5|EDUC4|ideo_3,False,500,LEGACY_CACHED_NO_F_MODEL_PROVENANCE,LEGACY_CACHED_NO_F_PROMPT_PROTOCOL_PROVENANCE,LEGACY_CACHED_NO_F_INFERENCE_CONFIG_HASH,,LEGACY_CACHED_NO_EFFECT_SPECIFIC_PANEL_PROVENANCE,,,,tax credit effective [hyp3],attitude,4.0,0.04121688786299371,0.07916666666666483,1.0304221965748428,1.9791666666666208,True,False,
Silverman1035,Silverman1035:Americans_Killed:hyp1,Silverman1035 effect-specific empirical human analytic respondent pretreatment demographic distribution (unweighted),general_us_adult,study_effect_analytic_profile_distribution_unweighted_largest_remainder,GENDER|race_4|pid_3|age_5|EDUC4|ideo_3,False,500,LEGACY_CACHED_NO_F_MODEL_PROVENANCE,LEGACY_CACHED_NO_F_PROMPT_PROTOCOL_PROVENANCE,LEGACY_CACHED_NO_F_INFERENCE_CONFIG_HASH,,LEGACY_CACHED_NO_EFFECT_SPECIFIC_PANEL_PROVENANCE,,,,Americans_Killed [hyp1],attitude,2.0,-0.1582228116710931,-0.8941666666666626,-7.911140583554655,-44.70833333333313,True,False,
Silverman1035,Silverman1035:Americans_Killed:hyp2,Silverman1035 effect-specific empirical human analytic respondent pretreatment demographic distribution (unweighted),general_us_adult,study_effect_analytic_profile_distribution_unweighted_largest_remainder,GENDER|race_4|pid_3|age_5|EDUC4|ideo_3,False,500,LEGACY_CACHED_NO_F_MODEL_PROVENANCE,LEGACY_CACHED_NO_F_PROMPT_PROTOCOL_PROVENANCE,LEGACY_CACHED_NO_F_INFERENCE_CONFIG_HASH,,LEGACY_CACHED_NO_EFFECT_SPECIFIC_PANEL_PROVENANCE,,,,Americans_Killed [hyp2],attitude,2.0,0.06129460377820628,-0.014444444444443372,3.064730188910314,-0.7222222222221686,True,False,
Silverman1035,Silverman1035:Americans_Killed:hyp3,Silverman1035 effect-specific empirical human analytic respondent pretreatment demographic distribution (unweighted),general_us_adult,study_effect_analytic_profile_distribution_unweighted_largest_remainder,GENDER|race_4|pid_3|age_5|EDUC4|ideo_3,False,500,LEGACY_CACHED_NO_F_MODEL_PROVENANCE,LEGACY_CACHED_NO_F_PROMPT_PROTOCOL_PROVENANCE,LEGACY_CACHED_NO_F_INFERENCE_CONFIG_HASH,,LEGACY_CACHED_NO_EFFECT_SPECIFIC_PANEL_PROVENANCE,,,,Americans_Killed [hyp3],attitude,2.0,0.05280127869484996,-0.013333333333329866,2.640063934742498,-0.6666666666664933,True,False,
Silverman1035,Silverman1035:Americans_Killed:hyp4,Silverman1035 effect-specific empirical human analytic respondent pretreatment demographic distribution (unweighted),general_us_adult,study_effect_analytic_profile_distribution_unweighted_largest_remainder,GENDER|race_4|pid_3|age_5|EDUC4|ideo_3,False,500,LEGACY_CACHED_NO_F_MODEL_PROVENANCE,LEGACY_CACHED_NO_F_PROMPT_PROTOCOL_PROVENANCE,LEGACY_CACHED_NO_F_INFERENCE_CONFIG_HASH,,LEGACY_CACHED_NO_EFFECT_SPECIFIC_PANEL_PROVENANCE,,,,Americans_Killed [hyp4],attitude,2.0,0.07506361323156008,-0.014999999999999902,3.753180661578004,-0.7499999999999951,True,False,
Silverman1035,Silverman1035:Terrorism_likely:hyp1,Silverman1035 effect-specific empirical human analytic respondent pretreatment demographic distribution (unweighted),general_us_adult,study_effect_analytic_profile_distribution_unweighted_largest_remainder,GENDER|race_4|pid_3|age_5|EDUC4|ideo_3,False,500,LEGACY_CACHED_NO_F_MODEL_PROVENANCE,LEGACY_CACHED_NO_F_PROMPT_PROTOCOL_PROVENANCE,LEGACY_CACHED_NO_F_INFERENCE_CONFIG_HASH,,LEGACY_CACHED_NO_EFFECT_SPECIFIC_PANEL_PROVENANCE,,,,Terrorism_likely [hyp1],attitude,3.0,0.061186602870813456,-0.6737499999999974,2.039553429027113,-22.458333333333247,True,False,
Silverman1035,Silverman1035:Terrorism_likely:hyp2,Silverman1035 effect-specific empirical human analytic respondent pretreatment demographic distribution (unweighted),general_us_adult,study_effect_analytic_profile_distribution_unweighted_largest_remainder,GENDER|race_4|pid_3|age_5|EDUC4|ideo_3,False,500,LEGACY_CACHED_NO_F_MODEL_PROVENANCE,LEGACY_CACHED_NO_F_PROMPT_PROTOCOL_PROVENANCE,LEGACY_CACHED_NO_F_INFERENCE_CONFIG_HASH,,LEGACY_CACHED_NO_EFFECT_SPECIFIC_PANEL_PROVENANCE,,,,Terrorism_likely [hyp2],attitude,3.0,-0.053798858146683504,-0.18722222222222307,-1.7932952715561168,-6.240740740740769,True,False,
Silverman1035,Silverman1035:Terrorism_likely:hyp3,Silverman1035 effect-specific empirical human analytic respondent pretreatment demographic distribution (unweighted),general_us_adult,study_effect_analytic_profile_distribution_unweighted_largest_remainder,GENDER|race_4|pid_3|age_5|EDUC4|ideo_3,False,500,LEGACY_CACHED_NO_F_MODEL_PROVENANCE,LEGACY_CACHED_NO_F_PROMPT_PROTOCOL_PROVENANCE,LEGACY_CACHED_NO_F_INFERENCE_CONFIG_HASH,,LEGACY_CACHED_NO_EFFECT_SPECIFIC_PANEL_PROVENANCE,,,,Terrorism_likely [hyp3],attitude,3.0,-0.02181232616014972,-0.16666666666667007,-0.727077538671661,-5.555555555555669,True,False,
Silverman1035,Silverman1035:Terrorism_likely:hyp4,Silverman1035 effect-specific empirical human analytic respondent pretreatment demographic distribution (unweighted),general_us_adult,study_effect_analytic_profile_distribution_unweighted_largest_remainder,GENDER|race_4|pid_3|age_5|EDUC4|ideo_3,False,500,LEGACY_CACHED_NO_F_MODEL_PROVENANCE,LEGACY_CACHED_NO_F_PROMPT_PROTOCOL_PROVENANCE,LEGACY_CACHED_NO_F_INFERENCE_CONFIG_HASH,,LEGACY_CACHED_NO_EFFECT_SPECIFIC_PANEL_PROVENANCE,,,,Terrorism_likely [hyp4],attitude,3.0,-0.14184802450910006,-0.19999999999999973,-4.728267483636673,-6.666666666666665,True,False,
Silverman1035,Silverman1035:Terrorism_worry:hyp1,Silverman1035 effect-specific empirical human analytic respondent pretreatment demographic distribution (unweighted),general_us_adult,study_effect_analytic_profile_distribution_unweighted_largest_remainder,GENDER|race_4|pid_3|age_5|EDUC4|ideo_3,False,500,LEGACY_CACHED_NO_F_MODEL_PROVENANCE,LEGACY_CACHED_NO_F_PROMPT_PROTOCOL_PROVENANCE,LEGACY_CACHED_NO_F_INFERENCE_CONFIG_HASH,,LEGACY_CACHED_NO_EFFECT_SPECIFIC_PANEL_PROVENANCE,,,,Terrorism_worry [hyp1],attitude,3.0,0.14025088028169286,-0.5308333333333324,4.675029342723091,-17.694444444444418,True,False,
Silverman1035,Silverman1035:Terrorism_worry:hyp2,Silverman1035 effect-specific empirical human analytic respondent pretreatment demographic distribution (unweighted),general_us_adult,study_effect_analytic_profile_distribution_unweighted_largest_remainder,GENDER|race_4|pid_3|age_5|EDUC4|ideo_3,False,500,LEGACY_CACHED_NO_F_MODEL_PROVENANCE,LEGACY_CACHED_NO_F_PROMPT_PROTOCOL_PROVENANCE,LEGACY_CACHED_NO_F_INFERENCE_CONFIG_HASH,,LEGACY_CACHED_NO_EFFECT_SPECIFIC_PANEL_PROVENANCE,,,,Terrorism_worry [hyp2],attitude,3.0,0.05502649051036368,-0.050000000000003375,1.8342163503454523,-1.6666666666667773,True,False,
Silverman1035,Silverman1035:Terrorism_worry:hyp3,Silverman1035 effect-specific empirical human analytic respondent pretreatment demographic distribution (unweighted),general_us_adult,study_effect_analytic_profile_distribution_unweighted_largest_remainder,GENDER|race_4|pid_3|age_5|EDUC4|ideo_3,False,500,LEGACY_CACHED_NO_F_MODEL_PROVENANCE,LEGACY_CACHED_NO_F_PROMPT_PROTOCOL_PROVENANCE,LEGACY_CACHED_NO_F_INFERENCE_CONFIG_HASH,,LEGACY_CACHED_NO_EFFECT_SPECIFIC_PANEL_PROVENANCE,,,,Terrorism_worry [hyp3],attitude,3.0,0.08473071611757987,-0.046666666666669965,2.8243572039193254,-1.5555555555556655,True,False,
Silverman1035,Silverman1035:Terrorism_worry:hyp4,Silverman1035 effect-specific empirical human analytic respondent pretreatment demographic distribution (unweighted),general_us_adult,study_effect_analytic_profile_distribution_unweighted_largest_remainder,GENDER|race_4|pid_3|age_5|EDUC4|ideo_3,False,500,LEGACY_CACHED_NO_F_MODEL_PROVENANCE,LEGACY_CACHED_NO_F_PROMPT_PROTOCOL_PROVENANCE,LEGACY_CACHED_NO_F_INFERENCE_CONFIG_HASH,,LEGACY_CACHED_NO_EFFECT_SPECIFIC_PANEL_PROVENANCE,,,,Terrorism_worry [hyp4],attitude,3.0,0.022941546197359663,-0.05666666666666975,0.7647182065786517,-1.8888888888889899,True,False,
Stoker1063,Stoker1063:Anger:hyp1,Stoker1063 effect-specific empirical human analytic respondent pretreatment demographic distribution (unweighted),general_us_adult,study_effect_analytic_profile_distribution_unweighted_largest_remainder,GENDER|race_4|pid_3|age_5|EDUC4|ideo_3,False,500,LEGACY_CACHED_NO_F_MODEL_PROVENANCE,LEGACY_CACHED_NO_F_PROMPT_PROTOCOL_PROVENANCE,LEGACY_CACHED_NO_F_INFERENCE_CONFIG_HASH,,LEGACY_CACHED_NO_EFFECT_SPECIFIC_PANEL_PROVENANCE,,,,Anger,attitude,6.0,-0.6754271553410716,-1.2066666666666626,-11.257119255684522,-20.11111111111104,True,False,
Stoker1063,Stoker1063:Serious:hyp1,Stoker1063 effect-specific empirical human analytic respondent pretreatment demographic distribution (unweighted),general_us_adult,study_effect_analytic_profile_distribution_unweighted_largest_remainder,GENDER|race_4|pid_3|age_5|EDUC4|ideo_3,False,500,LEGACY_CACHED_NO_F_MODEL_PROVENANCE,LEGACY_CACHED_NO_F_PROMPT_PROTOCOL_PROVENANCE,LEGACY_CACHED_NO_F_INFERENCE_CONFIG_HASH,,LEGACY_CACHED_NO_EFFECT_SPECIFIC_PANEL_PROVENANCE,,,,Serious,attitude,6.0,-0.4785393584983222,-1.078333333333335,-7.975655974972041,-17.972222222222246,True,False,
Stoker1063,Stoker1063:Worry:hyp1,Stoker1063 effect-specific empirical human analytic respondent pretreatment demographic distribution (unweighted),general_us_adult,study_effect_analytic_profile_distribution_unweighted_largest_remainder,GENDER|race_4|pid_3|age_5|EDUC4|ideo_3,False,500,LEGACY_CACHED_NO_F_MODEL_PROVENANCE,LEGACY_CACHED_NO_F_PROMPT_PROTOCOL_PROVENANCE,LEGACY_CACHED_NO_F_INFERENCE_CONFIG_HASH,,LEGACY_CACHED_NO_EFFECT_SPECIFIC_PANEL_PROVENANCE,,,,Worry,attitude,6.0,-0.4732109896573049,-0.7837499999999986,-7.8868498276217505,-13.062499999999977,True,False,
Terman1029,Terman1029:donating to HRAC:hyp1,Terman1029 effect-specific empirical human analytic respondent pretreatment demographic distribution (unweighted),general_us_adult,study_effect_analytic_profile_distribution_unweighted_largest_remainder,GENDER|race_4|pid_3|age_5|EDUC4,False,500,LEGACY_CACHED_NO_F_MODEL_PROVENANCE,LEGACY_CACHED_NO_F_PROMPT_PROTOCOL_PROVENANCE,LEGACY_CACHED_NO_F_INFERENCE_CONFIG_HASH,,LEGACY_CACHED_NO_EFFECT_SPECIFIC_PANEL_PROVENANCE,,,,donating to HRAC [hyp1],binary_behavior,1.0,-0.013438735177866867,-0.04291666666666494,-1.3438735177866867,-4.291666666666494,True,False,
Terman1029,Terman1029:donating to HRAC:hyp2,Terman1029 effect-specific empirical human analytic respondent pretreatment demographic distribution (unweighted),general_us_adult,study_effect_analytic_profile_distribution_unweighted_largest_remainder,GENDER|race_4|pid_3|age_5|EDUC4,False,500,LEGACY_CACHED_NO_F_MODEL_PROVENANCE,LEGACY_CACHED_NO_F_PROMPT_PROTOCOL_PROVENANCE,LEGACY_CACHED_NO_F_INFERENCE_CONFIG_HASH,,LEGACY_CACHED_NO_EFFECT_SPECIFIC_PANEL_PROVENANCE,,,,donating to HRAC [hyp2],binary_behavior,1.0,0.029606980898719826,-0.08833333333333004,2.9606980898719826,-8.833333333333005,True,False,
Terman1029,Terman1029:donating to HRAC:hyp3,Terman1029 effect-specific empirical human analytic respondent pretreatment demographic distribution (unweighted),general_us_adult,study_effect_analytic_profile_distribution_unweighted_largest_remainder,GENDER|race_4|pid_3|age_5|EDUC4,False,500,LEGACY_CACHED_NO_F_MODEL_PROVENANCE,LEGACY_CACHED_NO_F_PROMPT_PROTOCOL_PROVENANCE,LEGACY_CACHED_NO_F_INFERENCE_CONFIG_HASH,,LEGACY_CACHED_NO_EFFECT_SPECIFIC_PANEL_PROVENANCE,,,,donating to HRAC [hyp3],binary_behavior,1.0,-0.011822240168700038,0.02666666666667039,-1.1822240168700038,2.666666666667039,True,False,
Terman1029,Terman1029:naitonalist superiority:hyp1,Terman1029 effect-specific empirical human analytic respondent pretreatment demographic distribution (unweighted),general_us_adult,study_effect_analytic_profile_distribution_unweighted_largest_remainder,GENDER|race_4|pid_3|age_5|EDUC4,False,500,LEGACY_CACHED_NO_F_MODEL_PROVENANCE,LEGACY_CACHED_NO_F_PROMPT_PROTOCOL_PROVENANCE,LEGACY_CACHED_NO_F_INFERENCE_CONFIG_HASH,,LEGACY_CACHED_NO_EFFECT_SPECIFIC_PANEL_PROVENANCE,,,,naitonalist superiority [hyp1],attitude,4.0,0.0505183566808034,-0.17916666666667025,1.262958917020085,-4.479166666666757,True,False,
Terman1029,Terman1029:naitonalist superiority:hyp2,Terman1029 effect-specific empirical human analytic respondent pretreatment demographic distribution (unweighted),general_us_adult,study_effect_analytic_profile_distribution_unweighted_largest_remainder,GENDER|race_4|pid_3|age_5|EDUC4,False,500,LEGACY_CACHED_NO_F_MODEL_PROVENANCE,LEGACY_CACHED_NO_F_PROMPT_PROTOCOL_PROVENANCE,LEGACY_CACHED_NO_F_INFERENCE_CONFIG_HASH,,LEGACY_CACHED_NO_EFFECT_SPECIFIC_PANEL_PROVENANCE,,,,naitonalist superiority [hyp2],attitude,4.0,0.0087653948119093,-0.05666666666665998,0.2191348702977325,-1.4166666666664995,True,False,
Terman1029,Terman1029:naitonalist superiority:hyp3,Terman1029 effect-specific empirical human analytic respondent pretreatment demographic distribution (unweighted),general_us_adult,study_effect_analytic_profile_distribution_unweighted_largest_remainder,GENDER|race_4|pid_3|age_5|EDUC4,False,500,LEGACY_CACHED_NO_F_MODEL_PROVENANCE,LEGACY_CACHED_NO_F_PROMPT_PROTOCOL_PROVENANCE,LEGACY_CACHED_NO_F_INFERENCE_CONFIG_HASH,,LEGACY_CACHED_NO_EFFECT_SPECIFIC_PANEL_PROVENANCE,,,,naitonalist superiority [hyp3],attitude,4.0,-0.10461309523810014,-0.6099999999999999,-2.6153273809525035,-15.249999999999996,True,False,
Terman1029,Terman1029:perception of domestic human rights conditions:hyp1,Terman1029 effect-specific empirical human analytic respondent pretreatment demographic distribution (unweighted),general_us_adult,study_effect_analytic_profile_distribution_unweighted_largest_remainder,GENDER|race_4|pid_3|age_5|EDUC4,False,500,LEGACY_CACHED_NO_F_MODEL_PROVENANCE,LEGACY_CACHED_NO_F_PROMPT_PROTOCOL_PROVENANCE,LEGACY_CACHED_NO_F_INFERENCE_CONFIG_HASH,,LEGACY_CACHED_NO_EFFECT_SPECIFIC_PANEL_PROVENANCE,,,,perception of domestic human rights conditions [hyp1],attitude,4.0,0.07448789240855147,0.022916666666665364,1.8621973102137868,0.5729166666666341,True,False,
Terman1029,Terman1029:perception of domestic human rights conditions:hyp2,Terman1029 effect-specific empirical human analytic respondent pretreatment demographic distribution (unweighted),general_us_adult,study_effect_analytic_profile_distribution_unweighted_largest_remainder,GENDER|race_4|pid_3|age_5|EDUC4,False,500,LEGACY_CACHED_NO_F_MODEL_PROVENANCE,LEGACY_CACHED_NO_F_PROMPT_PROTOCOL_PROVENANCE,LEGACY_CACHED_NO_F_INFERENCE_CONFIG_HASH,,LEGACY_CACHED_NO_EFFECT_SPECIFIC_PANEL_PROVENANCE,,,,perception of domestic human rights conditions [hyp2],attitude,4.0,-0.008583603896099579,-0.0649999999999995,-0.21459009740248947,-1.6249999999999876,True,False,
Terman1029,Terman1029:perception of domestic human rights conditions:hyp3,Terman1029 effect-specific empirical human analytic respondent pretreatment demographic distribution (unweighted),general_us_adult,study_effect_analytic_profile_distribution_unweighted_largest_remainder,GENDER|race_4|pid_3|age_5|EDUC4,False,500,LEGACY_CACHED_NO_F_MODEL_PROVENANCE,LEGACY_CACHED_NO_F_PROMPT_PROTOCOL_PROVENANCE,LEGACY_CACHED_NO_F_INFERENCE_CONFIG_HASH,,LEGACY_CACHED_NO_EFFECT_SPECIFIC_PANEL_PROVENANCE,,,,perception of domestic human rights conditions [hyp3],attitude,4.0,-0.03848003848003989,-0.03333333333334032,-0.9620009620009973,-0.833333333333508,True,False,
WallaceS9,WallaceS9:credibility:hyp1,WallaceS9 effect-specific empirical human analytic respondent pretreatment demographic distribution (unweighted),general_us_adult,study_effect_analytic_profile_distribution_unweighted_largest_remainder,GENDER|race_4|pid_3|age_5|EDUC4|ideo_3,False,500,LEGACY_CACHED_NO_F_MODEL_PROVENANCE,LEGACY_CACHED_NO_F_PROMPT_PROTOCOL_PROVENANCE,LEGACY_CACHED_NO_F_INFERENCE_CONFIG_HASH,,LEGACY_CACHED_NO_EFFECT_SPECIFIC_PANEL_PROVENANCE,,,,credibility,attitude,6.0,1.1748568430178161,-0.6294444444444403,19.580947383630264,-10.490740740740668,True,False,
WallaceS9,WallaceS9:president_approval:hyp1,WallaceS9 effect-specific empirical human analytic respondent pretreatment demographic distribution (unweighted),general_us_adult,study_effect_analytic_profile_distribution_unweighted_largest_remainder,GENDER|race_4|pid_3|age_5|EDUC4|ideo_3,False,500,LEGACY_CACHED_NO_F_MODEL_PROVENANCE,LEGACY_CACHED_NO_F_PROMPT_PROTOCOL_PROVENANCE,LEGACY_CACHED_NO_F_INFERENCE_CONFIG_HASH,,LEGACY_CACHED_NO_EFFECT_SPECIFIC_PANEL_PROVENANCE,,,,president_approval,attitude,6.0,0.9379268657812543,-1.1377777777777762,15.632114429687565,-18.96296296296294,True,False,
Williamson859,Williamson859:Food stamps:hyp1,Williamson859 effect-specific empirical human analytic respondent pretreatment demographic distribution (unweighted),general_us_adult,study_effect_analytic_profile_distribution_unweighted_largest_remainder,GENDER|race_4|pid_3|age_5|EDUC4|ideo_3,False,500,LEGACY_CACHED_NO_F_MODEL_PROVENANCE,LEGACY_CACHED_NO_F_PROMPT_PROTOCOL_PROVENANCE,LEGACY_CACHED_NO_F_INFERENCE_CONFIG_HASH,,LEGACY_CACHED_NO_EFFECT_SPECIFIC_PANEL_PROVENANCE,,,,Food stamps,attitude,2.0,-0.021825396825390087,-0.038333333333340214,-1.0912698412695043,-1.9166666666670107,True,False,
Williamson859,Williamson859:Military:hyp1,Williamson859 effect-specific empirical human analytic respondent pretreatment demographic distribution (unweighted),general_us_adult,study_effect_analytic_profile_distribution_unweighted_largest_remainder,GENDER|race_4|pid_3|age_5|EDUC4|ideo_3,False,500,LEGACY_CACHED_NO_F_MODEL_PROVENANCE,LEGACY_CACHED_NO_F_PROMPT_PROTOCOL_PROVENANCE,LEGACY_CACHED_NO_F_INFERENCE_CONFIG_HASH,,LEGACY_CACHED_NO_EFFECT_SPECIFIC_PANEL_PROVENANCE,,,,Military,attitude,2.0,0.025462305531890106,-0.12500000000000044,1.2731152765945053,-6.250000000000022,True,False,
Williamson859,Williamson859:Social Security:hyp1,Williamson859 effect-specific empirical human analytic respondent pretreatment demographic distribution (unweighted),general_us_adult,study_effect_analytic_profile_distribution_unweighted_largest_remainder,GENDER|race_4|pid_3|age_5|EDUC4|ideo_3,False,500,LEGACY_CACHED_NO_F_MODEL_PROVENANCE,LEGACY_CACHED_NO_F_PROMPT_PROTOCOL_PROVENANCE,LEGACY_CACHED_NO_F_INFERENCE_CONFIG_HASH,,LEGACY_CACHED_NO_EFFECT_SPECIFIC_PANEL_PROVENANCE,,,,Social Security,attitude,2.0,-0.009353778320180028,-0.046666666666669965,-0.4676889160090014,-2.3333333333334982,True,False,
berganS20,berganS20:support:hyp1,secondary archive population not established as general U.S. adults,secondary_population_sensitivity,not_matched,,False,240,,,,,,,,,support,attitude,6.0,0.24454658385092998,0.56666666666667,4.075776397515502,9.4444444444445,False,True,target population not transport-compatible
bolsenM6,bolsenM6:Providing Personal Pronouns:hyp1,bolsenM6 effect-specific empirical human analytic respondent pretreatment demographic distribution (unweighted),general_us_adult,study_effect_analytic_profile_distribution_unweighted_largest_remainder,GENDER|race_4|pid_3|age_5|EDUC4|ideo_3,False,500,LEGACY_CACHED_NO_F_MODEL_PROVENANCE,LEGACY_CACHED_NO_F_PROMPT_PROTOCOL_PROVENANCE,LEGACY_CACHED_NO_F_INFERENCE_CONFIG_HASH,,LEGACY_CACHED_NO_EFFECT_SPECIFIC_PANEL_PROVENANCE,,,,Providing Personal Pronouns [hyp1],attitude,6.0,0.031347580484860416,-0.09499999999999975,0.5224596747476662,-1.5833333333333255,True,False,
bolsenM6,bolsenM6:Providing Personal Pronouns:hyp2,bolsenM6 effect-specific empirical human analytic respondent pretreatment demographic distribution (unweighted),general_us_adult,study_effect_analytic_profile_distribution_unweighted_largest_remainder,GENDER|race_4|pid_3|age_5|EDUC4|ideo_3,False,500,LEGACY_CACHED_NO_F_MODEL_PROVENANCE,LEGACY_CACHED_NO_F_PROMPT_PROTOCOL_PROVENANCE,LEGACY_CACHED_NO_F_INFERENCE_CONFIG_HASH,,LEGACY_CACHED_NO_EFFECT_SPECIFIC_PANEL_PROVENANCE,,,,Providing Personal Pronouns [hyp2],attitude,6.0,0.4440424921045105,-0.47333333333333005,7.400708201741835,-7.888888888888834,True,False,
bolsenM6,bolsenM6:Providing Personal Pronouns:hyp3,bolsenM6 effect-specific empirical human analytic respondent pretreatment demographic distribution (unweighted),general_us_adult,study_effect_analytic_profile_distribution_unweighted_largest_remainder,GENDER|race_4|pid_3|age_5|EDUC4|ideo_3,False,500,LEGACY_CACHED_NO_F_MODEL_PROVENANCE,LEGACY_CACHED_NO_F_PROMPT_PROTOCOL_PROVENANCE,LEGACY_CACHED_NO_F_INFERENCE_CONFIG_HASH,,LEGACY_CACHED_NO_EFFECT_SPECIFIC_PANEL_PROVENANCE,,,,Providing Personal Pronouns [hyp3],attitude,6.0,0.09452949502032038,-0.42333333333332934,1.5754915836720063,-7.055555555555482,True,False,
bolsenM6,bolsenM6:They/Them Pronouns in Forms:hyp1,bolsenM6 effect-specific empirical human analytic respondent pretreatment demographic distribution (unweighted),general_us_adult,study_effect_analytic_profile_distribution_unweighted_largest_remainder,GENDER|race_4|pid_3|age_5|EDUC4|ideo_3,False,500,LEGACY_CACHED_NO_F_MODEL_PROVENANCE,LEGACY_CACHED_NO_F_PROMPT_PROTOCOL_PROVENANCE,LEGACY_CACHED_NO_F_INFERENCE_CONFIG_HASH,,LEGACY_CACHED_NO_EFFECT_SPECIFIC_PANEL_PROVENANCE,,,,They/Them Pronouns in Forms [hyp1],attitude,6.0,0.01920795254129004,-0.038333333333330444,0.320132542354834,-0.6388888888888444,True,False,
bolsenM6,bolsenM6:They/Them Pronouns in Forms:hyp2,bolsenM6 effect-specific empirical human analytic respondent pretreatment demographic distribution (unweighted),general_us_adult,study_effect_analytic_profile_distribution_unweighted_largest_remainder,GENDER|race_4|pid_3|age_5|EDUC4|ideo_3,False,500,LEGACY_CACHED_NO_F_MODEL_PROVENANCE,LEGACY_CACHED_NO_F_PROMPT_PROTOCOL_PROVENANCE,LEGACY_CACHED_NO_F_INFERENCE_CONFIG_HASH,,LEGACY_CACHED_NO_EFFECT_SPECIFIC_PANEL_PROVENANCE,,,,They/Them Pronouns in Forms [hyp2],attitude,6.0,0.1895783229116601,-0.48166666666667,3.1596387151943297,-8.027777777777834,True,False,
bolsenM6,bolsenM6:They/Them Pronouns in Forms:hyp3,bolsenM6 effect-specific empirical human analytic respondent pretreatment demographic distribution (unweighted),general_us_adult,study_effect_analytic_profile_distribution_unweighted_largest_remainder,GENDER|race_4|pid_3|age_5|EDUC4|ideo_3,False,500,LEGACY_CACHED_NO_F_MODEL_PROVENANCE,LEGACY_CACHED_NO_F_PROMPT_PROTOCOL_PROVENANCE,LEGACY_CACHED_NO_F_INFERENCE_CONFIG_HASH,,LEGACY_CACHED_NO_EFFECT_SPECIFIC_PANEL_PROVENANCE,,,,They/Them Pronouns in Forms [hyp3],attitude,6.0,-0.12686810676760008,-0.31666666666667,-2.1144684461266716,-5.277777777777837,True,False,
bolsenM6,bolsenM6:Using They/Them Pronouns:hyp1,bolsenM6 effect-specific empirical human analytic respondent pretreatment demographic distribution (unweighted),general_us_adult,study_effect_analytic_profile_distribution_unweighted_largest_remainder,GENDER|race_4|pid_3|age_5|EDUC4|ideo_3,False,500,LEGACY_CACHED_NO_F_MODEL_PROVENANCE,LEGACY_CACHED_NO_F_PROMPT_PROTOCOL_PROVENANCE,LEGACY_CACHED_NO_F_INFERENCE_CONFIG_HASH,,LEGACY_CACHED_NO_EFFECT_SPECIFIC_PANEL_PROVENANCE,,,,Using They/Them Pronouns [hyp1],attitude,6.0,-0.029144911957410535,0.12333333333332952,-0.4857485326235089,2.0555555555554883,True,False,
bolsenM6,bolsenM6:Using They/Them Pronouns:hyp2,bolsenM6 effect-specific empirical human analytic respondent pretreatment demographic distribution (unweighted),general_us_adult,study_effect_analytic_profile_distribution_unweighted_largest_remainder,GENDER|race_4|pid_3|age_5|EDUC4|ideo_3,False,500,LEGACY_CACHED_NO_F_MODEL_PROVENANCE,LEGACY_CACHED_NO_F_PROMPT_PROTOCOL_PROVENANCE,LEGACY_CACHED_NO_F_INFERENCE_CONFIG_HASH,,LEGACY_CACHED_NO_EFFECT_SPECIFIC_PANEL_PROVENANCE,,,,Using They/Them Pronouns [hyp2],attitude,6.0,-0.02953317901234076,-0.41333333333333044,-0.49221965020568303,-6.888888888888845,True,False,
bolsenM6,bolsenM6:Using They/Them Pronouns:hyp3,bolsenM6 effect-specific empirical human analytic respondent pretreatment demographic distribution (unweighted),general_us_adult,study_effect_analytic_profile_distribution_unweighted_largest_remainder,GENDER|race_4|pid_3|age_5|EDUC4|ideo_3,False,500,LEGACY_CACHED_NO_F_MODEL_PROVENANCE,LEGACY_CACHED_NO_F_PROMPT_PROTOCOL_PROVENANCE,LEGACY_CACHED_NO_F_INFERENCE_CONFIG_HASH,,LEGACY_CACHED_NO_EFFECT_SPECIFIC_PANEL_PROVENANCE,,,,Using They/Them Pronouns [hyp3],attitude,6.0,-0.04097309463986054,-0.1866666666666701,-0.6828849106643498,-3.1111111111111756,True,False,
brandtS1,brandtS1:coppock_dv_name:hyp1,secondary archive population not established as general U.S. adults,secondary_population_sensitivity,not_matched,,False,240,,,,,,,,,coppock_dv_name,attitude,6.0,-0.9644435825912296,-2.2466666666666604,-16.074059709853827,-37.44444444444434,False,True,target population not transport-compatible
bucci1408,bucci1408:Rewarding:hyp1,bucci1408 effect-specific empirical human analytic respondent pretreatment demographic distribution (unweighted),general_us_adult,study_effect_analytic_profile_distribution_unweighted_largest_remainder,GENDER|race_4|age_5|EDUC4,False,500,LEGACY_CACHED_NO_F_MODEL_PROVENANCE,LEGACY_CACHED_NO_F_PROMPT_PROTOCOL_PROVENANCE,LEGACY_CACHED_NO_F_INFERENCE_CONFIG_HASH,,LEGACY_CACHED_NO_EFFECT_SPECIFIC_PANEL_PROVENANCE,,,,Rewarding,attitude,100.0,2.5580679362231997,1.1950000000000003,2.5580679362232015,1.194999999999999,True,False,
caprarielloS2,caprarielloS2:coppock_dv_name:hyp1,secondary archive population not established as general U.S. adults,secondary_population_sensitivity,not_matched,,False,240,,,,,,,,,coppock_dv_name,attitude,4.0,-0.16856391674008986,-0.04333333333333966,-4.2140979185022465,-1.0833333333334916,False,True,target population not transport-compatible
converseS16,converseS16:coppock_dv_name:hyp1,secondary archive population not established as general U.S. adults,secondary_population_sensitivity,not_matched,,False,240,,,,,,,,,coppock_dv_name,attitude,6.0,0.3735398089366804,-0.06166666666666032,6.22566348227801,-1.027777777777672,False,True,target population not transport-compatible
death_penalty,death_penalty:Favor Death Penalty:hyp1,secondary archive population not established as general U.S. adults,secondary_population_sensitivity,not_matched,,False,240,,,,,,,,,Favor Death Penalty,attitude,3.0,-0.18599470134873997,0.04333333333332989,-6.19982337829133,1.4444444444443316,False,True,target population not transport-compatible
dennyS17,dennyS17:hardworking:hyp1,secondary archive population not established as general U.S. adults,secondary_population_sensitivity,not_matched,,False,240,,,,,,,,,hardworking,attitude,4.0,0.14406241495056005,0.04166666666665986,3.601560373764001,1.0416666666664964,False,True,target population not transport-compatible
flavinS4,flavinS4:coppock_dv_name:hyp1,secondary archive population not established as general U.S. adults,secondary_population_sensitivity,not_matched,,False,240,,,,,,,,,coppock_dv_name,attitude,4.0,-0.54509195036589,-0.44999999999999996,-13.62729875914725,-11.249999999999998,False,True,target population not transport-compatible
gashS5,gashS5:coppock_dv_name:hyp1,secondary archive population not established as general U.S. adults,secondary_population_sensitivity,not_matched,,False,240,,,,,,,,,coppock_dv_name,attitude,3.0,-0.5532009265191402,-0.04499999999999993,-18.440030883971335,-1.4999999999999958,False,True,target population not transport-compatible
immigration,immigration:Support for Immigration:hyp1,secondary archive population not established as general U.S. adults,secondary_population_sensitivity,not_matched,,False,240,,,,,,,,,Support for Immigration,attitude,4.0,0.3283142889512902,0.7549999999999999,8.207857223782256,18.874999999999996,False,True,target population not transport-compatible
jacobsenS7,jacobsenS7:coppock_dv_name:hyp1,secondary archive population not established as general U.S. adults,secondary_population_sensitivity,not_matched,,False,240,,,,,,,,,coppock_dv_name,attitude,6.0,0.7249113859492597,-0.32166666666667076,12.081856432487658,-5.3611111111111835,False,True,target population not transport-compatible
melloS6,melloS6:coppock_dv_name:hyp1,secondary archive population not established as general U.S. adults,secondary_population_sensitivity,not_matched,,False,240,,,,,,,,,coppock_dv_name,attitude,3.0,-0.4154825730720102,-1.2766666666666704,-13.84941910240034,-42.55555555555568,False,True,target population not transport-compatible
parmerS15,parmerS15:coppock_dv_name:hyp1,secondary archive population not established as general U.S. adults,secondary_population_sensitivity,not_matched,,False,240,,,,,,,,,coppock_dv_name,binary_behavior,1.0,-0.011590134656506046,0.0016666666666671492,-1.1590134656506046,0.16666666666671492,False,True,target population not transport-compatible
patriot_act,patriot_act:Patriot Act Support:hyp1,secondary archive population not established as general U.S. adults,secondary_population_sensitivity,not_matched,,False,240,,,,,,,,,Patriot Act Support,attitude,6.0,1.1778074173831898,1.6283333333333307,19.63012362305317,27.13888888888885,False,True,target population not transport-compatible
pedullaS18,pedullaS18:hiring recommendation:hyp1,secondary archive population not established as general U.S. adults,secondary_population_sensitivity,not_matched,,False,240,,,,,,,,,hiring recommendation,binary_behavior,1.0,0.014409011879106148,-0.0066666666666659324,1.4409011879106148,-0.6666666666665932,False,True,target population not transport-compatible
piazzaS8,piazzaS8:coppock_dv_name:hyp1,secondary archive population not established as general U.S. adults,secondary_population_sensitivity,not_matched,,False,240,,,,,,,,,coppock_dv_name,attitude,4.0,-0.029459379615950354,-0.15333333333333998,-0.7364844903987589,-3.8333333333334996,False,True,target population not transport-compatible
shaferS9,shaferS9:coppock_dv_name:hyp1,secondary archive population not established as general U.S. adults,secondary_population_sensitivity,not_matched,,False,240,,,,,,,,,coppock_dv_name,attitude,4.0,-0.052206461780929914,-0.0349999999999997,-1.3051615445232478,-0.8749999999999925,False,True,target population not transport-compatible
system_threat,system_threat:Way of Life:hyp1,secondary archive population not established as general U.S. adults,secondary_population_sensitivity,not_matched,,False,240,,,,,,,,,Way of Life,attitude,4.0,-0.17198259074254008,0.07166666666666988,-4.299564768563502,1.791666666666747,False,True,target population not transport-compatible
thompsonS10,thompsonS10:coppock_dv_name:hyp1,secondary archive population not established as general U.S. adults,secondary_population_sensitivity,not_matched,,False,240,,,,,,,,,coppock_dv_name,attitude,6.0,-0.09835716650637938,-0.5999999999999996,-1.6392861084396526,-9.999999999999998,False,True,target population not transport-compatible
turagaS11,turagaS11:coppock_dv_name:hyp1,secondary archive population not established as general U.S. adults,secondary_population_sensitivity,not_matched,,False,240,,,,,,,,,coppock_dv_name,attitude,4.0,0.22631897595571004,0.07666666666666,5.657974398892751,1.9166666666665,False,True,target population not transport-compatible
wallaceS12,wallaceS12:coppock_dv_name:hyp1,secondary archive population not established as general U.S. adults,secondary_population_sensitivity,not_matched,,False,240,,,,,,,,,coppock_dv_name,attitude,4.0,-0.9395204766859,-1.9016666666666597,-23.4880119171475,-47.541666666666494,False,True,target population not transport-compatible
willer845,willer845:SupportClinton:hyp1,secondary archive population not established as general U.S. adults,secondary_population_sensitivity,not_matched,,False,,,,,,,,,,SupportClinton,,,,,,,False,True,no_llm_match
willer845,willer845:SupportTrump:hyp1,secondary archive population not established as general U.S. adults,secondary_population_sensitivity,not_matched,,False,,,,,,,,,,SupportTrump,,,,,,,False,True,no_llm_match
willer845,willer845:SupportTrump:hyp2,secondary archive population not established as general U.S. adults,secondary_population_sensitivity,not_matched,,False,,,,,,,,,,SupportTrump,,,,,,,False,True,no_llm_match
willer845,willer845:race_threat:hyp1,secondary archive population not established as general U.S. adults,secondary_population_sensitivity,not_matched,,False,,,,,,,,,,race_threat,,,,,,,False,True,no_llm_match
