request_key,role,study_id,profile_id,condition_id,outcome_id,replicate_id,requested_model,prompt_hash,schema_version,prompt_protocol_id,prompt_compiler_version,seed,status,required_fields,response_key_map,request_stage,consensus_interaction_protocol_id,consensus_stage_a_request_key,consensus_stage_a_prompt_hash,consensus_stage_a_schema_hash,consensus_feedback_hash,custom_id,parsed_output
G|LP0001|Consensus|stage_a|replicate_1,G,target,LP0001,Consensus,consensus_stage_a_estimates,1,Qwen/Qwen3.8-2.4T-A95B,02fbcef87b3eb719f6cd153b24c9defa9e20a12518079abe9542b6091cc45ecd,675efa1486e53a4914248132dda701b834c9e26599d8c4c4d7b41db57bfcf2b0,consensus_two_stage_interactive_adaptation_v1,prompt_compiler_v2_split_g_f,1077939037,success,Q001|Q002|Q003,"{""Q001"": ""consensus_estimate_human_primary_cause"", ""Q002"": ""consensus_estimate_co2_warms_planet"", ""Q003"": ""consensus_estimate_net_zero_before_2085""}",consensus_stage_a,consensus_two_stage_interactive_adaptation_v1,G|LP0001|Consensus|stage_a|replicate_1,02fbcef87b3eb719f6cd153b24c9defa9e20a12518079abe9542b6091cc45ecd,675efa1486e53a4914248132dda701b834c9e26599d8c4c4d7b41db57bfcf2b0,,Qwen-Qwen3-8-2-4T-A95B-94e4f4e7ee7b9e91155bcf942d1f1d2412045a56,"{""consensus_estimate_co2_warms_planet"": 75, ""consensus_estimate_human_primary_cause"": 60, ""consensus_estimate_net_zero_before_2085"": 35}"
F|target|F0001|control|trust_post|replicate_1,F,target,F0001,control,trust_post,1,Qwen/Qwen3.8-2.4T-A95B,3a881532f598e8b1b63b5b845d8eed4296f61611cecad0536e6d36496a4a1b7e,d29ad2f126ee4a74415d3a7edcaf4da97941d2fe638985dbab28b1503afadf7a,ashokkumar_experiment_forecast_adapted_v1,prompt_compiler_v2_split_g_f,917428843,success,trust_post_1,"{""trust_post_1"": ""trust_post""}",standard,,F|target|F0001|control|trust_post|replicate_1,,,,Qwen-Qwen3-8-2-4T-A95B-d8263b4a1a3372dd13d732fbfca113c6b48f6681,"{""trust_post"": 45}"
F|target|F0001|Funding|trust_post|replicate_1,F,target,F0001,Funding,trust_post,1,Qwen/Qwen3.8-2.4T-A95B,ac11498bfb632e420d1430c5643060ae5e49d4c237a6ef44abc4eb8eeab18c7a,d29ad2f126ee4a74415d3a7edcaf4da97941d2fe638985dbab28b1503afadf7a,ashokkumar_experiment_forecast_adapted_v1,prompt_compiler_v2_split_g_f,49056868,success,trust_post_1,"{""trust_post_1"": ""trust_post""}",standard,,F|target|F0001|Funding|trust_post|replicate_1,,,,Qwen-Qwen3-8-2-4T-A95B-02b90c887c3c78afbb42a662d823f2d3d41c81ec,"{""trust_post"": 52}"
F|target|F0001|control|newsletter_signup|replicate_1,F,target,F0001,control,newsletter_signup,1,Qwen/Qwen3.8-2.4T-A95B,9b144fbaad45792c4e54d537d09cb1300106ac933fc95c522c3ae0a13aa68a7b,4b6b8993ef74bd8e53209a244498caba32ac0e2f12c547b8695595399f80ea07,ashokkumar_experiment_forecast_adapted_v1,prompt_compiler_v2_split_g_f,351133923,success,newsletter,"{""newsletter"": ""newsletter_signup""}",standard,,F|target|F0001|control|newsletter_signup|replicate_1,,,,Qwen-Qwen3-8-2-4T-A95B-15b0caa72e3fe7e0fb1e4776e81b87bdeed45709,"{""newsletter_signup"": 0}"
F|target|F0001|Corporate reliance|newsletter_signup|replicate_1,F,target,F0001,Corporate reliance,newsletter_signup,1,Qwen/Qwen3.8-2.4T-A95B,fd240ac3c1c496880700abdf4a86b5b984e91c99b49d2f95f94cae1251216c93,4b6b8993ef74bd8e53209a244498caba32ac0e2f12c547b8695595399f80ea07,ashokkumar_experiment_forecast_adapted_v1,prompt_compiler_v2_split_g_f,1922413291,success,newsletter,"{""newsletter"": ""newsletter_signup""}",standard,,F|target|F0001|Corporate reliance|newsletter_signup|replicate_1,,,,Qwen-Qwen3-8-2-4T-A95B-0a4968ba81cd3883616e78a5074295441a83c09a,"{""newsletter_signup"": 0}"
F|target|F0001|control|belief_post|replicate_1,F,target,F0001,control,belief_post,1,Qwen/Qwen3.8-2.4T-A95B,12f1ad31fe023870fe1c0abd13ab2df6e9cba1909185840b5247f45f66f95710,c6cd4ea417b0f21de505645457e277e422387fb38f012e29fca3d65957bc4a0f,ashokkumar_experiment_forecast_adapted_v1,prompt_compiler_v2_split_g_f,1327170421,success,belief_post_1,"{""belief_post_1"": ""belief_post""}",standard,,F|target|F0001|control|belief_post|replicate_1,,,,Qwen-Qwen3-8-2-4T-A95B-04b7ef7355ea9977be353d04911157a9aad6b688,"{""belief_post"": 58}"
F|target|F0001|Consensus|stage_a|replicate_1,F,target,F0001,Consensus,consensus_stage_a_estimates,1,Qwen/Qwen3.8-2.4T-A95B,6cda0c3aad7a7ca72dc96c515be36622e61d95e758ee2449bac92cf26b0d876a,675efa1486e53a4914248132dda701b834c9e26599d8c4c4d7b41db57bfcf2b0,consensus_two_stage_interactive_adaptation_v1,prompt_compiler_v2_split_g_f,424558762,success,Q001|Q002|Q003,"{""Q001"": ""consensus_estimate_co2_warms_planet"", ""Q002"": ""consensus_estimate_net_zero_before_2085"", ""Q003"": ""consensus_estimate_human_primary_cause""}",consensus_stage_a,consensus_two_stage_interactive_adaptation_v1,F|target|F0001|Consensus|stage_a|replicate_1,6cda0c3aad7a7ca72dc96c515be36622e61d95e758ee2449bac92cf26b0d876a,675efa1486e53a4914248132dda701b834c9e26599d8c4c4d7b41db57bfcf2b0,,Qwen-Qwen3-8-2-4T-A95B-7289d73aee5928f3e2853687c078a31801d26abd,"{""consensus_estimate_co2_warms_planet"": 80, ""consensus_estimate_human_primary_cause"": 68, ""consensus_estimate_net_zero_before_2085"": 45}"
F|AnsonBRIEF60|AnsonBRIEF60__9db762e4cca15f5f__F004|control|AnsonBRIEF60:economy_positivity:hyp1|replicate_1,F,AnsonBRIEF60,AnsonBRIEF60__9db762e4cca15f5f__F004,control,AnsonBRIEF60:economy_positivity:hyp1,1,Qwen/Qwen3.8-2.4T-A95B,8f07ef06d31ed764230f3d4f15f9f08dd319a65ad2136ffe19fce745f1bf9ea1,2ad57256e73fda256d69c653aa659b8286f1598c7ae14f6715000d01cb37b6e1,ashokkumar_experiment_forecast_adapted_v1,prompt_compiler_v2_split_g_f,1844003683,success,response,"{""response"": ""response""}",standard,,F|AnsonBRIEF60|AnsonBRIEF60__9db762e4cca15f5f__F004|control|AnsonBRIEF60:economy_positivity:hyp1|replicate_1,,,,Qwen-Qwen3-8-2-4T-A95B-8287dfecfa7bbca5233fa727375a2e67aff2acaf,"{""response"": 3}"
F|AnsonBRIEF60|AnsonBRIEF60__9db762e4cca15f5f__F004|treatment|AnsonBRIEF60:economy_positivity:hyp1|replicate_1,F,AnsonBRIEF60,AnsonBRIEF60__9db762e4cca15f5f__F004,treatment,AnsonBRIEF60:economy_positivity:hyp1,1,Qwen/Qwen3.8-2.4T-A95B,71ed957bbefc7aec59cce5668891a600b9a09ae3b42c9fd04789c1a590fec7d2,2ad57256e73fda256d69c653aa659b8286f1598c7ae14f6715000d01cb37b6e1,ashokkumar_experiment_forecast_adapted_v1,prompt_compiler_v2_split_g_f,553213272,success,response,"{""response"": ""response""}",standard,,F|AnsonBRIEF60|AnsonBRIEF60__9db762e4cca15f5f__F004|treatment|AnsonBRIEF60:economy_positivity:hyp1|replicate_1,,,,Qwen-Qwen3-8-2-4T-A95B-fb8e60f23c7b2291cdf31e382019374ab699bff9,"{""response"": 4}"
