held_out_study_id,effect_index,model_name,alpha_train,lambda_train,synthetic_effect_pp,human_effect_pp,predicted_human_effect_pp,squared_error
AnsonBRIEF60,0,M0,0.0,1.0,2.6999999999999913,-3.806216931216999,2.6999999999999913,42.330858756054624
AnsonBRIEF60,1,M0,0.0,1.0,24.9,0.2996031746032468,24.9,605.1795239669905
AnsonBRIEF60,0,M1,0.0,-0.25955350534837607,2.6999999999999913,-3.806216931216999,-0.7007944644406131,9.643648697159534
AnsonBRIEF60,1,M1,0.0,-0.25955350534837607,24.9,0.2996031746032468,-6.462882283174563,45.73120956665636
AnsonBRIEF60,0,M2,1.4312172717063372,-0.24821040544556394,2.6999999999999913,-3.806216931216999,0.7610491770033166,20.859919703297948
AnsonBRIEF60,1,M2,1.4312172717063372,-0.24821040544556394,24.9,0.2996031746032468,-4.749221823888204,25.4906338653922
Blair1131,2,M0,0.0,1.0,-0.33333333333333365,-3.174603174603185,-0.33333333333333365,8.072814310909608
Blair1131,3,M0,0.0,1.0,-4.3,2.787226001511778,-4.3,50.22877239650462
Blair1131,2,M1,0.0,-0.25140395641569213,-0.33333333333333365,-3.174603174603185,0.08380131880523078,10.617199842664157
Blair1131,3,M1,0.0,-0.25140395641569213,-4.3,2.787226001511778,1.0810370125874762,2.9110808659265306
Blair1131,2,M2,1.52527431732024,-0.24208865486309333,-0.33333333333333365,-3.174603174603185,1.605970535607938,22.853884998761743
Blair1131,3,M2,1.52527431732024,-0.24208865486309333,-4.3,2.787226001511778,2.5662555332315415,0.048827947851986894
Braman751,4,M0,0.0,1.0,-4.633333333333334,4.0888503557992895,-4.633333333333334,76.07648830697119
Braman751,5,M0,0.0,1.0,-14.9,9.67123038848394,-14.9,603.7453628039566
Braman751,6,M0,0.0,1.0,3.119999999999994,4.400242939568855,3.119999999999994,1.6390219843159188
Braman751,7,M0,0.0,1.0,35.07014028056113,3.760822510822393,35.07014028056113,980.2733792064776
Braman751,8,M0,0.0,1.0,32.00000000000001,8.059764309764294,32.00000000000001,573.1348849040359
Braman751,4,M1,0.0,-0.2696831388340192,-4.633333333333334,4.0888503557992895,1.2495318765976222,8.061729426336068
Braman751,5,M1,0.0,-0.2696831388340192,-14.9,9.67123038848394,4.018278768626886,31.955862016444485
Braman751,6,M1,0.0,-0.2696831388340192,3.119999999999994,4.400242939568855,-0.8414113931621382,27.474940143837596
Braman751,7,M1,0.0,-0.2696831388340192,35.07014028056113,3.760822510822393,-9.457825510211094,174.73265550397255
Braman751,8,M1,0.0,-0.2696831388340192,32.00000000000001,8.059764309764294,-8.629860442688615,278.54357437768874
Braman751,4,M2,1.1722707319486891,-0.26065586495962595,-4.633333333333334,4.0888503557992895,2.3799762395949564,2.9202507450331403
Braman751,5,M2,1.1722707319486891,-0.26065586495962595,-14.9,9.67123038848394,5.056043119847116,21.299953524587423
Braman751,6,M2,1.1722707319486891,-0.26065586495962595,3.119999999999994,4.400242939568855,0.3590244332746577,16.331447015614703
Braman751,7,M2,1.1722707319486891,-0.26065586495962595,35.07014028056113,3.760822510822393,-7.968967017136389,137.58796237021153
Braman751,8,M2,1.1722707319486891,-0.26065586495962595,32.00000000000001,8.059764309764294,-7.168716946759343,231.90664138029172
CalarcoS38,9,M0,0.0,1.0,-83.65,52.23890532544375,-83.65,18465.794590547423
CalarcoS38,10,M0,0.0,1.0,-84.05,44.20512820512816,-84.05,16449.37791091386
CalarcoS38,11,M0,0.0,1.0,-5.149999999999999,-1.670517149457984,-5.149999999999999,12.106800907215984
CalarcoS38,9,M1,0.0,0.022664993054126396,-83.65,52.23890532544375,-1.895926668977673,2930.5800350642335
CalarcoS38,10,M1,0.0,0.022664993054126396,-84.05,44.20512820512816,-1.9049926661993235,2126.143246768431
CalarcoS38,11,M1,0.0,0.022664993054126396,-5.149999999999999,-1.670517149457984,-0.1167247142287509,2.4142709317755906
CalarcoS38,9,M2,0.9735412288136195,0.023892177913364773,-83.65,52.23890532544375,-1.025039453639344,2837.0478134292134
CalarcoS38,10,M2,0.9735412288136195,0.023892177913364773,-84.05,44.20512820512816,-1.0345963248046894,2046.632675544208
CalarcoS38,11,M2,0.9735412288136195,0.023892177913364773,-5.149999999999999,-1.670517149457984,0.850496512559791,6.355509884080271
Campbell1308,12,M0,0.0,1.0,6.199999999999992,0.7394481635415229,6.199999999999992,29.81762635864996
Campbell1308,13,M0,0.0,1.0,-1.1399999999999988,-1.4713170880159776,-1.1399999999999988,0.10977101281138785
Campbell1308,14,M0,0.0,1.0,6.000000000000001,-2.0877629986595982,6.000000000000001,65.41191032248732
Campbell1308,12,M1,0.0,-0.2521296785081765,6.199999999999992,0.7394481635415229,-1.5632040067506925,5.302207017351448
Campbell1308,13,M1,0.0,-0.2521296785081765,-1.1399999999999988,-1.4713170880159776,0.28742783349932094,3.093183698955854
Campbell1308,14,M1,0.0,-0.2521296785081765,6.000000000000001,-2.0877629986595982,-1.5127780710490595,0.3306076669792965
Campbell1308,12,M2,1.5017736192591224,-0.2420574533993875,6.199999999999992,0.7394481635415229,0.0010174081829217307,0.5452799804594742
Campbell1308,13,M2,1.5017736192591224,-0.2420574533993875,-1.1399999999999988,-1.4713170880159776,1.777719116134424,10.556236255880052
Campbell1308,14,M2,1.5017736192591224,-0.2420574533993875,6.000000000000001,-2.0877629986595982,0.04942889886279733,4.567589206835378
Cohen1099,15,M0,0.0,1.0,0.0,-2.004065579566061,0.0,4.016278847201453
Cohen1099,16,M0,0.0,1.0,0.0,1.9744013212221407,0.0,3.898260577243735
Cohen1099,17,M0,0.0,1.0,0.0,-0.4993380998519148,0.0,0.24933853796372082
Cohen1099,18,M0,0.0,1.0,0.0,10.484057027454918,0.0,109.91545175492686
Cohen1099,19,M0,0.0,1.0,0.0,-2.550153009180567,0.0,6.503280370232701
Cohen1099,15,M1,0.0,-0.25171035067920183,0.0,-2.004065579566061,0.0,4.016278847201453
Cohen1099,16,M1,0.0,-0.25171035067920183,0.0,1.9744013212221407,0.0,3.898260577243735
Cohen1099,17,M1,0.0,-0.25171035067920183,0.0,-0.4993380998519148,0.0,0.24933853796372082
Cohen1099,18,M1,0.0,-0.25171035067920183,0.0,10.484057027454918,0.0,109.91545175492686
Cohen1099,19,M1,0.0,-0.25171035067920183,0.0,-2.550153009180567,0.0,6.503280370232701
Cohen1099,15,M2,1.4497973706185592,-0.2425348004778824,0.0,-2.004065579566061,1.4497973706185592,11.929169278658009
Cohen1099,16,M2,1.4497973706185592,-0.2425348004778824,0.0,1.9744013212221407,1.4497973706185592,0.275209304988885
Cohen1099,17,M2,1.4497973706185592,-0.2425348004778824,0.0,-0.4993380998519148,1.4497973706185592,3.799129082246156
Cohen1099,18,M2,1.4497973706185592,-0.2425348004778824,0.0,10.484057027454918,1.4497973706185592,81.617847547141
Cohen1099,19,M2,1.4497973706185592,-0.2425348004778824,0.0,-2.550153009180567,1.4497973706185592,15.999603040855172
CorstangeBRIEF69,20,M0,0.0,1.0,-0.44999999999999485,-0.0430539609645008,-0.44999999999999485,0.16560507868667784
CorstangeBRIEF69,21,M0,0.0,1.0,-0.10000000000000009,2.724358974358998,-0.10000000000000009,7.977003616042212
CorstangeBRIEF69,20,M1,0.0,-0.2517005676335267,-0.44999999999999485,-0.0430539609645008,0.11326525543508573,0.024435697415780756
CorstangeBRIEF69,21,M1,0.0,-0.2517005676335267,-0.10000000000000009,2.724358974358998,0.025170056763352693,7.285620812871151
CorstangeBRIEF69,20,M2,1.4567292152491278,-0.24252032554301656,-0.44999999999999485,-0.0430539609645008,1.565863361743484,2.58861495130983
CorstangeBRIEF69,21,M2,1.4567292152491278,-0.24252032554301656,-0.10000000000000009,2.724358974358998,1.4809812478034294,1.5459881708944943
Enos700,22,M0,0.0,1.0,-3.7000000000000033,7.022022948282169,-3.7000000000000033,114.96177610348951
Enos700,22,M1,0.0,-0.2494980240951908,-3.7000000000000033,7.022022948282169,0.9231426891522069,37.19634041520516
Enos700,22,M2,1.2965964879994842,-0.24175199438082076,-3.7000000000000033,7.022022948282169,2.191078867208522,23.338020714460505
FaheyS78,23,M0,0.0,1.0,-0.49999999999998934,1.3635320185244604,-0.49999999999998934,3.47275158406581
FaheyS78,23,M1,0.0,-0.25164967909690217,-0.49999999999998934,1.3635320185244604,0.1258248395484484,1.5319190608887576
FaheyS78,23,M2,1.4578406901205243,-0.24249446192153432,-0.49999999999998934,1.3635320185244604,1.579087921081289,0.04646434712708897
FarrowS6,24,M0,0.0,1.0,-0.29999999999999655,-0.8282276280150103,-0.29999999999999655,0.27902442699836777
FarrowS6,24,M1,0.0,-0.251736931375353,-0.29999999999999655,-0.8282276280150103,0.07552107941260504,0.8167617261770853
FarrowS6,24,M2,1.5301321376131147,-0.2420978730631875,-0.29999999999999655,-0.8282276280150103,1.60276149953207,5.909708138252115
Haaland874,25,M0,0.0,1.0,2.200000000000002,-0.5047108617115104,2.200000000000002,7.3154608454602315
Haaland874,26,M0,0.0,1.0,-0.050000000000005596,0.8480570471737559,-0.050000000000005596,0.8065064599784556
Haaland874,27,M0,0.0,1.0,1.8000000000000016,-4.228100680461012,1.8000000000000016,36.33799781377454
Haaland874,25,M1,0.0,-0.2514903951454927,2.200000000000002,-0.5047108617115104,-0.5532788693200844,0.0023588513630665065
Haaland874,26,M1,0.0,-0.2514903951454927,-0.050000000000005596,0.8480570471737559,0.012574519757276043,0.6980310536182289
Haaland874,27,M1,0.0,-0.2514903951454927,1.8000000000000016,-4.228100680461012,-0.45268271126188725,14.253780842151645
Haaland874,25,M2,1.5337731156008931,-0.24158277216991936,2.200000000000002,-0.5047108617115104,1.00229101682707,2.2710546619188103
Haaland874,26,M2,1.5337731156008931,-0.24158277216991936,-0.050000000000005596,0.8480570471737559,1.5458522542093904,0.4869181509619041
Haaland874,27,M2,1.5337731156008931,-0.24158277216991936,1.8000000000000016,-4.228100680461012,1.098924125695038,28.377193285401905
HankinsonS22,28,M0,0.0,1.0,9.950000000000003,-10.619247699079503,9.950000000000003,423.09395090608746
HankinsonS22,28,M1,0.0,-0.24371697120586552,9.950000000000003,-10.619247699079503,-2.4249838634983627,67.14595980711293
HankinsonS22,28,M2,1.8027851471651881,-0.2304197611589504,9.950000000000003,-10.619247699079503,-0.4898914763663691,102.6038574866173
Howard823,29,M0,0.0,1.0,0.3000000000000025,-1.2287409360579982,0.3000000000000025,2.337048849579492
Howard823,30,M0,0.0,1.0,-0.5999999999999961,1.2555419079371022,-0.5999999999999961,3.443035772110847
Howard823,31,M0,0.0,1.0,0.6666666666666673,-1.7592100798181631,0.6666666666666673,5.884877989135827
Howard823,32,M0,0.0,1.0,-2.0999999999999983,0.1863215310104971,-2.0999999999999983,5.227266143162175
Howard823,29,M1,0.0,-0.25167723759331806,0.3000000000000025,-1.2287409360579982,-0.07550317127799605,1.3299573421147755
Howard823,30,M1,0.0,-0.25167723759331806,-0.5999999999999961,1.2555419079371022,0.15100634255598985,1.2199988151917736
Howard823,31,M1,0.0,-0.25167723759331806,0.6666666666666673,-1.7592100798181631,-0.1677848250622122,2.532634341475043
Howard823,32,M1,0.0,-0.25167723759331806,-2.0999999999999983,0.1863215310104971,0.5285221989459675,0.1171012971354821
Howard823,29,M2,1.5163872270908798,-0.24214343200247518,0.3000000000000025,-1.2287409360579982,1.4437441974901366,7.1421767890357915
Howard823,30,M2,1.5163872270908798,-0.24214343200247518,-0.5999999999999961,1.2555419079371022,1.661673286292364,0.16494269648474483
Howard823,31,M2,1.5163872270908798,-0.24214343200247518,0.6666666666666673,-1.7592100798181631,1.3549582724225628,9.698044526097718
Howard823,32,M2,1.5163872270908798,-0.24214343200247518,-2.0999999999999983,0.1863215310104971,2.024888434296077,3.380328257857127
Iles1294,33,M0,0.0,1.0,20.89999999999999,0.7439034237726072,20.89999999999999,406.26822919020526
Iles1294,34,M0,0.0,1.0,2.6333333333333244,-2.821522309711272,2.6333333333333244,29.75545008645548
Iles1294,35,M0,0.0,1.0,-0.7666666666666563,-2.2476277003836307,-0.7666666666666563,2.193245583388049
Iles1294,36,M0,0.0,1.0,1.4499999999999957,1.5927810077519589,1.4499999999999957,0.02038641617466615
Iles1294,37,M0,0.0,1.0,19.35,3.1496062992126097,19.35,262.4527560605118
Iles1294,38,M0,0.0,1.0,-1.4000000000000012,-1.3022410660205264,-1.4000000000000012,0.009556809172803328
Iles1294,39,M0,0.0,1.0,-2.400000000000002,-5.046656115697767,-2.400000000000002,7.004788594760383
Iles1294,40,M0,0.0,1.0,-47.099999999999994,-1.7358859554320372,-47.099999999999994,2057.902843048568
Iles1294,41,M0,0.0,1.0,-23.933333333333334,-2.5227135069653794,-23.933333333333334,458.4146413492606
Iles1294,33,M1,0.0,-0.2646418223287322,20.89999999999999,0.7439034237726072,-5.5310140866705,39.37458976286552
Iles1294,34,M1,0.0,-0.2646418223287322,2.6333333333333244,-2.821522309711272,-0.6968901321323258,4.514061890003855
Iles1294,35,M1,0.0,-0.2646418223287322,-0.7666666666666563,-2.2476277003836307,0.2028920637853586,6.005047114582839
Iles1294,36,M1,0.0,-0.2646418223287322,1.4499999999999957,1.5927810077519589,-0.38373064237666055,3.9065983030941576
Iles1294,37,M1,0.0,-0.2646418223287322,19.35,3.1496062992126097,-5.120819262060968,68.39993896456735
Iles1294,38,M1,0.0,-0.2646418223287322,-1.4000000000000012,-1.3022410660205264,0.3704985512602254,2.798057827220556
Iles1294,39,M1,0.0,-0.2646418223287322,-2.400000000000002,-5.046656115697767,0.6351403735889578,32.28281134567096
Iles1294,40,M1,0.0,-0.2646418223287322,-47.099999999999994,-1.7358859554320372,12.464629831683284,201.6546486201115
Iles1294,41,M1,0.0,-0.2646418223287322,-23.933333333333334,-2.5227135069653794,6.333760947734324,78.43713976674842
Iles1294,33,M2,1.539521933465685,-0.2550443308556401,20.89999999999999,0.7439034237726072,-3.790904581417191,20.56448364393348
Iles1294,34,M2,1.539521933465685,-0.2550443308556401,2.6333333333333244,-2.821522309711272,0.8679051955458351,13.61187531654768
Iles1294,35,M2,1.539521933465685,-0.2550443308556401,-0.7666666666666563,-2.2476277003836307,1.7350559204550065,15.861768823696357
Iles1294,36,M2,1.539521933465685,-0.2550443308556401,1.4499999999999957,1.5927810077519589,1.1697076537250082,0.17899106288761354
Iles1294,37,M2,1.539521933465685,-0.2550443308556401,19.35,3.1496062992126097,-3.3955858685909517,42.83954051347708
Iles1294,38,M2,1.539521933465685,-0.2550443308556401,-1.4000000000000012,-1.3022410660205264,1.8965839966635816,10.232481781655988
Iles1294,39,M2,1.539521933465685,-0.2550443308556401,-2.400000000000002,-5.046656115697767,2.151628327519222,51.81529892545972
Iles1294,40,M2,1.539521933465685,-0.2550443308556401,-47.099999999999994,-1.7358859554320372,13.552109916766334,233.72281778835443
Iles1294,41,M2,1.539521933465685,-0.2550443308556401,-23.933333333333334,-2.5227135069653794,7.643582918610671,103.35358301268037
Kennedy1017,42,M0,0.0,1.0,1.9599999999999973,1.1214316314211104,1.9599999999999973,0.703196908781056
Kennedy1017,43,M0,0.0,1.0,11.240000000000006,5.027949595735615,11.240000000000006,38.58957022512138
Kennedy1017,44,M0,0.0,1.0,0.9600000000000009,0.272495157598096,0.9600000000000009,0.47266290832606794
Kennedy1017,45,M0,0.0,1.0,-0.7399999999999984,5.909494900894474,-0.7399999999999984,44.215782437021595
Kennedy1017,46,M0,0.0,1.0,27.04,6.742132970543002,27.04,412.00340594551733
Kennedy1017,47,M0,0.0,1.0,-13.679999999999996,6.178358411195594,-13.679999999999996,394.3543987875026
Kennedy1017,42,M1,0.0,-0.25863752033276627,1.9599999999999973,1.1214316314211104,-0.5069295398522212,2.651560104110656
Kennedy1017,43,M1,0.0,-0.25863752033276627,11.240000000000006,5.027949595735615,-2.9070857285402942,62.964785597506484
Kennedy1017,44,M1,0.0,-0.25863752033276627,0.9600000000000009,0.272495157598096,-0.24829201951945584,0.2712192838500683
Kennedy1017,45,M1,0.0,-0.25863752033276627,-0.7399999999999984,5.909494900894474,0.19139176504624664,32.696703472197335
Kennedy1017,46,M1,0.0,-0.25863752033276627,27.04,6.742132970543002,-6.993558549797999,188.6692215419677
Kennedy1017,47,M1,0.0,-0.25863752033276627,-13.679999999999996,6.178358411195594,3.5381612781522414,6.9706409013303405
Kennedy1017,42,M2,1.3064376676672573,-0.24964329737787844,1.9599999999999973,1.1214316314211104,0.8171368048066163,0.09259534150434498
Kennedy1017,43,M2,1.3064376676672573,-0.24964329737787844,11.240000000000006,5.027949595735615,-1.4995529948600979,42.60829007023374
Kennedy1017,44,M2,1.3064376676672573,-0.24964329737787844,0.9600000000000009,0.272495157598096,1.0667801021844938,0.630888573196617
Kennedy1017,45,M2,1.3064376676672573,-0.24964329737787844,-0.7399999999999984,5.909494900894474,1.491173707726887,19.521562165993853
Kennedy1017,46,M2,1.3064376676672573,-0.24964329737787844,27.04,6.742132970543002,-5.443917093430575,148.49981616167045
Kennedy1017,47,M2,1.3064376676672573,-0.24964329737787844,-13.679999999999996,6.178358411195594,4.7215579757966335,2.122267508578602
KlarS44,48,M0,0.0,1.0,-4.233333333333333,-2.081202893610673,-4.233333333333333,4.631665429580853
KlarS44,49,M0,0.0,1.0,-1.0333333333333379,-2.3761854583773445,-1.0333333333333379,1.8032518297352045
KlarS44,50,M0,0.0,1.0,2.0000000000000018,-0.5781333802627353,2.0000000000000018,6.646771726424967
KlarS44,51,M0,0.0,1.0,-0.2500000000000169,-1.6411496548937476,-0.2500000000000169,1.9352973623109462
KlarS44,52,M0,0.0,1.0,-0.550000000000006,-3.373148264719505,-0.550000000000006,7.970166124588718
KlarS44,53,M0,0.0,1.0,-0.7000000000000006,-0.5162190442972503,-0.7000000000000006,0.03377543967901628
KlarS44,48,M1,0.0,-0.25201664765950044,-4.233333333333333,-2.081202893610673,1.0668704750918852,9.910365934734271
KlarS44,49,M1,0.0,-0.25201664765950044,-1.0333333333333379,-2.3761854583773445,0.26041720258148493,6.9516735917751795
KlarS44,50,M1,0.0,-0.25201664765950044,2.0000000000000018,-0.5781333802627353,-0.5040332953190013,0.005490822588668592
KlarS44,51,M1,0.0,-0.25201664765950044,-0.2500000000000169,-1.6411496548937476,0.06300416191487936,2.9041402313434115
KlarS44,52,M1,0.0,-0.25201664765950044,-0.550000000000006,-3.373148264719505,0.13860915621272676,12.3324401834726
KlarS44,53,M1,0.0,-0.25201664765950044,-0.7000000000000006,-0.5162190442972503,0.17641165336165046,0.47973728333945553
KlarS44,48,M2,1.5649330294937296,-0.2422304952177745,-4.233333333333333,-2.081202893610673,2.5903754592489747,21.823644306906857
KlarS44,49,M2,1.5649330294937296,-0.2422304952177745,-1.0333333333333379,-2.3761854583773445,1.8152378745520976,17.56802955582536
KlarS44,50,M2,1.5649330294937296,-0.2422304952177745,2.0000000000000018,-0.5781333802627353,1.0804720390581801,2.7509719370007097
KlarS44,51,M2,1.5649330294937296,-0.2422304952177745,-0.2500000000000169,-1.6411496548937476,1.6254906532981772,10.670938903104235
KlarS44,52,M2,1.5649330294937296,-0.2422304952177745,-0.550000000000006,-3.373148264719505,1.6981598018635071,25.71816550618993
KlarS44,53,M2,1.5649330294937296,-0.2422304952177745,-0.7000000000000006,-0.5162190442972503,1.734494376146172,5.06571090096413
McGinty730,54,M0,0.0,1.0,12.4,-0.7689075630250009,12.4,173.42012640349708
McGinty730,55,M0,0.0,1.0,-5.100000000000005,3.9735044159308064,-5.100000000000005,82.32848238591593
McGinty730,56,M0,0.0,1.0,-27.849999999999998,6.669897185235163,-27.849999999999998,1191.6233016792062
McGinty730,57,M0,0.0,1.0,-33.55,9.045535569599906,-33.55,1814.3796504610505
McGinty730,58,M0,0.0,1.0,6.05,-3.4417679095100078,6.05,90.09365804800399
McGinty730,59,M0,0.0,1.0,5.899999999999994,-4.879393664037002,5.899999999999994,116.1953277642809
McGinty730,60,M0,0.0,1.0,8.200000000000006,-4.822313290055346,8.200000000000006,169.58064342435227
McGinty730,61,M0,0.0,1.0,10.099999999999998,-5.664295382037309,10.099999999999998,248.51300889212277
McGinty730,62,M0,0.0,1.0,9.40000000000001,-3.627728711881972,9.40000000000001,169.72171539039414
McGinty730,63,M0,0.0,1.0,10.20000000000001,-8.567630442007568,10.20000000000001,352.2239524077696
McGinty730,64,M0,0.0,1.0,44.39999999999999,-12.182001005530662,44.39999999999999,3201.5228377898725
McGinty730,65,M0,0.0,1.0,47.599999999999994,-12.160897280723027,47.599999999999994,3571.3648437971283
McGinty730,54,M1,0.0,-0.24991798734915593,12.4,-0.7689075630250009,-3.0989830431295338,5.42925174298437
McGinty730,55,M1,0.0,-0.24991798734915593,-5.100000000000005,3.9735044159308064,1.2745817354806965,7.284183635048007
McGinty730,56,M1,0.0,-0.24991798734915593,-27.849999999999998,6.669897185235163,6.960215947673992,0.0842849838240135
McGinty730,57,M1,0.0,-0.24991798734915593,-33.55,9.045535569599906,8.38474847556418,0.43663958364417926
McGinty730,58,M1,0.0,-0.24991798734915593,6.05,-3.4417679095100078,-1.5120038234623934,3.7239894277991845
McGinty730,59,M1,0.0,-0.24991798734915593,5.899999999999994,-4.879393664037002,-1.4745161253600185,11.593191053387029
McGinty730,60,M1,0.0,-0.24991798734915593,8.200000000000006,-4.822313290055346,-2.0493274962630803,7.689450212573723
McGinty730,61,M1,0.0,-0.24991798734915593,10.099999999999998,-5.664295382037309,-2.5241716722264744,9.860376912916161
McGinty730,62,M1,0.0,-0.24991798734915593,9.40000000000001,-3.627728711881972,-2.349229081082068,1.6345613059554907
McGinty730,63,M1,0.0,-0.24991798734915593,10.20000000000001,-8.567630442007568,-2.549163470961393,36.221944681573724
McGinty730,64,M1,0.0,-0.24991798734915593,44.39999999999999,-12.182001005530662,-11.09635863830252,1.1786193495207222
McGinty730,65,M1,0.0,-0.24991798734915593,47.599999999999994,-12.160897280723027,-11.896096197819821,0.07011961350671077
McGinty730,54,M2,1.5512533735358232,-0.23835019422827566,12.4,-0.7689075630250009,-1.404289034894795,0.40370961479542594
McGinty730,55,M2,1.5512533735358232,-0.23835019422827566,-5.100000000000005,3.9735044159308064,2.76683936410003,1.45604054730977
McGinty730,56,M2,1.5512533735358232,-0.23835019422827566,-27.849999999999998,6.669897185235163,8.1893062827933,2.3086040057424326
McGinty730,57,M2,1.5512533735358232,-0.23835019422827566,-33.55,9.045535569599906,9.547902389894471,0.2523724221328718
McGinty730,58,M2,1.5512533735358232,-0.23835019422827566,6.05,-3.4417679095100078,0.10923469845475542,12.60961952177255
McGinty730,59,M2,1.5512533735358232,-0.23835019422827566,5.899999999999994,-4.879393664037002,0.14498722758899807,25.244403344136476
McGinty730,60,M2,1.5512533735358232,-0.23835019422827566,8.200000000000006,-4.822313290055346,-0.4032182191360387,19.528401245823318
McGinty730,61,M2,1.5512533735358232,-0.23835019422827566,10.099999999999998,-5.664295382037309,-0.8560835881697604,23.118900654687
McGinty730,62,M2,1.5512533735358232,-0.23835019422827566,9.40000000000001,-3.627728711881972,-0.6892384522099704,8.634725006187226
McGinty730,63,M2,1.5512533735358232,-0.23835019422827566,10.20000000000001,-8.567630442007568,-0.8799186075925909,59.10091324900408
McGinty730,64,M2,1.5512533735358232,-0.23835019422827566,44.39999999999999,-12.182001005530662,-9.031495250199614,9.925686514374059
McGinty730,65,M2,1.5512533735358232,-0.23835019422827566,47.599999999999994,-12.160897280723027,-9.794215871730097,5.601180891672761
Melin1066,66,M0,0.0,1.0,20.63333333333334,10.167610167610164,20.63333333333334,109.53136138155475
Melin1066,67,M0,0.0,1.0,3.8666666666666702,6.498316498316504,3.8666666666666702,6.925580836422596
Melin1066,68,M0,0.0,1.0,-1.0333333333333379,4.093723494486845,-1.0333333333333379,26.286711715697553
Melin1066,69,M0,0.0,1.0,18.966666666666665,13.962093731334663,18.966666666666665,25.045750265057567
Melin1066,70,M0,0.0,1.0,20.23333333333333,13.893835554836004,20.23333333333333,40.18923208357254
Melin1066,71,M0,0.0,1.0,32.43333333333333,15.589677371060668,32.43333333333333,283.70874617540346
Melin1066,66,M1,0.0,-0.28313032035799923,20.63333333333334,10.167610167610164,-5.8419222767200525,256.3051290860618
Melin1066,67,M1,0.0,-0.28313032035799923,3.8666666666666702,6.498316498316504,-1.0947705720509313,57.65497125818112
Melin1066,68,M1,0.0,-0.28313032035799923,-1.0333333333333379,4.093723494486845,0.29256799770326714,14.448783110728009
Melin1066,69,M1,0.0,-0.28313032035799923,18.966666666666665,13.962093731334663,-5.370038409456718,373.7313331090191
Melin1066,70,M1,0.0,-0.28313032035799923,20.23333333333333,13.893835554836004,-5.7286701485768505,385.04273008047005
Melin1066,71,M1,0.0,-0.28313032035799923,32.43333333333333,15.589677371060668,-9.18286005694444,613.678610621914
Melin1066,66,M2,0.9258371902982055,-0.2755519662247133,20.63333333333334,10.167610167610164,-4.759718379471714,222.82513755252558
Melin1066,67,M2,0.9258371902982055,-0.2755519662247133,3.8666666666666702,6.498316498316504,-0.1396304124373534,44.062339189986666
Melin1066,68,M2,0.9258371902982055,-0.2755519662247133,-1.0333333333333379,4.093723494486845,1.2105742220637439,8.31254972707386
Melin1066,69,M2,0.9258371902982055,-0.2755519662247133,18.966666666666665,13.962093731334663,-4.300465102430523,333.52105515673486
Melin1066,70,M2,0.9258371902982055,-0.2755519662247133,20.23333333333333,13.893835554836004,-4.6494975929818265,343.8552042309595
Melin1066,71,M2,0.9258371902982055,-0.2755519662247133,32.43333333333333,15.589677371060668,-8.011231580923328,557.0029033598383
Merolla843,72,M0,0.0,1.0,19.933333333333326,5.250619401562845,19.933333333333326,215.58208840220703
Merolla843,73,M0,0.0,1.0,13.033333333333333,3.5849827757341632,13.033333333333333,89.27132825928454
Merolla843,74,M0,0.0,1.0,7.433333333333329,1.6656366258286814,7.433333333333329,33.26632530975996
Merolla843,75,M0,0.0,1.0,4.633333333333334,-1.0754648195406669,4.633333333333334,32.5903763502576
Merolla843,76,M0,0.0,1.0,2.9666666666666655,0.8768975389131684,2.9666666666666655,4.367135007311612
Merolla843,77,M0,0.0,1.0,2.433333333333332,-4.465269642934672,2.433333333333332,47.590723024173755
Merolla843,78,M0,0.0,1.0,-2.266666666666669,-2.23494599081,-2.266666666666669,0.0010062012768038524
Merolla843,72,M1,0.0,-0.2562719061651514,19.933333333333326,5.250619401562845,-5.108353329558683,107.3083160441194
Merolla843,73,M1,0.0,-0.2562719061651514,13.033333333333333,3.5849827757341632,-3.3400771770191398,47.95645534922758
Merolla843,74,M1,0.0,-0.2562719061651514,7.433333333333329,1.6656366258286814,-1.9049545024942909,12.749121005658715
Merolla843,75,M1,0.0,-0.2562719061651514,4.633333333333334,-1.0754648195406669,-1.187393165231868,0.01252795456916905
Merolla843,76,M1,0.0,-0.2562719061651514,2.9666666666666655,0.8768975389131684,-0.7602733216232821,2.680328426589661
Merolla843,77,M1,0.0,-0.2562719061651514,2.433333333333332,-4.465269642934672,-0.6235949716685346,14.758464279847782
Merolla843,78,M1,0.0,-0.2562719061651514,-2.266666666666669,-2.23494599081,0.5808829873076771,7.928892834007243
Merolla843,72,M2,1.4175305133281468,-0.24625114282474012,19.933333333333326,5.250619401562845,-3.4910756003116714,76.4172315057979
Merolla843,73,M2,1.4175305133281468,-0.24625114282474012,13.033333333333333,3.5849827757341632,-1.7919427148209661,28.911327730981515
Merolla843,74,M2,1.4175305133281468,-0.24625114282474012,7.433333333333329,1.6656366258286814,-0.41293631500242034,4.320465470355255
Merolla843,75,M2,1.4175305133281468,-0.24625114282474012,4.633333333333334,-1.0754648195406669,0.2765668849068508,1.8279897298312597
Merolla843,76,M2,1.4175305133281468,-0.24625114282474012,2.9666666666666655,0.8768975389131684,0.6869854562814182,0.03606659912952871
Merolla843,77,M2,1.4175305133281468,-0.24625114282474012,2.433333333333332,-4.465269642934672,0.8183193991212796,27.91631316533373
Merolla843,78,M2,1.4175305133281468,-0.24625114282474012,-2.266666666666669,-2.23494599081,1.9756997703975583,17.72953772637518
Mezzapelle1439,79,M0,0.0,1.0,2.1666666666666647,0.905760329410188,2.1666666666666647,1.589884791333544
Mezzapelle1439,80,M0,0.0,1.0,1.800000000000009,0.3365085751464769,1.800000000000009,2.1418071506198215
Mezzapelle1439,81,M0,0.0,1.0,3.600000000000003,1.264054275526505,3.600000000000003,5.456642427686017
Mezzapelle1439,82,M0,0.0,1.0,3.2999999999999994,0.412904186886831,3.2999999999999994,8.335322234095587
Mezzapelle1439,83,M0,0.0,1.0,2.4333333333333464,1.510871680650383,2.4333333333333464,0.8509355006705842
Mezzapelle1439,84,M0,0.0,1.0,4.833333333333326,1.9360223375518348,4.833333333333326,8.394411006276336
Mezzapelle1439,85,M0,0.0,1.0,1.0666666666666675,1.896110734973277,1.0666666666666675,0.6879774624490196
Mezzapelle1439,86,M0,0.0,1.0,-0.9999999999999934,2.466185210261085,-0.9999999999999934,12.014439911832635
Mezzapelle1439,87,M0,0.0,1.0,0.0,4.402918119107513,0.0,19.38568796356524
Mezzapelle1439,79,M1,0.0,-0.2521134671204491,2.1666666666666647,0.905760329410188,-0.5462458454276392,2.108321931767179
Mezzapelle1439,80,M1,0.0,-0.2521134671204491,1.800000000000009,0.3365085751464769,-0.4538042408168106,0.6245943470758212
Mezzapelle1439,81,M1,0.0,-0.2521134671204491,3.600000000000003,1.264054275526505,-0.9076084816336175,4.716119130836305
Mezzapelle1439,82,M1,0.0,-0.2521134671204491,3.2999999999999994,0.412904186886831,-0.8319744414974818,1.5497227994080078
Mezzapelle1439,83,M1,0.0,-0.2521134671204491,2.4333333333333464,1.510871680650383,-0.6134761033264294,4.512853507287194
Mezzapelle1439,84,M1,0.0,-0.2521134671204491,4.833333333333326,1.9360223375518348,-1.218548424415502,9.951316692259184
Mezzapelle1439,85,M1,0.0,-0.2521134671204491,1.0666666666666675,1.896110734973277,-0.2689210315951459,4.687362550250386
Mezzapelle1439,86,M1,0.0,-0.2521134671204491,-0.9999999999999934,2.466185210261085,0.2521134671204474,4.9021136837738215
Mezzapelle1439,87,M1,0.0,-0.2521134671204491,0.0,4.402918119107513,0.0,19.38568796356524
Mezzapelle1439,79,M2,1.4261882761265037,-0.2427981714309319,2.1666666666666647,0.905760329410188,0.900125571359485,3.175049828996244e-05
Mezzapelle1439,80,M2,1.4261882761265037,-0.2427981714309319,1.800000000000009,0.3365085751464769,0.989151567550824,0.42594287553450066
Mezzapelle1439,81,M2,1.4261882761265037,-0.2427981714309319,3.600000000000003,1.264054275526505,0.552114858975148,0.5068577328394865
Mezzapelle1439,82,M2,1.4261882761265037,-0.2427981714309319,3.2999999999999994,0.412904186886831,0.6249543104044285,0.044965254883828354
Mezzapelle1439,83,M2,1.4261882761265037,-0.2427981714309319,2.4333333333333464,1.510871680650383,0.8353793923112328,0.45628983160566167
Mezzapelle1439,84,M2,1.4261882761265037,-0.2427981714309319,4.833333333333326,1.9360223375518348,0.25266378087700114,2.8336960303303793
Mezzapelle1439,85,M2,1.4261882761265037,-0.2427981714309319,1.0666666666666675,1.896110734973277,1.1672035599335095,0.5313056698244543
Mezzapelle1439,86,M2,1.4261882761265037,-0.2427981714309319,-0.9999999999999934,2.466185210261085,1.668986447557434,0.6355258672562316
Mezzapelle1439,87,M2,1.4261882761265037,-0.2427981714309319,0.0,4.402918119107513,1.4261882761265037,8.860920558093744
MunschS68,88,M0,0.0,1.0,0.13333333333333344,13.008458746931408,0.13333333333333344,165.76885441587902
MunschS68,88,M1,0.0,-0.2518808339491409,0.13333333333333344,13.008458746931408,-0.033584111193218816,170.0948819131596
MunschS68,88,M2,1.0587965559642498,-0.24516601717991193,0.13333333333333344,13.008458746931408,1.026107753673595,143.57673532562652
SchaadS62,89,M0,0.0,1.0,0.1000000000000038,-2.7316790190675344,0.1000000000000038,8.018406067027295
SchaadS62,90,M0,0.0,1.0,-8.933333333333342,-6.908660195175065,-8.933333333333342,4.099301316379688
SchaadS62,91,M0,0.0,1.0,-4.966666666666668,-9.546772476113674,-4.966666666666668,20.977369225730214
SchaadS62,89,M1,0.0,-0.256142422790358,0.1000000000000038,-2.7316790190675344,-0.02561424227903677,7.322786576175381
SchaadS62,90,M1,0.0,-0.256142422790358,-8.933333333333342,-6.908660195175065,2.288205643593867,84.58234125631498
SchaadS62,91,M1,0.0,-0.256142422790358,-4.966666666666668,-9.546772476113674,1.2721740331921116,117.04960357121985
SchaadS62,89,M2,1.7428911501945246,-0.24586283238262727,0.1000000000000038,-2.7316790190675344,1.7183048669562608,19.802356585871436
SchaadS62,90,M2,1.7428911501945246,-0.24586283238262727,-8.933333333333342,-6.908660195175065,3.939265786145997,117.67749809622052
SchaadS62,91,M2,1.7428911501945246,-0.24586283238262727,-4.966666666666668,-9.546772476113674,2.9640098843615736,156.51967527117858
Schnabel903,92,M0,0.0,1.0,0.13333333333333344,1.872121656422121,0.13333333333333344,3.0233848325099175
Schnabel903,93,M0,0.0,1.0,-0.03333333333333336,0.4356323288361441,-0.03333333333333336,0.21992879229405649
Schnabel903,92,M1,0.0,-0.2517221079614088,0.13333333333333344,1.872121656422121,-0.03356294772818787,3.631633810495519
Schnabel903,93,M1,0.0,-0.2517221079614088,-0.03333333333333336,0.4356323288361441,0.008390736932046967,0.1825353778527471
Schnabel903,92,M2,1.460431642122906,-0.24247208754654215,0.13333333333333344,1.872121656422121,1.4281020304500336,0.19715342824839244
Schnabel903,93,M2,1.460431642122906,-0.24247208754654215,-0.03333333333333336,0.4356323288361441,1.468514045041124,1.0668446396705447
ShannonS2,94,M0,0.0,1.0,-10.449999999999992,-3.846599601316492,-10.449999999999992,43.604896825333405
ShannonS2,95,M0,0.0,1.0,-13.100000000000001,-8.215691597665254,-13.100000000000001,23.856468569117816
ShannonS2,96,M0,0.0,1.0,0.8000000000000007,1.0304221965748428,0.8000000000000007,0.053094388674375166
ShannonS2,94,M1,0.0,-0.2589498180711824,-10.449999999999992,-3.846599601316492,2.706025598843854,42.93689701377642
ShannonS2,95,M1,0.0,-0.2589498180711824,-13.100000000000001,-8.215691597665254,3.3922426167324895,134.74413672578578
ShannonS2,96,M1,0.0,-0.2589498180711824,0.8000000000000007,1.0304221965748428,-0.2071598544569461,1.5316093330360496
ShannonS2,94,M2,1.669749558104905,-0.24953703898169993,-10.449999999999992,-3.846599601316492,4.277411615463667,65.99955825036984
ShannonS2,95,M2,1.669749558104905,-0.24953703898169993,-13.100000000000001,-8.215691597665254,4.9386847687651745,173.0376175897034
ShannonS2,96,M2,1.669749558104905,-0.24953703898169993,0.8000000000000007,1.0304221965748428,1.470119926919545,0.19333409407028251
Silverman1035,97,M0,0.0,1.0,-11.799999999999999,-7.911140583554655,-11.799999999999999,15.123227560875621
Silverman1035,98,M0,0.0,1.0,0.0,3.064730188910314,0.0,9.392571130818249
Silverman1035,99,M0,0.0,1.0,0.0,2.640063934742498,0.0,6.969937579528041
Silverman1035,100,M0,0.0,1.0,0.0,3.753180661578004,0.0,14.086365078443103
Silverman1035,101,M0,0.0,1.0,-32.0,2.039553429027113,-32.0,1158.6911976475917
Silverman1035,102,M0,0.0,1.0,-0.13333333333333344,-1.7932952715561168,-0.13333333333333344,2.755473636348339
Silverman1035,103,M0,0.0,1.0,-3.00000000000001,-0.727077538671661,-3.00000000000001,5.166176515210921
Silverman1035,104,M0,0.0,1.0,-2.333333333333343,-4.728267483636673,-2.333333333333343,5.735709584289133
Silverman1035,105,M0,0.0,1.0,-27.066666666666666,4.675029342723091,-27.066666666666666,1007.5352655525096
Silverman1035,106,M0,0.0,1.0,-3.9999999999999964,1.8342163503454525,-3.9999999999999964,34.038080422638174
Silverman1035,107,M0,0.0,1.0,-4.600000000000004,2.824357203919325,-4.600000000000004,55.12107989138884
Silverman1035,108,M0,0.0,1.0,-6.133333333333332,0.7647182065786517,-6.133333333333332,47.5831150472821
Silverman1035,97,M1,0.0,-0.2549462136339248,-11.799999999999999,-7.911140583554655,3.008365320880312,119.23560919699011
Silverman1035,98,M1,0.0,-0.2549462136339248,0.0,3.064730188910314,0.0,9.392571130818249
Silverman1035,99,M1,0.0,-0.2549462136339248,0.0,2.640063934742498,0.0,6.969937579528041
Silverman1035,100,M1,0.0,-0.2549462136339248,0.0,3.753180661578004,0.0,14.086365078443103
Silverman1035,101,M1,0.0,-0.2549462136339248,-32.0,2.039553429027113,8.158278836285593,37.43880060943045
Silverman1035,102,M1,0.0,-0.2549462136339248,-0.13333333333333344,-1.7932952715561168,0.033992828484523334,3.338981800550132
Silverman1035,103,M1,0.0,-0.2549462136339248,-3.00000000000001,-0.727077538671661,0.7648386409017769,2.2258138868730026
Silverman1035,104,M1,0.0,-0.2549462136339248,-2.333333333333343,-4.728267483636673,0.5948744984791602,28.335840561764076
Silverman1035,105,M1,0.0,-0.2549462136339248,-27.066666666666666,4.675029342723091,6.900544182358231,4.952916301436221
Silverman1035,106,M1,0.0,-0.2549462136339248,-3.9999999999999964,1.8342163503454525,1.0197848545356982,0.6632986613669137
Silverman1035,107,M1,0.0,-0.2549462136339248,-4.600000000000004,2.824357203919325,1.172752582716055,2.727797824779997
Silverman1035,108,M1,0.0,-0.2549462136339248,-6.133333333333332,0.7647182065786517,1.5636701102880717,0.6383241444409062
Silverman1035,97,M2,1.535623713567083,-0.24622861105211474,-11.799999999999999,-7.911140583554655,4.441121323982037,152.57837423238198
Silverman1035,98,M2,1.535623713567083,-0.24622861105211474,0.0,3.064730188910314,1.535623713567083,2.3381666129365994
Silverman1035,99,M2,1.535623713567083,-0.24622861105211474,0.0,2.640063934742498,1.535623713567083,1.21978820215
Silverman1035,100,M2,1.535623713567083,-0.24622861105211474,0.0,3.753180661578004,1.535623713567083,4.917558817671511
Silverman1035,101,M2,1.535623713567083,-0.24622861105211474,-32.0,2.039553429027113,9.414939267234754,54.39631626243382
Silverman1035,102,M2,1.535623713567083,-0.24622861105211474,-0.13333333333333344,-1.7932952715561168,1.5684541950406983,11.30135947616397
Silverman1035,103,M2,1.535623713567083,-0.24622861105211474,-3.00000000000001,-0.727077538671661,2.2743095467234298,9.008324436376439
Silverman1035,104,M2,1.535623713567083,-0.24622861105211474,-2.333333333333343,-4.728267483636673,2.110157139355353,46.76405132434363
Silverman1035,105,M2,1.535623713567083,-0.24622861105211474,-27.066666666666666,4.675029342723091,8.200211452710988,12.426908908578723
Silverman1035,106,M2,1.535623713567083,-0.24622861105211474,-3.9999999999999964,1.8342163503454525,2.5205381577755412,0.4710376233541038
Silverman1035,107,M2,1.535623713567083,-0.24622861105211474,-4.600000000000004,2.824357203919325,2.668275324406812,0.02436155311215861
Silverman1035,108,M2,1.535623713567083,-0.24622861105211474,-6.133333333333332,0.7647182065786517,3.0458258613533866,5.203452132671891
Stoker1063,109,M0,0.0,1.0,-39.96666666666667,-11.257119255684522,-39.96666666666667,824.2381125434317
Stoker1063,110,M0,0.0,1.0,-41.49999999999999,-7.975655974972041,-41.49999999999999,1123.8816423084272
Stoker1063,111,M0,0.0,1.0,-30.36666666666667,-7.8868498276217505,-30.36666666666667,505.34216511700765
Stoker1063,109,M1,0.0,-0.3309290076836265,-39.96666666666667,-11.257119255684522,13.226129340422272,599.4294618187653
Stoker1063,110,M1,0.0,-0.3309290076836265,-41.49999999999999,-7.975655974972041,13.733553818870497,471.28978987306886
Stoker1063,111,M1,0.0,-0.3309290076836265,-30.36666666666667,-7.8868498276217505,10.04921086665946,321.70227322893936
Stoker1063,109,M2,2.0272162440186614,-0.32463545752755324,-39.96666666666667,-11.257119255684522,15.001813363203208,689.5315422832861
Stoker1063,110,M2,2.0272162440186614,-0.32463545752755324,-41.49999999999999,-7.975655974972041,15.49958773141212,551.0870670741292
Stoker1063,111,M2,2.0272162440186614,-0.32463545752755324,-30.36666666666667,-7.8868498276217505,11.885312970938696,390.93842173277756
Terman1029,112,M0,0.0,1.0,-1.6000000000000014,-1.3438735177866867,-1.6000000000000014,0.06560077489096741
Terman1029,113,M0,0.0,1.0,-0.20000000000000018,2.9606980898719826,-0.20000000000000018,9.9900124153204
Terman1029,114,M0,0.0,1.0,-1.4000000000000012,-1.1822240168700038,-1.4000000000000012,0.04742637882823694
Terman1029,115,M0,0.0,1.0,-8.05,1.262958917020085,-8.05,86.73120379010395
Terman1029,116,M0,0.0,1.0,-2.500000000000002,0.2191348702977325,-2.500000000000002,7.393694442869078
Terman1029,117,M0,0.0,1.0,-25.6,-2.6153273809525035,-25.6,528.2951754047917
Terman1029,118,M0,0.0,1.0,0.2500000000000058,1.8621973102137868,0.2500000000000058,2.5991801670605503
Terman1029,119,M0,0.0,1.0,-0.30000000000000027,-0.2145900974024894,-0.30000000000000027,0.007294851461716292
Terman1029,120,M0,0.0,1.0,-2.949999999999997,-0.9620009620009972,-2.949999999999997,3.9521401750849487
Terman1029,112,M1,0.0,-0.2544452407886835,-1.6000000000000014,-1.3438735177866867,0.407112385261894,3.065951632674854
Terman1029,113,M1,0.0,-0.2544452407886835,-0.20000000000000018,2.9606980898719826,0.05088904815773675,8.466988659241979
Terman1029,114,M1,0.0,-0.2544452407886835,-1.4000000000000012,-1.1822240168700038,0.35622333710415727,2.3668202609500972
Terman1029,115,M1,0.0,-0.2544452407886835,-8.05,1.262958917020085,2.0482841883489025,0.6167357817876807
Terman1029,116,M1,0.0,-0.2544452407886835,-2.500000000000002,0.2191348702977325,0.6361131019717093,0.1738708456899567
Terman1029,117,M1,0.0,-0.2544452407886835,-25.6,-2.6153273809525035,6.513798164190298,83.34093321897886
Terman1029,118,M1,0.0,-0.2544452407886835,0.2500000000000058,1.8621973102137868,-0.06361131019717235,3.7087388424491614
Terman1029,119,M1,0.0,-0.2544452407886835,-0.30000000000000027,-0.2145900974024894,0.07633357223660513,0.08463658155627703
Terman1029,120,M1,0.0,-0.2544452407886835,-2.949999999999997,-0.9620009620009972,0.7506134603266157,2.933048159564543
Terman1029,112,M2,1.5315661474376177,-0.24538572884654675,-1.6000000000000014,-1.3438735177866867,1.9241833135920927,10.68019545312151
Terman1029,113,M2,1.5315661474376177,-0.24538572884654675,-0.20000000000000018,2.9606980898719826,1.580643293206927,1.904551241798228
Terman1029,114,M2,1.5315661474376177,-0.24538572884654675,-1.4000000000000012,-1.1822240168700038,1.8751061678227834,9.347267858233632
Terman1029,115,M2,1.5315661474376177,-0.24538572884654675,-8.05,1.262958917020085,3.506921264652319,5.035367017591167
Terman1029,116,M2,1.5315661474376177,-0.24538572884654675,-2.500000000000002,0.2191348702977325,2.1450304695539852,3.709073859234601
Terman1029,117,M2,1.5315661474376177,-0.24538572884654675,-25.6,-2.6153273809525035,7.813440805909215,108.75920589529906
Terman1029,118,M2,1.5315661474376177,-0.24538572884654675,0.2500000000000058,1.8621973102137868,1.4702197152259795,0.15364643497242547
Terman1029,119,M2,1.5315661474376177,-0.24538572884654675,-0.30000000000000027,-0.2145900974024894,1.6051818660915818,3.3115699991190675
Terman1029,120,M2,1.5315661474376177,-0.24538572884654675,-2.949999999999997,-0.9620009620009972,2.25545404753493,10.352016738387833
WallaceS9,121,M0,0.0,1.0,-16.533333333333335,19.580947383630264,-16.533333333333335,1304.2412717036489
WallaceS9,122,M0,0.0,1.0,-27.63333333333333,15.632114429687563,-27.63333333333333,1871.8989701346898
WallaceS9,121,M1,0.0,-0.2261621388764633,-16.533333333333335,19.580947383630264,3.739214029424194,250.96051566576512
WallaceS9,122,M1,0.0,-0.2261621388764633,-27.63333333333333,15.632114429687563,6.249613770952935,88.03131861115573
WallaceS9,121,M2,1.1209521434785323,-0.2212447299320725,-16.533333333333335,19.580947383630264,4.778865011688798,219.1016425457403
WallaceS9,122,M2,1.1209521434785323,-0.2212447299320725,-27.63333333333333,15.632114429687563,7.2346815139348015,70.51687957456795
Williamson859,123,M0,0.0,1.0,-6.000000000000005,-1.0912698412695043,-6.000000000000005,24.09563177123037
Williamson859,124,M0,0.0,1.0,-1.9999999999999907,1.2731152765945053,-1.9999999999999907,10.713283613876264
Williamson859,125,M0,0.0,1.0,0.6000000000000005,-0.4676889160090014,0.6000000000000005,1.1399596213684777
Williamson859,123,M1,0.0,-0.2521645355916499,-6.000000000000005,-1.0912698412695043,1.512987213549901,6.782154807576644
Williamson859,124,M1,0.0,-0.2521645355916499,-1.9999999999999907,1.2731152765945053,0.5043290711832975,0.5910322296305638
Williamson859,125,M1,0.0,-0.2521645355916499,0.6000000000000005,-0.4676889160090014,-0.1512987213549901,0.10010275527320316
Williamson859,123,M2,1.5215447495613792,-0.24289062840939438,-6.000000000000005,-1.0912698412695043,2.9788885200177466,16.56618908595652
Williamson859,124,M2,1.5215447495613792,-0.24289062840939438,-1.9999999999999907,1.2731152765945053,2.0073260063801657,0.539065395732392
Williamson859,125,M2,1.5215447495613792,-0.24289062840939438,0.6000000000000005,-0.4676889160090014,1.3758103725157425,3.398489626791237
bolsenM6,126,M0,0.0,1.0,-8.56666666666667,0.5224596747476662,-8.56666666666667,82.61221765019194
bolsenM6,127,M0,0.0,1.0,-16.8,7.400708201741835,-16.8,585.6742774658546
bolsenM6,128,M0,0.0,1.0,-15.6,1.5754915836720065,-15.6,294.99751114078794
bolsenM6,129,M0,0.0,1.0,-5.1000000000000005,0.320132542354834,-5.1000000000000005,29.377836776693883
bolsenM6,130,M0,0.0,1.0,-6.8666666666666645,3.1596387151943297,-6.8666666666666645,100.52679961033472
bolsenM6,131,M0,0.0,1.0,-7.000000000000014,-2.114468446126672,-7.000000000000014,23.868418563892075
bolsenM6,132,M0,0.0,1.0,1.7000000000000053,-0.4857485326235089,1.7000000000000053,4.7774966478658465
bolsenM6,133,M0,0.0,1.0,-3.366666666666666,-0.492219650205683,-3.366666666666666,8.262445650441446
bolsenM6,134,M0,0.0,1.0,-1.633333333333331,-0.6828849106643498,-1.633333333333331,0.9033522041539546
bolsenM6,126,M1,0.0,-0.25199374344587633,-8.56666666666667,0.5224596747476662,2.1587464021863414,2.677434254391969
bolsenM6,127,M1,0.0,-0.25199374344587633,-16.8,7.400708201741835,4.233494889890722,10.031240162766892
bolsenM6,128,M1,0.0,-0.25199374344587633,-15.6,1.5754915836720065,3.9311023977556707,5.548902307427903
bolsenM6,129,M1,0.0,-0.25199374344587633,-5.1000000000000005,0.320132542354834,1.2851680915739694,0.9312936112566782
bolsenM6,130,M1,0.0,-0.25199374344587633,-6.8666666666666645,3.1596387151943297,1.7303570383283502,2.0428461118248262
bolsenM6,131,M1,0.0,-0.25199374344587633,-7.000000000000014,-2.114468446126672,1.7639562041211378,15.042177767649848
bolsenM6,132,M1,0.0,-0.25199374344587633,1.7000000000000053,-0.4857485326235089,-0.4283893638579911,0.0032900742414711565
bolsenM6,133,M1,0.0,-0.25199374344587633,-3.366666666666666,-0.492219650205683,0.8483789362677834,1.7972045700546562
bolsenM6,134,M1,0.0,-0.25199374344587633,-1.633333333333331,-0.6828849106643498,0.41158978096159743,1.197874850609712
bolsenM6,126,M2,1.5203163525586343,-0.24334960641138992,-8.56666666666667,0.5224596747476662,3.605011314149542,9.502124609579193
bolsenM6,127,M2,1.5203163525586343,-0.24334960641138992,-16.8,7.400708201741835,5.608589740269985,3.211688579948229
bolsenM6,128,M2,1.5203163525586343,-0.24334960641138992,-15.6,1.5754915836720065,5.316570212576317,13.995669307644558
bolsenM6,129,M2,1.5203163525586343,-0.24334960641138992,-5.1000000000000005,0.320132542354834,2.7613993452567227,5.959783602950809
bolsenM6,130,M2,1.5203163525586343,-0.24334960641138992,-6.8666666666666645,3.1596387151943297,3.1913169832501778,0.0010035126670181634
bolsenM6,131,M2,1.5203163525586343,-0.24334960641138992,-7.000000000000014,-2.114468446126672,3.223763597438367,28.496721350944576
bolsenM6,132,M2,1.5203163525586343,-0.24334960641138992,1.7000000000000053,-0.4857485326235089,1.1066220216592701,2.535643982146845
bolsenM6,133,M2,1.5203163525586343,-0.24334960641138992,-3.366666666666666,-0.492219650205683,2.3395933608103134,8.019164929359484
bolsenM6,134,M2,1.5203163525586343,-0.24334960641138992,-1.633333333333331,-0.6828849106643498,1.917787376363904,6.763496344516769
bucci1408,135,M0,0.0,1.0,22.589999999999996,2.558067936223201,22.589999999999996,401.2783022077689
bucci1408,135,M1,0.0,-0.2709303108680051,22.589999999999996,2.558067936223201,-6.120315722508234,75.31434292813682
bucci1408,135,M2,1.1795982498039757,-0.26032160920545977,22.589999999999996,2.558067936223201,-4.70106690214736,52.6950386016452
